017000008001010040000342        .005    
017000056001010040000342        .008    
017030099001010040000342        .007    
017193043001010040000342         .03    
017390151001010040000342        .009    
017390152001010040000342        .015    
017390165001010040000342        .012    
017390166001010040000342        .005    
017390185001010040000342        .003    
017390186001010040000342        .022    
017390195001010040000342        .002    
017390201001010040000342         .01    
017390206001010040000342        .011    
017490204001010040000342        .003    
017490316001010040000342        .027    
017490352011010040000342        .304    
017490353001010040000342        .059    
017490417001010040000342        .021    
017490464011010040000342         .49    
017490483001010040000342        .002    
017490531001010040000342        .005    
017490546001010040000342        .005    
017490705001010040000342        .006    
017495013001010040000342        .186    
017495063001010040000342        .255    
017495132001010040000342        .265    
017495157001010040000342        .002    
017495162001010040000342        .196    
017690226001010040000342        .004    
017690411001010040000342        .003    
017690445001010040000342        .024    
017690487001010040000342        .004    
062650382001010040000342           1    
062650839021010040000342           5    
062650947011010040000342           5    
062660146001010040000342           1    
062710136001010040000342          .2    
062710303011010040000342          .1    
062710322001010040000342          .2    
062830083001010040000342          .1    
072710137001010040000342           5    
072750011001010040000342         .14    
078670608001010040000342        .196    
078720001001010040000342         100    
017690622001012707431242         .01    
017691390001012707431242         .03    
062650382001012707431242         .12    
062650387001012707431242        .015    
062650388001012707431242        .015    
062650389001012707431242        .015    
062650456001012707431242        .015    
062650801011012707431242         .12    
062650802001012707431242         .03    
062650811001012707431242         .03    
062650839021012707431242         .12    
062650946001012707431242        .015    
062650947011012707431242         .12    
062650968011012707431242        .015    
062660146001012707431242         .03    
062660219001012707431242        .015    
062710136001012707431242         .03    
062710224001012707431242         .03    
062710303011012707431242         .03    
062710322001012707431242         .03    
062830083001012707431242         .03    
072710137001012707431242         .15    
072710161001012707431242         .03    
072720293001012707431242         .03    
072750011001012707431242        .015    
078670494001012707431242        .015    
078670495001012707431242        .015    
078670608001012707431242         .03    
078670611001012707431242        .015    
078720001001012707431242          .5    
078740003001012707431242         .03    
079670192001012707431242        .015    
079710015001012707431242        .015    
079710292001012707431242        .015    
079710609001012707431242         .12    
079710808001012707431242         .03    
079710883001012707431242        .015    
017691390001012760130042          .3    
062650382001012760130042          .2    
062650839021012760130042          .4    
062650947011012760130042          .4    
062660146001012760130042         .15    
062710322001012760130042         .05    
721101601791012760130042        .005    
017193119001012760140042         .05    
017690622001012760140042         .15    
017691390001012760140042          .1    
062650382001012760140042          .3    
062650839021012760140042          .5    
062650947011012760140042          .5    
062660146001012760140042          .2    
721101601791012760140042        .005    
017691390001012760150042         .16    
062650839021012760150042          .3    
062650947011012760150042          .3    
072750011001012760230042         .04    
078670608001012760230042         .04    
079260239001012760230042        .005    
079710609001012760230042         .08    
721500300791012760230042        .005    
072750011001012760240042         .03    
078670608001012760240042         .03    
079260239001012760240042        .005    
079710609001012760240042         .06    
721500300791012760240042        .005    
072710137001012760250042          .2    
078720001001012760250042           3    
078720001001012760280042         1.5    
017193043001012772015042       .0025    
017390151001012772015042        .001    
017390152001012772015042        .001    
017390186001012772015042       .0005    
017390186001012772020042       .0015    
017390206001012772020042       .0005    
017690445001012772020042        .002    
062010201001012772020042         .01    
062010202001012772020042         .01    
062570036001012772020042         .01    
072720253001012772020042       .0025    
072720254001012772020042       .0025    
017490352011012772115042        .002    
017490464011012772115042        .005    
017490352011012772120042         .01    
017490353001012772120042        .005    
017490464011012772120042        .025    
062650516001012773720042        .015    
072750033001012773720042       .0017    
072750034001012773720042       .0016    
078740001001012773720042       .0095    
079710857001012773720042        .011    
079710859001012773720042       .0095    
079710908001012773720042       .0087    
079710915001012773720042       .0013    
079710958001012773720042       .0017    
062650204001012784620042        .015    
062650305001012784620042        .015    
062650871011012784620042        .005    
062650877001012784620042        .005    
017495063001012809620042        .015    
017495132001012809620042        .015    
017690622001013150600042          .3    
017691390001013150600042          .3    
062650382001013150600042        1.55    
062650387001013150600042        .008    
062650388001013150600042        .015    
062650389001013150600042        .015    
062650456001013150600042        .011    
062650801011013150600042        .458    
062650802001013150600042        .138    
062650811001013150600042        .133    
062650839021013150600042        3.95    
062650946001013150600042        .011    
062650947011013150600042        3.95    
062650968011013150600042        .009    
062660146001013150600042         .35    
062660219001013150600042        .009    
062710136001013150600042        .116    
062710224001013150600042          .7    
062710303011013150600042        .095    
062710322001013150600042         .17    
062830083001013150600042         .02    
072710137001013150600042         3.5    
072710161001013150600042        .411    
072720293001013150600042        .445    
072750011001013150600042        .158    
078670494001013150600042        .058    
078670495001013150600042        .062    
078670608001013150600042        .223    
078670611001013150600042         .11    
078720001001013150600042          14    
078740003001013150600042        .336    
079670192001013150600042        .039    
079710015001013150600042        .029    
079710292001013150600042        .029    
079710609001013150600042       3.494    
079710808001013150600042        .223    
079710883001013150600042        .224    
017690622001013151500042        .965    
017691390001013151500042        .905    
062650382001013151500042         3.1    
062650387001013151500042        .016    
062650388001013151500042        .027    
062650389001013151500042        .027    
062650456001013151500042        .022    
062650801011013151500042        .917    
062650802001013151500042        .276    
062650811001013151500042        .266    
062650839021013151500042        7.91    
062650946001013151500042        .022    
062650947011013151500042        7.91    
062650968011013151500042        .018    
062660146001013151500042        .695    
062660219001013151500042        .018    
062710136001013151500042        .232    
062710224001013151500042        .138    
062710303011013151500042         .19    
062710322001013151500042         .34    
062830083001013151500042        .042    
072710137001013151500042         7.7    
072710161001013151500042        .929    
072720293001013151500042        .847    
072750011001013151500042        .356    
078670494001013151500042        .111    
078670495001013151500042        .117    
078670608001013151500042        .524    
078670611001013151500042        .209    
078720001001013151500042          27    
078740003001013151500042        .758    
079670192001013151500042        .077    
079710015001013151500042        .055    
079710292001013151500042        .055    
079710609001013151500042       7.893    
079710808001013151500042        .597    
079710883001013151500042        .477    
062650946001013155000042       .0012    
017690622001013155500042         .08    
017691390001013155500042         .08    
062650382001013155500042        .175    
062650387001013155500042       .0005    
062650388001013155500042        .001    
062650389001013155500042        .001    
062650456001013155500042        .001    
062650801011013155500042        .045    
062650802001013155500042        .013    
062650811001013155500042        .012    
062650839021013155500042        .527    
062650947011013155500042        .527    
062650968011013155500042       .0007    
062660146001013155500042        .042    
062660219001013155500042       .0007    
062710136001013155500042        .014    
062710224001013155500042        .005    
062710303011013155500042        .014    
062710322001013155500042        .024    
062830083001013155500042        .002    
072710137001013155500042         1.5    
072710161001013155500042        .123    
072720293001013155500042        .185    
072750011001013155500042        .071    
078670494001013155500042        .015    
078670495001013155500042        .023    
078670608001013155500042        .088    
078670611001013155500042        .045    
078720001001013155500042           4    
078740003001013155500042        .008    
079670192001013155500042        .008    
079710015001013155500042        .007    
079710292001013155500042        .005    
079710609001013155500042           1    
079710808001013155500042        .088    
079710883001013155500042         .14    
017690622001013156100042         .05    
017691390001013156100042         .05    
062650382001013156100042        .163    
062650387001013156100042       .0008    
062650388001013156100042        .001    
062650389001013156100042        .001    
062650456001013156100042        .001    
062650801011013156100042        .048    
062650802001013156100042        .014    
062650811001013156100042        .014    
062650839021013156100042        .416    
062650946001013156100042        .001    
062650947011013156100042        .416    
062650968011013156100042        .001    
062660146001013156100042        .037    
062660219001013156100042        .001    
062710136001013156100042        .012    
062710224001013156100042        .007    
062710303011013156100042         .01    
062710322001013156100042        .018    
062830083001013156100042        .002    
072710137001013156100042         1.1    
072710161001013156100042        .133    
072720293001013156100042        .121    
072750011001013156100042        .051    
078670494001013156100042        .016    
078670495001013156100042        .017    
078670608001013156100042        .075    
078670611001013156100042         .03    
078720001001013156100042        3.85    
078740003001013156100042        .108    
079670192001013156100042        .011    
079710015001013156100042        .008    
079710292001013156100042        .008    
079710609001013156100042       1.128    
079710808001013156100042        .077    
079710883001013156100042        .068    
017690622001013157000042        .001    
017691390001013157000042        .019    
062650382001013157000042        .005    
062650839021013157000042         .01    
062650947011013157000042         .01    
062660146001013157000042        .001    
072710137001013157000042         .05    
072750011001013157000042        .005    
078670608001013157000042        .005    
078720001001013157000042         .25    
079710609001013157000042         .02    
062650801011013157200042          .3    
072710137001013157200042          25    
078720001001013157200042           5    
079710609001013157200042          25    
017000015001013280200042        .007    
017000017001013280200042        .007    
017193119001013280200042         .03    
017490178001013280200042        .008    
017490352011013280200042      .00012    
017490443001013280200042        .005    
017490464011013280200042      .00012    
017690473001013280200042        .005    
017790001001013280200042        .005    
017790002001013280200042        .005    
017790006001013280200042        .008    
017495063001013580015342      .00005    
017495132001013580015342      .00005    
072720253001013580018142      .00006    
072720254001013580018142      .00006    
072750033001013580018142       .0002    
072750034001013580018142      .00015    
078740001001013580018142       .0011    
079710857001013580018142       .0012    
079710859001013580018142        .001    
079710908001013580018142        .001    
079710915001013580018142      .00015    
079710958001013580018142       .0002    
017193043001013580020042       .0008    
017390186001013580020042       .0007    
017390206001013580020042       .0006    
017490352011013580020042        .001    
017490353001013580020042        .001    
017490464011013580020042        .001    
017690445001013580020042       .0008    
017690622001013580020042        .001    
017691390001013580020042        .001    
062010201001013580020042      .00035    
062010202001013580020042      .00035    
062570036001013580020042      .00002    
062650204001013580020042       .0002    
062650305001013580020042       .0003    
062650382001013580020042       .0018    
062650516001013580020042       .0001    
062650801011013580020042       .0005    
062650802001013580020042       .0001    
062650811001013580020042       .0001    
062650839021013580020042        .005    
062650871011013580020042      .00004    
062650877001013580020042      .00004    
062650947011013580020042        .005    
062660146001013580020042       .0004    
062710136001013580020042      .00015    
062710224001013580020042      .00005    
062710303011013580020042      .00015    
062710322001013580020042      .00025    
062830083001013580020042      .00002    
072710137001013580020042         .01    
072710161001013580020042       .0009    
072720293001013580020042       .0013    
072730117001013580020042       .0005    
072750011001013580020042       .0005    
078670608001013580020042       .0006    
078670611001013580020042       .0002    
078720001001013580020042         .03    
078740003001013580020042       .0012    
079710439001013580020042        .005    
079710609001013580020042        .013    
079710808001013580020042       .0006    
079710883001013580020042         .01    
724600165001013580020042       .0002    
062650382001013810518142         .05    
062650801011013810518142         .05    
062650839021013810518142         .05    
062650947011013810518142         .05    
062660146001013810518142         .05    
072710137001013810518142          .1    
072710161001013810518142        .005    
078740003001013810518142        .005    
079710439001013810518142          .1    
079710808001013810518142        .005    
062650382001013810521042          .1    
062650801011013810521042         .05    
062650802001013810521042         .05    
062650811001013810521042         .05    
062650839021013810521042         .05    
062650947011013810521042          .2    
062660146001013810521042         .05    
062710136001013810521042         .05    
062710224001013810521042         .02    
062710303011013810521042         .05    
062710322001013810521042         .05    
062830083001013810521042         .01    
072710137001013810521042         .25    
072710161001013810521042        .007    
072720293001013810521042         .01    
072750011001013810521042        .004    
078670608001013810521042        .005    
078670611001013810521042        .002    
078720001001013810521042          .5    
078740003001013810521042        .009    
079710439001013810521042          .1    
079710609001013810521042          .1    
079710808001013810521042        .005    
079710883001013810521042        .008    
017690622001013810618142        .005    
017691390001013810618142        .005    
017000015001014003000142        .005    
017000017001014003000142        .018    
017193119001014003000142        .014    
017490178001014003000142        .005    
017490443001014003000142        .005    
017690473001014003000142        .006    
017790001001014003000142        .015    
017790002001014003000142        .015    
017790006001014003000142        .007    
062650233001014003000142        .007    
062660164001014003000142        .001    
062660221001014003000142        .004    
062660222001014003000142        .006    
062720415001014003000142        .005    
062830062001014003000142        .006    
072730117001014003000142         .04    
072740018001014003000142       .0025    
072740022001014003000142        .001    
072740023001014003000142        .001    
072750023001014003000142        .002    
724600165001014003000142        .026    
017193119001014003200142        .005    
017690622001014003200142        .025    
017691390001014003200142          .2    
062650204001014003200142        .022    
062650305001014003200142        .028    
062650382001014003200142        .036    
062650516001014003200142        .011    
062650801011014003200142        .007    
062650839021014003200142        .108    
062650871011014003200142        .004    
062650877001014003200142        .004    
062650947011014003200142        .108    
062660146001014003200142       .0075    
062710136001014003200142       .0005    
062710303011014003200142      .00036    
062830083001014003200142       .0001    
072710137001014003200142          .2    
072750033001014003200142         .01    
072750034001014003200142       .0009    
078720001001014003200142         1.4    
078740001001014003200142        .055    
079260239001014003200142        .003    
079710813001014003200142        .001    
079710822001014003200142        .001    
079710823001014003200142        .001    
079710857001014003200142         .06    
079710859001014003200142        .054    
079710908001014003200142         .05    
079710915001014003200142        .007    
079710923001014003200142        .002    
079710958001014003200142         .01    
721101601791014003200142        .002    
721500300791014003200142        .003    
017690622001015300000142         .05    
017691390001015300000142         .05    
062650382001015300000142        .025    
062650801011015300000142        .005    
062650802001015300000142        .002    
062650811001015300000142        .002    
062650839021015300000142        .035    
062650947011015300000142        .035    
062660146001015300000142        .005    
062710136001015300000142       .0015    
062710303011015300000142       .0015    
062710322001015300000142        .003    
072710137001015300000142          .1    
072710161001015300000142         .01    
072750011001015300000142         .01    
078670608001015300000142        .008    
078670611001015300000142         .01    
078720001001015300000142         .25    
078740003001015300000142        .006    
079710439001015300000142          .1    
079710609001015300000142        .014    
079710808001015300000142         .01    
079710883001015300000142         .01    
017490352011015380702042      .00024    
017490464011015380702042      .00024    
017490352011015381011142       .0004    
017490464011015381011142       .0006    
017690622001015390705042        .003    
017691390001015390705042        .037    
062650382001015390705042        .006    
062650801011015390705042        .001    
062650839021015390705042        .018    
062650947011015390705042        .018    
062660146001015390705042        .001    
062710136001015390705042        .001    
062710303011015390705042        .001    
062710322001015390705042        .001    
062830083001015390705042        .001    
072710137001015390705042        .212    
072750011001015390705042       .0008    
078670608001015390705042        .001    
078720001001015390705042        .485    
079710609001015390705042         .03    
017000008001015391904042       .0065    
017000056001015391904042       .0075    
017030099001015391904042        .032    
017193043001015391904042        .025    
017390151001015391904042         .01    
017390152001015391904042        .015    
017390165001015391904042         .01    
017390166001015391904042        .005    
017390185001015391904042       .0035    
017390186001015391904042         .02    
017390195001015391904042        .003    
017390201001015391904042         .01    
017390206001015391904042         .01    
017490204001015391904042        .003    
017490316001015391904042         .02    
017490352011015391904042         .32    
017490353001015391904042         .05    
017490417001015391904042         .02    
017490464011015391904042          .5    
017490483001015391904042       .0015    
017490531001015391904042       .0055    
017490546001015391904042        .005    
017490705001015391904042        .005    
017495013001015391904042         .52    
017495063001015391904042        .705    
017495132001015391904042         .73    
017495157001015391904042        .005    
017495162001015391904042        .545    
017690226001015391904042        .003    
017690411001015391904042       .0035    
017690445001015391904042         .02    
017690487001015391904042        .005    
062010201001015391904042        .012    
062010202001015391904042        .012    
062570036001015391904042         .01    
062650204001015391904042        .066    
062650305001015391904042        .121    
062650516001015391904042        .053    
062650871011015391904042        .016    
062650877001015391904042        .017    
062727001001015391904042       .0007    
072720253001015391904042        .018    
072720254001015391904042        .018    
072750033001015391904042        .075    
072750034001015391904042         .07    
078740001001015391904042         .31    
079710813001015391904042        .009    
079710822001015391904042        .007    
079710823001015391904042        .007    
079710857001015391904042        .436    
079710859001015391904042        .393    
079710908001015391904042         .28    
079710915001015391904042        .042    
079710923001015391904042        .016    
079710958001015391904042        .055    
718010306011015391904042       .0016    
078720001001015392600242          13    
005401322001015450110042        .005    
017193119001015450110042         .03    
017690622001015450110042         .09    
017691390001015450110042        1.38    
062650382001015450110042         3.5    
062650839021015450110042       6.838    
062650947011015450110042       6.934    
062660146001015450110042        .022    
062710136001015450110042        .001    
062710322001015450110042        .001    
062830083001015450110042       .0004    
072710137001015450110042           2    
072730117001015450110042        .045    
072750011001015450110042        .048    
078670608001015450110042        .064    
078720001001015450110042           5    
079260239001015450110042        .008    
079710609001015450110042           2    
721101601791015450110042        .006    
721500300791015450110042         .01    
017000008001015460210042        .005    
017000056001015460210042        .008    
017030099001015460210042        .007    
017193043001015460210042         .03    
017390151001015460210042        .009    
017390152001015460210042        .015    
017390165001015460210042        .012    
017390166001015460210042        .005    
017390185001015460210042        .003    
017390186001015460210042        .022    
017390195001015460210042        .002    
017390201001015460210042         .01    
017390206001015460210042        .011    
017490204001015460210042        .003    
017490316001015460210042        .027    
017490352011015460210042        .303    
017490353001015460210042        .059    
017490417001015460210042        .002    
017490464011015460210042         .49    
017490483001015460210042        .002    
017490531001015460210042        .005    
017490546001015460210042        .005    
017490705001015460210042        .006    
017495013001015460210042        .186    
017495063001015460210042        .255    
017495132001015460210042        .267    
017495157001015460210042        .002    
017495162001015460210042        .196    
017690226001015460210042        .004    
017690411001015460210042        .003    
017690445001015460210042        .024    
017690487001015460210042        .004    
062010201001015460210042        .045    
062010202001015460210042        .045    
062570036001015460210042        .035    
062650204001015460210042         .28    
062650305001015460210042        .355    
062650516001015460210042         .14    
062650871011015460210042        .055    
062650877001015460210042        .065    
062727001001015460210042       .0025    
072720253001015460210042        .013    
072720254001015460210042        .013    
072750033001015460210042        .035    
072750034001015460210042        .033    
078740001001015460210042        .202    
079710813001015460210042        .006    
079710822001015460210042        .004    
079710823001015460210042        .004    
079710857001015460210042        .228    
079710859001015460210042        .206    
079710908001015460210042        .184    
079710915001015460210042        .028    
079710923001015460210042        .009    
079710958001015460210042        .037    
718010306011015460210042        .005    
017193043001015460640033        .317    
017193119001015460640033         .01    
017390151001015460640033        .238    
017390152001015460640033        .317    
017390186001015460640033        .277    
017390206001015460640033        .238    
017490178001015460640033        .001    
017490352011015460640033        .396    
017490353001015460640033        .396    
017490443001015460640033        .002    
017490464011015460640033        .396    
017495063001015460640033         .02    
017495132001015460640033         .02    
017690445001015460640033        .317    
017690473001015460640033       .0015    
017690622001015460640033        .396    
017691390001015460640033        .396    
017790001001015460640033        .002    
017790002001015460640033        .002    
017790006001015460640033        .003    
062010201001015460640033        .025    
062010202001015460640033        .025    
062570036001015460640042         .02    
062650204001015460640033         .15    
062650305001015460640033         .18    
062650382001015460640033        .795    
062650516001015460640033        .075    
062650801011015460640033        .208    
062650802001015460640033        .058    
062650811001015460640033        .054    
062650839021015460640033       2.332    
062650871011015460640033        .025    
062650877001015460640033        .028    
062650947011015460640033       2.415    
062660146001015460640033         .19    
062660164001015460640033        .018    
062710136001015460640033        .067    
062710224001015460640033        .022    
062710303011015460640033        .067    
062710322001015460640033        .108    
062720415001015460640033        .083    
062830062001015460640033        .083    
062830083001015460640033        .009    
072710137001015460640033         3.2    
072710161001015460640033        .106    
072720253001015460640033        .022    
072720254001015460640033        .022    
072720293001015460640033        .159    
072730117001015460640033        .056    
072750011001015460640033        .061    
072750033001015460640033        .059    
072750034001015460640033        .055    
078670608001015460640033        .075    
078670611001015460640033        .039    
078720001001015460640033         6.3    
078740001001015460640033         .34    
078740003001015460640033         .14    
079710292001015460640033        .007    
079710439001015460640033          .2    
079710609001015460640033       1.538    
079710808001015460640033        .075    
079710857001015460640033        .383    
079710859001015460640033        .346    
079710883001015460640033         .12    
079710908001015460640033        .309    
079710915001015460640033        .047    
079710958001015460640033        .061    
724600165001015460640033        .031    
072710137001015461600342         1.2    
072710161001015461600342        .145    
072720293001015461600342        .102    
072750011001015461600342        .043    
078670494001015461600342        .013    
078670495001015461600342        .014    
078670608001015461600342        .063    
078670611001015461600342        .025    
078720001001015461600342         4.2    
078740003001015461600342        .092    
079670192001015461600342        .009    
079710015001015461600342        .007    
079710609001015461600342        1.23    
079710808001015461600342        .065    
079710883001015461600342        .057    
017193119001015464100042          .4    
017691390001015464100042           2    
072710137001015464100042           2    
072730117001015464100042        .039    
072750011001015464100042        .042    
078670608001015464100042        .055    
078720001001015464100042       122.5    
079710609001015464100042         .35    
062650382001015464110042           4    
062650839021015464110042           8    
062650947011015464110042           8    
062660146001015464110042        .025    
062710136001015464110042        .002    
062710303011015464110042        .001    
062710322001015464110042        .002    
062830083001015464110042       .0004    
017495063001015468400042         1.2    
017495132001015468400042         1.3    
062650801011015468400042          .1    
072710137001015468400042          14    
078720001001015468400042           3    
079710609001015468400042          14    
017193119001015470210042       .0005    
017690622001015470210042        .005    
017691390001015470210042         .06    
062650382001015470210042        .015    
062650387001015470210042      .00006    
062650388001015470210042       .0001    
062650389001015470210042       .0001    
062650456001015470210042      .00008    
062650801011015470210042        .003    
062650802001015470210042       .0009    
062650811001015470210042       .0009    
062650839021015470210042        .045    
062650946001015470210042       .0001    
062650947011015470210042        .045    
062650968011015470210042      .00006    
062660146001015470210042        .005    
062660219001015470210042      .00006    
062710136001015470210042        .001    
062710224001015470210042       .0005    
062710303011015470210042        .001    
062710322001015470210042        .001    
062830083001015470210042       .0002    
072710137001015470210042           2    
072710161001015470210042        .005    
072720293001015470210042        .008    
072750011001015470210042        .005    
078670494001015470210042       .0006    
078670495001015470210042       .0009    
078670608001015470210042       .0078    
078670611001015470210042        .002    
078720001001015470210042          .5    
078740003001015470210042        .007    
079670192001015470210042       .0003    
079710015001015470210042       .0003    
079710292001015470210042       .0002    
079710609001015470210042           2    
079710808001015470210042        .004    
079710883001015470210042        .006    
017000008001015471100042         .03    
017000056001015471100042        .033    
017030099001015471100042        .032    
017193043001015471100042        .035    
017390151001015471100042        .032    
017390152001015471100042        .032    
017390165001015471100042        .032    
017390166001015471100042        .032    
017390185001015471100042         .03    
017390186001015471100042        .032    
017390195001015471100042        .032    
017390201001015471100042         .03    
017390206001015471100042         .03    
017490204001015471100042         .03    
017490316001015471100042         .03    
017490352011015471100042         .05    
017490353001015471100042        .035    
017490417001015471100042         .03    
017490464011015471100042         .06    
017490483001015471100042         .03    
017490531001015471100042         .03    
017490546001015471100042        .031    
017490705001015471100042        .032    
017495013001015471100042         .05    
017495063001015471100042         .09    
017495132001015471100042         .09    
017495157001015471100042         .03    
017495162001015471100042         .05    
017690226001015471100042         .03    
017690411001015471100042         .03    
017690445001015471100042         .03    
017690487001015471100042         .03    
062010201001015471100042       .0005    
062010202001015471100042       .0005    
062570036001015471100042       .0005    
062650204001015471100042        .002    
062650305001015471100042        .005    
062650516001015471100042       .0015    
062650871011015471100042       .0005    
062650877001015471100042       .0005    
062727001001015471100042       .0005    
718010306011015471100042      .00005    
072720253001015471110042       .0105    
072720254001015471110042       .0105    
072750033001015471110042       .0115    
072750034001015471110042       .0113    
078740001001015471110042        .016    
079710813001015471110042       .0103    
079710822001015471110042       .0102    
079710823001015471110042       .0102    
079710857001015471110042        .018    
079710859001015471110042        .018    
079710908001015471110042        .015    
079710915001015471110042        .011    
079710923001015471110042       .0105    
079710958001015471110042       .0113    
017490352011015475800142       .0003    
017490464011015475800142       .0003    
005401322001015480140042        .001    
017690622001015480140042          .2    
017691390001015480140042         1.4    
062650382001015480140042         3.9    
062650387001015480140042        .001    
062650388001015480140042        .003    
062650389001015480140042        .003    
062650456001015480140042        .005    
062650801011015480140042         .12    
062650802001015480140042        .015    
062650811001015480140042        .015    
062650839021015480140042        7.72    
062650946001015480140042       .0015    
062650947011015480140042       7.823    
062650968011015480140042       .0015    
062660146001015480140042        .044    
062660219001015480140042       .0015    
062710136001015480140042        .017    
062710224001015480140042        .005    
062710303011015480140042        .015    
062710322001015480140042        .027    
062830083001015480140042       .0054    
072710137001015480140042           5    
072710161001015480140042        .036    
072720293001015480140042        .054    
072730117001015480140042        .049    
072750011001015480140042        .071    
078670494001015480140042        .004    
078670495001015480140042        .007    
078670608001015480140042        .095    
078670611001015480140042        .013    
078720001001015480140042         100    
078740003001015480140042        .047    
079670192001015480140042        .002    
079710015001015480140042        .002    
079710292001015480140042       .0015    
079710609001015480140042       1.055    
079710808001015480140042        .026    
079710883001015480140042        .041    
017495063001015480200042         .08    
017495132001015480200042         .09    
005401322001015482900042        .002    
017000015001015482900042         .06    
017000017001015482900042        .025    
017193119001015482900042        .165    
017490178001015482900042        .005    
017490443001015482900042         .01    
017690473001015482900042        .005    
017690622001015482900042        .308    
017691390001015482900042        4.36    
017790001001015482900042         .02    
017790002001015482900042        .002    
017790006001015482900042        .025    
062650233001015482900042        .021    
062650382001015482900042          12    
062650387001015482900042       .0008    
062650388001015482900042        .001    
062650389001015482900042        .001    
062650456001015482900042        .001    
062650802001015482900042         .01    
062650811001015482900042        .009    
062650839021015482900042          24    
062650946001015482900042        .001    
062650947011015482900042          24    
062650968011015482900042       .0009    
062660146001015482900042          .1    
062660164001015482900042       .0035    
062660219001015482900042       .0009    
062660221001015482900042        .011    
062660222001015482900042        .018    
062710136001015482900042        .013    
062710224001015482900042        .007    
062710303011015482900042        .006    
062710322001015482900042        .017    
062720415001015482900042        .015    
062830062001015482900042        .018    
062830083001015482900042        .003    
072710137001015482900042           4    
072710161001015482900042        .094    
072720293001015482900042        .096    
072730117001015482900042         .14    
072740018001015482900042        .094    
072740022001015482900042        .004    
072740023001015482900042        .005    
072750011001015482900042        .188    
072750023001015482900042       .0084    
078670494001015482900042        .014    
078670495001015482900042        .014    
078670608001015482900042         .25    
078670611001015482900042        .024    
078720001001015482900042         170    
078740003001015482900042        .071    
079260239001015482900042        .024    
079670192001015482900042        .014    
079710015001015482900042       .0064    
079710292001015482900042        .007    
079710609001015482900042           5    
079710808001015482900042        .048    
079710883001015482900042        .045    
721101601791015482900042        .015    
721500300791015482900042        .027    
724600165001015482900042        .108    
017490464011015485710042        .015    
017000015001015490810042        .005    
017000017001015490810042        .003    
017193119001015490810042        .015    
017490178001015490810042        .002    
017490443001015490810042        .004    
017690473001015490810042        .003    
017790001001015490810042        .003    
017790002001015490810042        .003    
017790006001015490810042        .004    
062650233001015490810042        .019    
062660164001015490810042        .003    
062660221001015490810042         .01    
062660222001015490810042        .017    
062720415001015490810042        .014    
062830062001015490810042        .017    
072730117001015490810042        .026    
072740018001015490810042        .004    
072740022001015490810042        .002    
072740023001015490810042        .002    
072750023001015490810042        .004    
724600165001015490810042        .023    
017490352011015520100042        .015    
017490464011015520100042        .015    
017690622001015520100042        .025    
017691390001015520100042        .025    
062650382001015520100042        .012    
062650801011015520100042        .003    
062650802001015520100042        .001    
062650811001015520100042        .002    
062650839021015520100042         .04    
062650947011015520100042         .04    
062660146001015520100042        .003    
062710006001015520100042        .004    
062710008001015520100042        .002    
062710099001015520100042        .001    
062710101001015520100042        .003    
062710105001015520100042        .003    
062710106001015520100042       .0022    
062710136001015520100042        .001    
062710172001015520100042        .001    
062710173001015520100042        .001    
062710303011015520100042        .001    
062710322001015520100042       .0015    
072710137001015520100042         .05    
072710161001015520100042        .005    
072750011001015520100042        .005    
078670577001015520100042        .002    
078670578001015520100042        .002    
078670579001015520100042        .003    
078670608001015520100042        .004    
078670611001015520100042        .005    
078720001001015520100042        .125    
078740003001015520100042        .006    
079670138001015520100042         .01    
079710439001015520100042         .05    
079710609001015520100042        .007    
079710808001015520100042        .005    
079710883001015520100042        .005    
017000015001015540000142        .005    
017000017001015540000142        .003    
017193119001015540000142        .015    
017490178001015540000142        .002    
017490443001015540000142        .004    
017690473001015540000142        .003    
017790001001015540000142        .003    
017790002001015540000142        .003    
017790006001015540000142        .004    
062650233001015540000142        .095    
062660164001015540000142        .003    
062660221001015540000142         .05    
062660222001015540000142        .085    
062720415001015540000142        .014    
062830062001015540000142        .017    
072730117001015540000142        .026    
072740018001015540000142        .004    
072740022001015540000142        .002    
072740023001015540000142        .002    
072750023001015540000142        .004    
724600165001015540000142        .023    
017000015001015540510042         .05    
017000017001015540510042        .015    
017193119001015540510042         .04    
017490178001015540510042        .005    
017490443001015540510042         .01    
017690473001015540510042        .008    
017790001001015540510042         .01    
017790002001015540510042         .01    
017790006001015540510042        .015    
062650233001015540510042        .056    
062660164001015540510042         .01    
062660221001015540510042         .03    
062660222001015540510042        .051    
062720415001015540510042        .042    
062830062001015540510042        .052    
072730117001015540510042        .079    
072740018001015540510042        .012    
072740022001015540510042        .006    
072740023001015540510042        .006    
072750023001015540510042        .012    
724600165001015540510042        .064    
017000015001015540600042        .004    
017000017001015540600042        .001    
062650233001015540600042        .007    
062660221001015540600042        .003    
062660222001015540600042        .006    
072730117001015540600042        .003    
072740018001015540600042        .001    
072740022001015540600042       .0005    
072740023001015540600042       .0005    
072750023001015540600042        .001    
724600165001015540600042         .01    
017495063001015580010042         .02    
017495132001015580010042         .02    
017690622001015581000142        .015    
017691390001015581000142        .015    
062650382001015581000142        .008    
062650801011015581000142       .0002    
062650802001015581000142       .0005    
062650811001015581000142       .0005    
062650839021015581000142        .009    
062650947011015581000142        .009    
062660146001015581000142        .002    
062710136001015581000142       .0005    
062710303011015581000142       .0005    
062710322001015581000142       .0008    
072710137001015581000142         .01    
072710161001015581000142        .001    
072750011001015581000142        .001    
078670608001015581000142       .0008    
078670611001015581000142        .001    
078720001001015581000142        .025    
078740003001015581000142       .0006    
079710439001015581000142         .01    
079710609001015581000142       .0014    
079710808001015581000142        .001    
079710883001015581000142        .001    
017490464011015602500242        .005    
017193119001015615600042        .005    
017690622001015615600042        .005    
017691390001015615600042        .025    
062650382001015615600042         .05    
062650801011015615600042         .02    
062650839021015615600042          .1    
062650947011015615600042          .1    
062660146001015615600042         .01    
062710136001015615600042        .005    
062710303011015615600042        .005    
062710322001015615600042        .005    
062830083001015615600042        .005    
072710137001015615600042        .035    
072750011001015615600042        .004    
078670608001015615600042        .005    
078720001001015615600042         .19    
079710609001015615600042        .075    
017000008001015710500042        .002    
017000056001015710500042        .002    
017030099001015710500042        .002    
017193043001015710500042        .002    
017390151001015710500042        .002    
017390152001015710500042        .002    
017390165001015710500042        .002    
017390166001015710500042        .002    
017390185001015710500042        .002    
017390186001015710500042        .002    
017390195001015710500042        .002    
017390201001015710500042        .002    
017390206001015710500042        .002    
017490204001015710500042        .002    
017490316001015710500042        .002    
017490352011015710500042        .004    
017490353001015710500042        .004    
017490417001015710500042        .002    
017490464011015710500042        .004    
017490483001015710500042        .002    
017490531001015710500042        .002    
017490546001015710500042        .002    
017490705001015710500042        .002    
017495013001015710500042        .004    
017495063001015710500042        .004    
017495132001015710500042        .004    
017495157001015710500042        .002    
017495162001015710500042        .004    
017690226001015710500042        .002    
017690411001015710500042        .002    
017690445001015710500042        .002    
017690487001015710500042        .002    
062010201001015710500042        .005    
062010202001015710500042        .005    
062570036001015710500042        .005    
062650204001015710500042         .01    
062650305001015710500042         .01    
062650382001015710500042        .035    
062650516001015710500042         .01    
062650801011015710500042        .035    
062650839021015710500042        .053    
062650871011015710500042        .005    
062650877001015710500042        .005    
062650947011015710500042        .053    
062727001001015710500042        .005    
072710137001015710500042          .1    
072720253001015710500042         .01    
072720254001015710500042         .01    
072750033001015710500042         .01    
072750034001015710500042         .01    
078720001001015710500042          .3    
078740001001015710500042         .01    
079710813001015710500042        .005    
079710822001015710500042        .005    
079710823001015710500042        .005    
079710857001015710500042         .01    
079710859001015710500042         .01    
079710908001015710500042         .01    
079710915001015710500042        .001    
079710923001015710500042        .005    
079710958001015710500042         .01    
718010306011015710500042        .002    
017490352011015720500142         .01    
017490464011015720500142         .01    
017691390001015720500142         .08    
062650382001015720500142         .03    
062650801011015720500142         .01    
062650839021015720500142         .05    
062650947011015720500142         .05    
072710137001015720500142          .1    
078720001001015720500142          .3    
078740003001015720500142        .005    
079710439001015720500142         .03    
079710609001015720500142         .01    
017000008001015736300042        .002    
017000056001015736300042        .002    
017030099001015736300042        .002    
017193043001015736300042        .002    
017390151001015736300042        .002    
017390152001015736300042        .002    
017390165001015736300042        .002    
017390166001015736300042        .002    
017390185001015736300042        .002    
017390186001015736300042        .002    
017390195001015736300042        .002    
017390201001015736300042        .002    
017390206001015736300042        .002    
017490204001015736300042        .002    
017490316001015736300042        .002    
017490352011015736300042        .005    
017490353001015736300042         .01    
017490417001015736300042        .002    
017490464011015736300042        .005    
017490483001015736300042        .002    
017490531001015736300042        .002    
017490546001015736300042        .002    
017490705001015736300042        .002    
017495013001015736300042         .02    
017495063001015736300042         .02    
017495132001015736300042         .02    
017495157001015736300042        .002    
017495162001015736300042         .02    
017690226001015736300042        .002    
017690411001015736300042        .002    
017690445001015736300042        .002    
017690487001015736300042        .002    
062010201001015736300042        .005    
062010202001015736300042        .005    
062570036001015736300042        .003    
062650204001015736300042        .024    
062650305001015736300042        .031    
062650516001015736300042        .012    
062650871011015736300042        .005    
062650877001015736300042        .005    
062727001001015736300042        .003    
072720253001015736300042        .005    
072720254001015736300042        .005    
072750033001015736300042         .01    
072750034001015736300042         .01    
078740001001015736300042         .01    
079710813001015736300042        .005    
079710822001015736300042        .005    
079710823001015736300042        .005    
079710857001015736300042         .01    
079710859001015736300042         .01    
079710908001015736300042         .01    
079710915001015736300042        .001    
079710923001015736300042        .005    
079710958001015736300042         .01    
718010306011015736300042        .002    
017000008001015760100042        .003    
017000056001015760100042        .005    
017030099001015760100042        .003    
017193043001015760100042         .02    
017390151001015760100042        .005    
017390152001015760100042         .01    
017390165001015760100042        .006    
017390166001015760100042        .003    
017390185001015760100042        .001    
017390186001015760100042         .02    
017390195001015760100042        .001    
017390201001015760100042        .005    
017390206001015760100042        .005    
017490204001015760100042        .002    
017490316001015760100042         .02    
017490352011015760100042         .16    
017490353001015760100042         .04    
017490417001015760100042         .02    
017490464011015760100042         .25    
017490483001015760100042        .001    
017490531001015760100042        .003    
017490546001015760100042        .003    
017490705001015760100042        .003    
017495013001015760100042        .095    
017495063001015760100042          .3    
017495132001015760100042         .35    
017495157001015760100042        .002    
017495162001015760100042          .1    
017690226001015760100042        .002    
017690411001015760100042        .001    
017690445001015760100042        .025    
017690487001015760100042        .003    
062010201001015760100042        .008    
062010202001015760100042        .008    
062570036001015760100042        .006    
062650204001015760100042        .045    
062650305001015760100042        .057    
062650516001015760100042        .025    
062650871011015760100042         .01    
062650877001015760100042        .011    
062727001001015760100042       .0005    
072720253001015760100042        .009    
072720254001015760100042        .009    
072750033001015760100042        .022    
072750034001015760100042         .02    
078740001001015760100042        .102    
079710813001015760100042        .004    
079710822001015760100042        .002    
079710823001015760100042        .002    
079710857001015760100042        .115    
079710859001015760100042        .104    
079710908001015760100042        .093    
079710915001015760100042        .017    
079710923001015760100042        .006    
079710958001015760100042        .023    
718010306011015760100042        .001    
017691390001015781300042        .065    
062650382001015781300042         .13    
062650801011015781300042         .13    
062650839021015781300042        .195    
062650947011015781300042        .195    
072710137001015781300042          .3    
078670608001015781300042        .011    
078720001001015781300042         1.3    
079710609001015781300042         .24    
017495013001015805700142        .015    
017495063001015805700142        .015    
017495132001015805700142        .015    
017495162001015805700142        .015    
062650233001015809000142        .095    
062660164001015809000142        .017    
062660221001015809000142         .05    
062660222001015809000142        .085    
062720415001015809000142         .07    
062830062001015809000142        .086    
017000015001015809000342         .15    
017000017001015809000342         .05    
017193119001015809000342         .15    
017490178001015809000342        .025    
017490443001015809000342        .045    
017690473001015809000342        .025    
017790001001015809000342         .04    
017790002001015809000342        .025    
017790006001015809000342        .045    
072730117001015809000342        .132    
072740018001015809000342        .018    
072740022001015809000342        .008    
072740023001015809000342        .008    
072750023001015809000342        .018    
724600165001015809000342         .14    
017691390001015809300042         .05    
062650382001015809300042          .1    
062650801011015809300042          .1    
062650839021015809300042         .15    
062650947011015809300042         .15    
072710137001015809300042          .3    
078670608001015809300042         .01    
078720001001015809300042           1    
079710609001015809300042        .225    
017000008001015809500042        .003    
017000056001015809500042        .005    
017030099001015809500042        .003    
017193043001015809500042         .02    
017390151001015809500042        .005    
017390152001015809500042         .01    
017390165001015809500042        .006    
017390166001015809500042        .003    
017390185001015809500042        .001    
017390186001015809500042         .02    
017390195001015809500042        .001    
017390201001015809500042        .005    
017390206001015809500042        .005    
017490204001015809500042        .002    
017490316001015809500042         .02    
017490352011015809500042         .16    
017490353001015809500042         .04    
017490417001015809500042         .02    
017490464011015809500042         .25    
017490483001015809500042        .001    
017490531001015809500042        .003    
017490546001015809500042        .003    
017490705001015809500042        .003    
017495013001015809500042        .095    
017495063001015809500042         .08    
017495132001015809500042         .09    
017495157001015809500042        .002    
017495162001015809500042          .1    
017690226001015809500042        .002    
017690411001015809500042        .001    
017690445001015809500042        .025    
017690487001015809500042        .003    
062010201001015809500042        .008    
062010202001015809500042        .008    
062570036001015809500042        .006    
062650204001015809500042        .045    
062650305001015809500042        .057    
062650516001015809500042        .025    
062650871011015809500042         .01    
062650877001015809500042        .011    
062727001001015809500042       .0005    
072720253001015809500042        .009    
072720254001015809500042        .009    
072750033001015809500042        .022    
072750034001015809500042         .02    
078740001001015809500042        .102    
079710813001015809500042        .004    
079710822001015809500042        .002    
079710823001015809500042        .002    
079710857001015809500042        .115    
079710859001015809500042        .104    
079710908001015809500042        .093    
079710915001015809500042        .017    
079710923001015809500042        .006    
079710958001015809500042        .023    
718010306011015809500042        .001    
062710006001015809600142       .0004    
062710008001015809600142      .00015    
062710099001015809600142       .0001    
062710101001015809600142      .00028    
062710105001015809600142      .00028    
062710106001015809600142       .0002    
062710172001015809600142      .00012    
062710173001015809600142      .00012    
078670577001015809600142       .0002    
078670578001015809600142       .0002    
078670579001015809600142       .0003    
079670138001015809600142        .001    
062650382001016101900042         .05    
062650801011016101900042          10    
062650839021016101900042           1    
062650947011016101900042           1    
062660146001016101900042          .2    
062710136001016101900042         .05    
062710303011016101900042         .05    
062710322001016101900042         .05    
062830083001016101900042         .05    
072710137001016101900042          60    
072710161001016101900042         .05    
072720293001016101900042         .05    
072730117001016101900042           3    
072750011001016101900042          .1    
078670494001016101900042         .05    
078670495001016101900042         .05    
078670608001016101900042          .1    
078670611001016101900042         .05    
078720001001016101900042          15    
078740003001016101900042         .05    
079670192001016101900042         .05    
079710015001016101900042         .05    
079710292001016101900042         .05    
079710609001016101900042          60    
079710808001016101900042         .05    
079710883001016101900042         .05    
017000008001016102000042         .05    
017000056001016102000042         .07    
017030099001016102000042         .06    
017193043001016102000042         .25    
017390151001016102000042         .07    
017390152001016102000042         .12    
017390165001016102000042        .165    
017390166001016102000042         .05    
017390185001016102000042         .03    
017390186001016102000042         .18    
017390195001016102000042         .02    
017390201001016102000042         .08    
017390206001016102000042         .07    
017490204001016102000042         .03    
017490316001016102000042          .2    
017490352011016102000042         2.5    
017490353001016102000042         .45    
017490417001016102000042         .02    
017490464011016102000042           4    
017490483001016102000042         .02    
017490531001016102000042         .05    
017490546001016102000042         .05    
017490705001016102000042         .05    
017690226001016102000042         .03    
017690411001016102000042         .03    
017690445001016102000042          .2    
017690487001016102000042         .05    
062010201001016102000042         .12    
062010202001016102000042         .12    
062570036001016102000042         .09    
062650204001016102000042        .615    
062650516001016102000042         .33    
062650871011016102000042         .14    
062650877001016102000042         .15    
062727001001016102000042        .007    
072720253001016102000042        .041    
072720254001016102000042        .041    
072750033001016102000042        .102    
072750034001016102000042        .096    
078740001001016102000042         .84    
079710813001016102000042        .068    
079710822001016102000042        .036    
079710823001016102000042        .036    
079710908001016102000042        .735    
079710915001016102000042         .14    
079710923001016102000042        .088    
079710958001016102000042         .36    
718010306011016102000042        .015    
005401322001016102200042         .05    
017193119001016102200042           2    
017690622001016102200042           7    
017691390001016102200042         114    
062650382001016102200042         276    
062650801011016102200042          10    
062650839021016102200042         541    
062650947011016102200042         548    
062660146001016102200042         1.7    
062710136001016102200042         .11    
062710322001016102200042         .11    
062830083001016102200042         .03    
072710137001016102200042          75    
072730117001016102200042         3.5    
072750011001016102200042         3.6    
078670608001016102200042         5.4    
078720001001016102200042        3000    
079260239001016102200042        .588    
079710609001016102200042          75    
721101601791016102200042         .38    
721500300791016102200042        .667    
017000008001016103200542         .02    
017000056001016103200542         .03    
017030099001016103200542         .03    
017193043001016103200542         .13    
017390151001016103200542         .05    
017390152001016103200542         .06    
017390165001016103200542         .06    
017390166001016103200542         .02    
017390185001016103200542         .01    
017390186001016103200542          .1    
017390195001016103200542         .01    
017390201001016103200542         .04    
017390206001016103200542         .04    
017490204001016103200542         .02    
017490316001016103200542         .09    
017490352011016103200542         .15    
017490353001016103200542          .2    
017490417001016103200542         .08    
017490464011016103200542         2.2    
017490483001016103200542         .01    
017490531001016103200542         .02    
017490546001016103200542         .02    
017490705001016103200542         .03    
017690226001016103200542         .02    
017690411001016103200542         .01    
017690445001016103200542          .1    
017690487001016103200542         .02    
062010201001016103200542        .066    
062010202001016103200542        .066    
062570036001016103200542         .05    
062650204001016103200542        .353    
062650305001016103200542         .45    
062650516001016103200542          .2    
062650871011016103200542        .085    
062650877001016103200542         .09    
062727001001016103200542        .005    
072720253001016103200542        .075    
072720254001016103200542        .075    
072750033001016103200542        .208    
072750034001016103200542        .195    
078740001001016103200542         .95    
079710813001016103200542        .026    
079710822001016103200542        .018    
079710823001016103200542        .018    
079710857001016103200542       1.228    
079710859001016103200542        .966    
079710908001016103200542        .864    
079710915001016103200542         .12    
079710923001016103200542        .042    
079710958001016103200542        .156    
718010306011016103200542        .008    
017690622001016104500042        .025    
079710292001016104500042        .008    
079710808001016104500042        .055    
062650233001016104500542        .009    
062650387001016104500542        .001    
062650388001016104500542        .001    
062650389001016104500542        .001    
062650456001016104500542        .001    
062650802001016104500542        .011    
062650811001016104500542        .011    
062650946001016104500542        .001    
062650968011016104500542        .001    
062660146001016104500542        .028    
062660164001016104500542        .002    
062660219001016104500542        .001    
062660221001016104500542        .004    
062660222001016104500542        .007    
062710136001016104500542        .009    
062710224001016104500542        .008    
062710303011016104500542        .008    
062710322001016104500542        .015    
062720415001016104500542        .005    
062830062001016104500542        .007    
062830083001016104500542        .002    
072710161001016104500542        .107    
072720293001016104500542         .11    
072750011001016104500542        .038    
078670494001016104500542        .016    
078670495001016104500542        .015    
078670608001016104500542        .056    
078670611001016104500542        .027    
078740003001016104500542         .08    
079670192001016104500542         .01    
079710015001016104500542        .007    
079710883001016104500542        .049    
017000015001016105300042         .04    
017000017001016105300042        .015    
017193119001016105300042        .058    
017490178001016105300042        .003    
017490443001016105300042        .006    
017690473001016105300042        .002    
017690622001016105300042        .022    
017691390001016105300042        .284    
017790001001016105300042        .012    
017790002001016105300042        .012    
017790006001016105300042        .014    
062650233001016105300042        .012    
062650382001016105300042        .075    
062650387001016105300042       .0012    
062650388001016105300042        .002    
062650389001016105300042        .002    
062650456001016105300042        .002    
062650801011016105300042        .014    
062650802001016105300042        .018    
062650811001016105300042        .018    
062650839021016105300042         .22    
062650946001016105300042        .002    
062650947011016105300042         .22    
062650968011016105300042       .0012    
062660146001016105300042        .064    
062660164001016105300042        .002    
062660219001016105300042       .0012    
062660221001016105300042        .007    
062660222001016105300042        .011    
062710136001016105300042        .019    
062710224001016105300042         .01    
062710303011016105300042        .018    
062710322001016105300042         .03    
062720415001016105300042        .009    
062830062001016105300042        .011    
062830083001016105300042        .003    
072710137001016105300042       1.955    
072710161001016105300042        .103    
072720293001016105300042        .154    
072740018001016105300042        .005    
072740022001016105300042        .002    
072740023001016105300042        .002    
072750011001016105300042       .0695    
072750023001016105300042        .004    
078670494001016105300042        .012    
078670495001016105300042        .019    
078670608001016105300042        .091    
078670611001016105300042        .038    
078720001001016105300042           5    
078740003001016105300042        .135    
079670192001016105300042        .007    
079710015001016105300042        .006    
079710292001016105300042        .004    
079710609001016105300042         .26    
079710808001016105300042        .073    
079710883001016105300042        .116    
724600165001016105300042        .052    
017000008001016134400142        .006    
017000056001016134400142         .01    
017030099001016134400142        .007    
017193043001016134400142        .053    
017390151001016134400142        .014    
017390152001016134400142        .025    
017390165001016134400142        .008    
017390166001016134400142        .005    
017390185001016134400142        .011    
017390186001016134400142        .027    
017390195001016134400142        .003    
017390201001016134400142        .014    
017390206001016134400142        .015    
017490204001016134400142        .003    
017490316001016134400142        .032    
017490352011016134400142         .58    
017490353001016134400142        .074    
017490417001016134400142        .032    
017490464011016134400142         .72    
017490483001016134400142        .003    
017490531001016134400142        .007    
017490546001016134400142        .005    
017490705001016134400142        .009    
017690226001016134400142        .004    
017690411001016134400142        .004    
017690445001016134400142         .03    
017690487001016134400142        .006    
062010201001016134400142        .016    
062010202001016134400142        .016    
062570036001016134400142        .015    
062650204001016134400142        .074    
062650305001016134400142        .165    
062650516001016134400142         .05    
062650871011016134400142        .012    
062650877001016134400142        .029    
062727001001016134400142        .002    
072720253001016134400142        .019    
072720254001016134400142        .019    
072750033001016134400142        .062    
072750034001016134400142        .076    
078740001001016134400142        .394    
079710813001016134400142        .008    
079710822001016134400142        .005    
079710823001016134400142        .005    
079710857001016134400142        .303    
079710859001016134400142        .277    
079710908001016134400142        .485    
079710915001016134400142        .044    
079710923001016134400142        .013    
079710958001016134400142         .09    
718010306011016134400142        .002    
017691390001016167100042           3    
062650382001016167100042         2.1    
062650801011016167100042         .62    
062650839021016167100042         5.4    
062650947011016167100042         5.4    
072710137001016167100042           3    
078720001001016167100042          10    
079710609001016167100042           3    
062650382001016181500042        .003    
062650801011016181500042       .0006    
062650839021016181500042        .009    
062650947011016181500042        .009    
062660146001016181500042       .0006    
062710136001016181500042      .00004    
062710303011016181500042      .00003    
062710322001016181500042      .00004    
062830083001016181500042      .00001    
072710137001016181500042        .016    
072750011001016181500042       .0004    
078720001001016181500042        .115    
017495063001016181800042         .28    
017495132001016181800042         .12    
072710137001016182000242          .5    
072710161001016182000242         .06    
072720293001016182000242        .055    
072750011001016182000242        .023    
078670494001016182000242        .007    
078670495001016182000242        .008    
078670608001016182000242        .034    
078670611001016182000242        .014    
078720001001016182000242         1.7    
078740003001016182000242         .05    
079670192001016182000242        .005    
079710015001016182000242        .004    
079710292001016182000242        .004    
079710609001016182000242        .512    
079710808001016182000242        .035    
079710883001016182000242        .034    
017193119001016185000042       .0005    
017690622001016185000042        .001    
017691390001016185000042        .015    
017690622001016501600042         .02    
062650387001016501600042        .001    
062650388001016501600042        .001    
062650389001016501600042        .001    
062650456001016501600042        .001    
062650802001016501600042        .011    
062650811001016501600042        .011    
062650946001016501600042        .001    
062650968011016501600042        .001    
062660146001016501600042        .028    
062660219001016501600042        .001    
062710136001016501600042        .009    
062710224001016501600042        .008    
062710303011016501600042        .008    
062710322001016501600042        .015    
062830083001016501600042        .002    
072710161001016501600042        .084    
072720293001016501600042        .075    
072750011001016501600042        .025    
078670494001016501600042        .013    
078670495001016501600042        .011    
078670608001016501600042        .039    
078670611001016501600042        .018    
078740003001016501600042        .049    
079670192001016501600042        .009    
079710015001016501600042        .006    
079710292001016501600042        .007    
079710808001016501600042        .039    
079710883001016501600042        .023    
017490352011016505500742        .015    
017490353001016505500742        .015    
017490464011016505500742        .015    
017495013001016505500742        .015    
017495063001016505500742        .015    
017495132001016505500742        .015    
017495162001016505500742         .01    
017691390001016505500742         .06    
062650382001016505500942         .03    
062650801011016505500942         .03    
062650839021016505500942         .05    
062650947011016505500942         .05    
072710137001016505500942          .3    
078720001001016505500942           1    
079710609001016505500942          .2    
072710137001016508101142           1    
078720001001016508101142           5    
017000015001016508103542        .005    
017000017001016508103542         .01    
017193043001016508103542          .1    
017193119001016508103542         .16    
017390151001016508103542         .05    
017390165001016508103542          .1    
017390186001016508103542          .1    
017490178001016508103542         .05    
017490352011016508103542         .08    
017490353001016508103542         .07    
017490443001016508103542         .02    
017490464011016508103542         .08    
017495013001016508103542         .15    
017495063001016508103542         .15    
017495132001016508103542         .15    
017495157001016508103542        .125    
017495162001016508103542         .15    
017690473001016508103542         .02    
017690622001016508103542         .01    
017691390001016508103542        .085    
017790001001016508103542         .01    
017790002001016508103542         .01    
017790006001016508103542         .05    
062650233001016508103542        .005    
062660164001016508103542        .001    
062660221001016508103542        .002    
062660222001016508103542        .004    
062720415001016508103542        .003    
062830062001016508103542        .004    
072710161001016508103542         .06    
072720293001016508103542         .09    
072740018001016508103542        .006    
072740022001016508103542       .0025    
072740023001016508103542       .0025    
072750011001016508103542        .035    
072750023001016508103542        .006    
078670494001016508103542        .007    
078670495001016508103542        .011    
078670608001016508103542        .043    
078670611001016508103542        .022    
078740003001016508103542        .079    
079670192001016508103542        .004    
079710015001016508103542        .004    
079710292001016508103542        .002    
079710808001016508103542        .043    
079710883001016508103542        .068    
724600165001016508103542        .073    
062710006001016932000042        .004    
062710008001016932000042        .002    
062710099001016932000042        .002    
062710101001016932000042        .003    
062710105001016932000042        .003    
062710106001016932000042        .003    
062710172001016932000042        .002    
062710173001016932000042        .002    
078670577001016932000042        .007    
078670578001016932000042        .007    
078670579001016932000042        .008    
079670138001016932000042        .028    
017490352011017000900115        .015    
017490353001017000900115         .01    
017490464011017000900115        .015    
017495013001017000900115         .04    
017495063001017000900115         .04    
017495132001017000900115         .04    
017495162001017000900115         .04    
062010201001017000900115        .005    
062010202001017000900115        .005    
062570036001017000900115        .004    
062650204001017000900115         .04    
062650305001017000900115         .04    
062650516001017000900115        .015    
062650871011017000900115        .006    
062650877001017000900115        .006    
017490352011017005100115         .15    
017490353001017005100115          .1    
017490464011017005100115         .15    
017495013001017005100115          .4    
017495063001017005100115          .4    
017495132001017005100115          .4    
017495162001017005100115          .4    
062570036001017005100115         .02    
062650204001017005100115         .18    
062650305001017005100115         .23    
062650516001017005100115         .09    
062650871011017005100115        .035    
062650877001017005100115         .04    
062727001001017005100115        .002    
078740001001017005100115        .009    
079710813001017005100115       .0002    
079710822001017005100115       .0002    
079710823001017005100115       .0002    
079710857001017005100115         .01    
079710859001017005100115        .009    
079710908001017005100115        .008    
079710915001017005100115        .001    
079710923001017005100115       .0004    
079710958001017005100115        .002    
718010306011017005100115        .003    
017000008001017095200042        .005    
017000056001017095200042        .005    
017030099001017095200042        .005    
017193043001017095200042        .005    
017390151001017095200042        .005    
017390152001017095200042         .04    
017390165001017095200042         .04    
017390166001017095200042        .005    
017390185001017095200042        .005    
017390186001017095200042        .005    
017390195001017095200042        .005    
017390201001017095200042        .005    
017390206001017095200042         .04    
017490204001017095200042        .005    
017490316001017095200042         .04    
017490483001017095200042        .005    
017490531001017095200042         .04    
017490546001017095200042        .005    
017490705001017095200042        .005    
017495157001017095200042         .04    
017690226001017095200042        .005    
017690411001017095200042        .005    
017690445001017095200042         .04    
017690487001017095200042        .005    
062650382001017095200042          .2    
062650801011017095200042          .1    
062650839021017095200042          .3    
062650947011017095200042          .3    
062660146001017095200042          .1    
062710136001017095200042         .05    
062710322001017095200042         .05    
072710137001017095200042          .2    
072720253001017095200042        .005    
072720254001017095200042        .005    
072730117001017095200042         .05    
072750011001017095200042        .025    
072750033001017095200042        .005    
072750034001017095200042        .005    
078670608001017095200042        .025    
078720001001017095200042          .5    
079710439001017095200042          .1    
079710609001017095200042          .1    
017193119001017193400315          .2    
017690622001017193400315         .15    
017691390001017193400315         .15    
062650382001017193400315          .1    
062650839021017193400315          .2    
062650947011017193400315          .2    
062660146001017193400315          .1    
072710137001017193400315          .2    
078720001001017193400342          .7    
079710439001017193400315          .2    
079710609001017193400315          .5    
072720253001017410205042        .206    
072720254001017410205042        .206    
072750033001017410205042        .625    
072750034001017410205042        .586    
078740001001017410205042       2.334    
079710857001017410205042       4.715    
079710859001017410205042       4.186    
079710908001017410205042       2.128    
079710915001017410205042        .187    
017495013001017411502042        .337    
017495063001017411502042        .409    
017495132001017411502042        .418    
017495157001017411502042        .003    
017495162001017411502042        .326    
062650305001017411502042        .055    
079710857001017411502042        .217    
079710859001017411502042        .196    
017495013001017411502542        .337    
017495063001017411502542        .409    
017495132001017411502542        .418    
017495157001017411502542        .003    
017495162001017411502542        .326    
062650305001017411502542        .055    
079710857001017411502542        .217    
079710859001017411502542        .196    
017495013001017411503242       1.238    
017495063001017411503242       1.646    
017495132001017411503242       1.688    
017495157001017411503242        .116    
017495162001017411503242       1.282    
017495013001017411504042       1.238    
017495063001017411504042       1.646    
017495132001017411504042       1.688    
017495157001017411504042        .116    
017495162001017411504042       1.282    
017390206001017411505042       .0014    
017490352011017411505042        .725    
017490464011017411505042           1    
017495013001017411505042         1.3    
017495063001017411505042         1.7    
017495132001017411505042       1.865    
017495157001017411505042        .008    
017495162001017411505042         1.4    
062650305001017411505042         .75    
017390206001017411506342       .0014    
017490352011017411506342        .725    
017490464011017411506342           1    
017495013001017411506342         1.3    
017495063001017411506342         1.7    
017495132001017411506342       1.865    
017495157001017411506342        .008    
017495162001017411506342         1.4    
062650305001017411506342         .75    
017495013001017412000542        .398    
017495063001017412000542        .498    
017495132001017412000542        .521    
017495157001017412000542        .007    
017495162001017412000542        .408    
017495013001017412401042        .524    
017495063001017412401042        .648    
017495132001017412401042        .672    
017495157001017412401042        .012    
017495162001017412401042         .61    
017495013001017412402042        .468    
017495063001017412402042        .686    
017495132001017412402042        .616    
017495157001017412402042        .004    
017495162001017412402042        .494    
017495013001017412404042        .524    
017495063001017412404042        .648    
017495132001017412404042        .672    
017495157001017412404042        .012    
017495162001017412404042         .61    
017000015001017415105042        .027    
017000017001017415105042        .011    
017193043001017415105042        .018    
017193119001017415105042        .017    
017390151001017415105042        .005    
017390152001017415105042         .01    
017390165001017415105042        .007    
017390186001017415105042        .013    
017390206001017415105042        .006    
017490178001017415105042        .002    
017490316001017415105042        .016    
017490352011017415105042        .182    
017490353001017415105042        .035    
017490443001017415105042        .004    
017490464011017415105042        .293    
017490531001017415105042        .003    
017490546001017415105042        .003    
017490705001017415105042        .004    
017495013001017415105042        .112    
017495063001017415105042        .155    
017495132001017415105042         .16    
017495157001017415105042        .001    
017495162001017415105042        .117    
017690226001017415105042        .002    
017690445001017415105042        .014    
017690473001017415105042        .001    
017690622001017415105042        .115    
017691390001017415105042        .073    
017790001001017415105042        .009    
017790002001017415105042        .008    
017790006001017415105042         .01    
062010201001017415105042        .015    
062010202001017415105042        .015    
062570036001017415105042        .011    
062650204001017415105042         .05    
062650305001017415105042         .07    
062650382001017415105042         .85    
062650387001017415105042        .002    
062650388001017415105042        .005    
062650389001017415105042        .005    
062650456001017415105042        .003    
062650516001017415105042        .025    
062650801011017415105042         .22    
062650802001017415105042        .065    
062650811001017415105042         .06    
062650839021017415105042           1    
062650871011017415105042         .02    
062650877001017415105042         .02    
062650946001017415105042        .006    
062650947011017415105042           1    
062650968011017415105042        .003    
062660146001017415105042          .2    
062660219001017415105042        .003    
062710136001017415105042         .07    
062710224001017415105042        .024    
062710303011017415105042         .07    
062710322001017415105042        .115    
062727001001017415105042        .005    
062830083001017415105042         .01    
072710137001017415105042           5    
072720253001017415105042         .01    
072720254001017415105042         .01    
072730117001017415105042        .107    
072750011001017415105042        .117    
072750033001017415105042        .026    
072750034001017415105042        .024    
078670608001017415105042        .144    
078720001001017415105042          50    
078740001001017415105042        .147    
079260239001017415105042         .01    
079710439001017415105042         5.5    
079710609001017415105042          10    
079710813001017415105042        .004    
079710822001017415105042        .003    
079710823001017415105042        .008    
079710857001017415105042        .165    
079710859001017415105042        .149    
079710908001017415105042        .133    
079710915001017415105042         .02    
079710923001017415105042        .006    
079710958001017415105042        .027    
718010306011017415105042        .005    
721101601791017415105042         .09    
721500300791017415105042         .01    
062650839021017546602550         .05    
062650947011017546602550         .05    
062650382001017546603050          .4    
017490352011017547500650        .075    
072710137001017547500850         .25    
078720001001017547500842           1    
079710439001017547500850          .2    
079710609001017547500850          .5    
017490464011017547501050        .075    
017690622001017547501850        .075    
017691390001017547501850        .075    
062010201001017547501850         .05    
062010202001017547501850        .025    
062570036001017547501850         .05    
062650204001017547501850        .025    
062650305001017547501850          .1    
062650516001017547501850        .025    
062650871011017547501850         .05    
062650877001017547501850         .05    
062727001001017547501850         .05    
062650839021017547602550         .05    
062650947011017547602550         .05    
072710137001017547602550         .25    
078720001001017547602542          .5    
079710439001017547602550         .01    
079710609001017547602550         .02    
017691390001018350806742         .24    
062650382001018350806742          .2    
062650801011018350806742          .1    
062650839021018350806742          .5    
062650947011018350806742          .5    
062660146001018350806742          .1    
062710136001018350806742         .05    
062710303011018350806742         .05    
062710322001018350806742         .05    
017690622001018350806842         .16    
017691390001018350806842          .4    
072710137001018350806942         .15    
078720001001018350806942          .5    
072710137001018350807542         .15    
072750011001018350807542         .03    
078670608001018350807542         .05    
078720001001018350807542          .5    
079710609001018350807542         .32    
017000012001022760105042       .0015    
017031640001022760105042       .0085    
017390174001022760105042        .004    
017495072001022760105042        .004    
017495134001022760105042        .004    
017690102001022760105042        .004    
017690106001022760105042        .004    
017690106011022760105042        .004    
017690225001022760105042        .004    
017690238001022760105042        .004    
726102014111022760105042        .004    
743584002001022760105042        .004    
062650035001022760205042       .0015    
062650035011022760205042       .0015    
062650035021022760205042       .0015    
062650035031022760205042       .0015    
062650035041022760205042       .0015    
062650035051022760205042       .0015    
062650035061022760205042       .0015    
062650035071022760205042       .0015    
062650035081022760205042       .0015    
062650045001022760205042       .0015    
062650051001022760205042       .0015    
062650057001022760205042       .0015    
062650057011022760205042       .0015    
062650057021022760205042       .0015    
062650057031022760205042       .0015    
062650057041022760205042       .0015    
062650057051022760205042       .0015    
062650061001022760205042       .0015    
062650068001022760205042       .0015    
062650068011022760205042       .0015    
062650068021022760205042       .0015    
062650068031022760205042       .0015    
062650068041022760205042       .0015    
062650068051022760205042       .0015    
062650068061022760205042       .0015    
062650068071022760205042       .0015    
062650096001022760205042       .0015    
062650201001022760205042       .0015    
062650201011022760205042       .0015    
062650201021022760205042       .0015    
062650201031022760205042       .0015    
062650201041022760205042       .0015    
062650202001022760205042       .0015    
062650873001022760205042       .0015    
062650873011022760205042       .0015    
062650873021022760205042       .0015    
062650873031022760205042       .0015    
062650873041022760205042       .0015    
062650873051022760205042       .0015    
062650873061022760205042       .0015    
062650874001022760205042       .0015    
062650874011022760205042       .0015    
062650874021022760205042       .0015    
062650874031022760205042       .0015    
062650874041022760205042       .0015    
062650874051022760205042       .0015    
062650874061022760205042       .0015    
062650874071022760205042       .0015    
062660004001022760205042       .0015    
062710055001022760205042       .0015    
062710080001022760205042       .0015    
062710277001022760205042       .0015    
062720155001022760205042       .0015    
062720161001022760205042       .0015    
062720198001022760205042       .0015    
062720218001022760205042       .0015    
062720229001022760205042       .0015    
062720273001022760205042       .0015    
062720301001022760205042       .0015    
062720342001022760205042       .0015    
062720375001022760205042       .0015    
062720423001022760205042       .0015    
062720560001022760205042       .0015    
062720840001022760205042       .0015    
062720920001022760205042       .0015    
062720940001022760205042       .0015    
062721170001022760205042       .0015    
062890352001022760205042       .0015    
062890355001022760205042       .0015    
062890356001022760205042       .0015    
062894090001022760205042       .0015    
062895060001022760205042       .0015    
072710008021022760205042        .002    
072720147001022760205042        .002    
072720148001022760205042        .002    
072730116001022760205042        .002    
079710246001022760205042        .002    
079710949001022760205042        .002    
719104740201022760205042       .0015    
719104770001022760205042       .0015    
720512500001022760205042        .002    
720512800001022760205042        .002    
720512900001022760205042        .002    
720513000001022760205042        .002    
720513800001022760205042        .002    
726102110111022760205042       .0015    
726102114111022760205042       .0015    
734101639071022760205042       .0015    
079670160001022760210042        .002    
079710139001022760210042        .002    
079710152001022760210042        .002    
079710176001022760210042        .002    
719104760021022760210042        .002    
719104830001022760210042        .002    
735508100001022760210042        .002    
062727010001022770210042      .00034    
062720980001022770405042         .06    
078730002001022770405042        .002    
078730003001022770405042        .002    
078730004001022770405042        .002    
078730005001022770405042        .002    
078730006001022770405042        .002    
078730007001022770405042        .002    
079710311001022770405042        .002    
079710774001022770405042        .002    
735507900001022770405042        .002    
079670334001022770408042        .002    
079710891001022770408042        .003    
017030134001022772010042        .001    
017433117011022772010042        .002    
017433117021022772010042        .002    
017495053001022772010042        .002    
017690260001022772010042        .002    
017690590001022772010042        .002    
062710055001022772010042      .00034    
062720168001022772010042      .00034    
062720301001022772010042      .00034    
062720342001022772010042      .00034    
062727020001022772010042      .00034    
078730002001022772010042        .003    
078730003001022772010042        .003    
078730004001022772010042        .003    
017433093001022772012042        .002    
017495570001022773712050        .002    
017390142001022774012042        .001    
079710239001022784510042         .01    
079710246001022784510042         .01    
079710444001022784510042         .02    
017390157001022809612042       .0075    
017390310001022809612042       .0075    
062720840001023464512042         .02    
062720920001023464512042         .02    
062720940001023464512042         .02    
062720980001023464512042         .02    
062721170001023464512042         .02    
062660215001023464513842       .0334    
062720470001023464513842       .0334    
062720560001023464513842       .0334    
062720650001023464513842       .0334    
062721040001023464513842       .0334    
062721160001023464513842       .0334    
017030134001023580015342       .0001    
017390142001023580015342      .00017    
017390177001023580015342      .00017    
017433117011023580015342      .00017    
017433117021023580015342      .00017    
017495053001023580015342      .00017    
017690260001023580015342      .00017    
062720560001023580015342      .00007    
062722140001023580015342      .00007    
062895050001023580015342      .00007    
078730002001023580015342      .00002    
078730003001023580015342      .00002    
078730004001023580015342      .00002    
079710246001023580015342      .00002    
017390142001023580018142       .0003    
017390310001023580018142       .0003    
017433093001023580018142       .0003    
017690590001023580018142       .0003    
062660215001023580018142      .00007    
062710055001023580018142      .00007    
062710080001023580018142      .00007    
062720168001023580018142      .00007    
062720301001023580018142      .00007    
062720342001023580018142      .00007    
062720470001023580018142      .00007    
062720650001023580018142      .00007    
062720840001023580018142      .00007    
062720920001023580018142      .00007    
062720940001023580018142      .00007    
062720980001023580018142      .00007    
062721040001023580018142      .00007    
062721160001023580018142      .00007    
062721170001023580018142      .00007    
062727010001023580018142      .00007    
062727020001023580018142      .00007    
062894090001023580018142      .00007    
062895060001023580018142      .00007    
079710239001023580018142      .00002    
017780060001023960210442        .001    
017780070001023960210442        .001    
062710080001023960213842        .009    
062722140001023960213842        .009    
062894090001023960213842        .009    
062895050001023960213842        .009    
062895060001023960213842        .009    
720590810001025103300042        .005    
720590812001025103300042        .005    
720590814001025103300042        .005    
017000003001025134800042      .00011    
017000012001025134800042      .00011    
017000016001025134800042      .00011    
017000032001025134800042      .00011    
017030115001025134800042      .00011    
017030191001025134800042      .00011    
017030218001025134800042      .00011    
017030219001025134800042      .00011    
017030289001025134800042      .00011    
017190005001025134800042      .00011    
017190032001025134800042      .00011    
017193033001025134800042      .00011    
017193035001025134800042      .00011    
017193082001025134800042      .00011    
017390112001025134800042      .00011    
017390117001025134800042      .00011    
017390122001025134800042      .00011    
017390142001025134800042      .00011    
017390154001025134800042      .00011    
017390157001025134800042      .00011    
017390158001025134800042      .00011    
017390161001025134800042      .00011    
017390174001025134800042      .00011    
017390175001025134800042      .00011    
017390177001025134800042      .00011    
017390310001025134800042      .00011    
017433093001025134800042      .00011    
017433117011025134800042      .00011    
017433117021025134800042      .00011    
017433118001025134800042      .00011    
017433135001025134800042      .00011    
017433136001025134800042      .00011    
017490258001025134800042      .00011    
017490282001025134800042      .00011    
017490319001025134800042      .00011    
017490326001025134800042      .00011    
017490363001025134800042      .00011    
017490364001025134800042      .00011    
017490403001025134800042      .00011    
017490432001025134800042      .00011    
017490553001025134800042      .00011    
017490557001025134800042      .00011    
017490638001025134800042      .00011    
017495053001025134800042      .00011    
017495072001025134800042      .00011    
017495134001025134800042      .00011    
017690176001025134800042      .00011    
017690201001025134800042      .00011    
017690214001025134800042      .00011    
017690214011025134800042      .00011    
017690243001025134800042      .00011    
017690244001025134800042      .00011    
017690469001025134800042      .00011    
017690496001025134800042      .00011    
017690498001025134800042      .00011    
017840014001025134800042      .00011    
062570029001025134800042      .00007    
062650035001025134800042      .00007    
062650035011025134800042      .00007    
062650035021025134800042      .00007    
062650035031025134800042      .00007    
062650035041025134800042      .00007    
062650035051025134800042      .00007    
062650035061025134800042      .00007    
062650035071025134800042      .00007    
062650035081025134800042      .00007    
062650045001025134800042      .00007    
062650051001025134800042      .00007    
062650054001025134800042      .00007    
062650057001025134800042      .00007    
062650057011025134800042      .00007    
062650057021025134800042      .00007    
062650057031025134800042      .00007    
062650057041025134800042      .00007    
062650057051025134800042      .00007    
062650061001025134800042      .00007    
062650068001025134800042      .00007    
062650068011025134800042      .00007    
062650068021025134800042      .00007    
062650068031025134800042      .00007    
062650068041025134800042      .00007    
062650068051025134800042      .00007    
062650068061025134800042      .00007    
062650068071025134800042      .00007    
062650096001025134800042      .00007    
062650118001025134800042      .00007    
062650121001025134800042      .00007    
062650201001025134800042      .00007    
062650201011025134800042      .00007    
062650201021025134800042      .00007    
062650201031025134800042      .00007    
062650201041025134800042      .00007    
062650202001025134800042      .00007    
062650303001025134800042      .00007    
062650304001025134800042      .00007    
062650339001025134800042      .00007    
062650508001025134800042      .00007    
062650544001025134800042      .00007    
062650873001025134800042      .00007    
062650873011025134800042      .00007    
062650873021025134800042      .00007    
062650873031025134800042      .00007    
062650873041025134800042      .00007    
062650873051025134800042      .00007    
062650873061025134800042      .00007    
062650874001025134800042      .00007    
062650874011025134800042      .00007    
062650874021025134800042      .00007    
062650874031025134800042      .00007    
062650874041025134800042      .00007    
062650874051025134800042      .00007    
062650874061025134800042      .00007    
062650874071025134800042      .00007    
062650884001025134800042      .00007    
062650954001025134800042      .00007    
062650997001025134800042      .00007    
062651113001025134800042      .00007    
062657003001025134800042      .00007    
062660004001025134800042      .00007    
062660059001025134800042      .00007    
062660215001025134800042      .00007    
062710047001025134800042      .00007    
062710049001025134800042      .00007    
062710055001025134800042      .00007    
062710294001025134800042      .00007    
062720168001025134800042      .00007    
062720187001025134800042      .00007    
062720231001025134800042      .00007    
062720268001025134800042      .00007    
062720283001025134800042      .00007    
062720301001025134800042      .00007    
062720335001025134800042      .00007    
062720342001025134800042      .00007    
062720359001025134800042      .00007    
062720364001025134800042      .00007    
062720375001025134800042     .000074    
062720376001025134800042      .00007    
062720388001025134800042      .00007    
062720389001025134800042      .00007    
062720393001025134800042      .00007    
062720401001025134800042      .00007    
062720423001025134800042      .00007    
062720560001025134800042      .00007    
062727002001025134800042      .00007    
062727004001025134800042      .00007    
062727010001025134800042      .00007    
062890262001025134800042      .00007    
062890336001025134800042      .00007    
062890338001025134800042      .00007    
062890344001025134800042      .00007    
062890352001025134800042      .00007    
062890353001025134800042      .00007    
062890378001025134800042      .00007    
072670002001025134800042       .0001    
072670006001025134800042       .0001    
072670007001025134800042       .0001    
072670008001025134800042       .0001    
072670009001025134800042       .0001    
072710044001025134800042       .0001    
072710045001025134800042       .0001    
072710046001025134800042       .0001    
072720107001025134800042       .0001    
072720147001025134800042       .0001    
072720148001025134800042       .0001    
072720255001025134800042       .0001    
072730116001025134800042       .0001    
072750005001025134800042       .0001    
072750009001025134800042       .0001    
076130135001025134800042       .0001    
078670518001025134800042       .0001    
078730002001025134800042       .0001    
078730003001025134800042       .0001    
078730004001025134800042       .0001    
078730005001025134800042       .0001    
078730006001025134800042       .0001    
078730007001025134800042       .0001    
078750004001025134800042       .0001    
079670063001025134800042       .0001    
079670067001025134800042       .0001    
079670304001025134800042       .0001    
079670334001025134800042       .0001    
079710043001025134800042       .0001    
079710109001025134800042       .0001    
079710142001025134800042       .0001    
079710152001025134800042       .0001    
079710153001025134800042       .0001    
079710154001025134800042       .0001    
079710155001025134800042       .0001    
079710159001025134800042       .0001    
079710174001025134800042       .0001    
079710228001025134800042       .0001    
079710239001025134800042       .0001    
079710241001025134800042       .0001    
079710243001025134800042       .0001    
079710245001025134800042       .0001    
079710246001025134800042       .0001    
079710304001025134800042       .0001    
079710309001025134800042       .0001    
079710312001025134800042       .0001    
079710316001025134800042       .0001    
079710444001025134800042       .0001    
079710444011025134800042       .0001    
079710444021025134800042       .0001    
079710564001025134800042       .0001    
079710949001025134800042       .0001    
081710377001025134800042       .0001    
719014110791025134800042       .0001    
719014130791025134800042       .0001    
719023032791025134800042      .00011    
719100230791025134800042       .0001    
719100340091025134800042      .00011    
719100380791025134800042       .0001    
719104830001025134800042       .0001    
719512500791025134800042       .0001    
719513600791025134800042       .0001    
719515100791025134800042       .0001    
719515500791025134800042       .0001    
720102306001025134800042      .00007    
720102506001025134800042      .00007    
720102512111025134800042       .0001    
720102704111025134800042      .00007    
720102706001025134800042       .0001    
720102706111025134800042      .00007    
720102708001025134800042       .0001    
720103105111025134800042      .00011    
720119117001025134800042      .00007    
720119212111025134800042      .00007    
720320612111025134800042      .00007    
720405046021025134800042       .0001    
720405084021025134800042       .0001    
720405086021025134800042       .0001    
720406026001025134800042      .00007    
720406030111025134800042      .00011    
720406034111025134800042      .00007    
720406081111025134800042      .00007    
720406082001025134800042      .00011    
720406086001025134800042      .00007    
720431000001025134800042      .00011    
720433000021025134800042       .0001    
720474100021025134800042       .0001    
720486400001025134800042      .00007    
720486700111025134800042      .00007    
720512500001025134800042       .0001    
720512800001025134800042       .0001    
720512900001025134800042       .0001    
720513000001025134800042       .0001    
720513800001025134800042       .0001    
720514200001025134800042       .0001    
720518700001025134800042       .0001    
720519400001025134800042       .0001    
720590810001025134800042      .00011    
720590812001025134800042      .00011    
720590814001025134800042      .00011    
721235179001025134800042       .0001    
724303600001025134800042      .00007    
726102014111025134800042      .00011    
726102108111025134800042      .00011    
726102110111025134800042      .00007    
726102114111025134800042      .00007    
735108010001025134800042      .00011    
735108020001025134800042      .00011    
735506800001025134800042       .0001    
735507100001025134800042       .0001    
735507900001025134800042       .0001    
735508100001025134800042       .0001    
743584002001025134800042      .00011    
743594006001025134800042      .00007    
743595058001025134800042      .00007    
921523040001025134800042       .0001    
062721160001025141000942        .005    
017030134001025170000142        .002    
017030219001025170000142        .002    
017390109001025170000142        .002    
017390122001025170000142        .002    
017390154001025170000142        .002    
017390157001025170000142        .002    
017390174001025170000142        .002    
017433099001025170000142        .002    
017433117011025170000142        .002    
017433117021025170000142        .002    
017433118001025170000142        .002    
017490553001025170000142        .002    
017495072001025170000142        .002    
017495134001025170000142        .002    
017840014001025170000142        .002    
062650054001025170000142       .0133    
062650118001025170000142       .0133    
062650121001025170000142       .0133    
062650884001025170000142       .0133    
062660059001025170000142       .0133    
062710277001025170000142       .0133    
062720388001025170000142       .0133    
062720389001025170000142       .0133    
062727002001025170000142       .0133    
062727004001025170000142       .0133    
078730006001025170000142        .006    
078730007001025170000142        .006    
078740031001025170000142        .005    
079710043001025170000142        .006    
079710142001025170000142        .006    
079710155001025170000142        .006    
079710228001025170000142        .005    
079710243001025170000142        .005    
079710245001025170000142        .006    
079710444011025170000142        .005    
079710444021025170000142        .005    
079710887001025170000142        .006    
079710895001025170000142        .006    
720590810001025170000142        .002    
720590812001025170000142        .002    
720590814001025170000142        .002    
726703500001025170000142       .0133    
726703500021025170000142        .002    
733108801111025170000142       .0133    
733108803111025170000142       .0133    
735108010001025170000142        .002    
735108020001025170000142        .002    
735506800001025170000142        .005    
735507100001025170000142        .014    
735507900001025170000142        .006    
735508100001025170000142        .006    
017390142001025185100042        .051    
079710155001025185100042        .038    
079710243001025185100042        .038    
079710245001025185100042        .037    
079710444011025185100042        .038    
079710444021025185100042        .038    
735108010001025185100042        .051    
735108020001025185100042        .051    
735507100001025185100042        .075    
017030134001025185400042        .051    
017030219001025185400042        .051    
017193033001025185400042        .051    
017390109001025185400042        .051    
017390122001025185400042        .051    
017390154001025185400042        .051    
017390157001025185400042        .051    
017390174001025185400042        .051    
017390177001025185400042        .051    
017433099001025185400042        .057    
017433117011025185400042        .051    
017433117021025185400042        .051    
017433118001025185400042        .051    
017433135001025185400042        .051    
017490282001025185400042        .051    
017490363001025185400042        .051    
017490553001025185400042        .051    
017495053001025185400042        .051    
017495072001025185400042        .051    
017495134001025185400042        .051    
017690242001025185400042        .051    
017690498001025185400042        .051    
017840014001025185400042        .051    
062650054001025185400042       .0737    
062650118001025185400042       .0737    
062650121001025185400042       .0737    
062650884001025185400042       .0737    
062660059001025185400042       .0737    
062660215001025185400042       .0737    
062710047001025185400042       .0737    
062710277001025185400042       .0737    
062720268001025185400042       .0737    
062720328001025185400042       .0737    
062720328011025185400042       .0737    
062720328021025185400042       .0737    
062720328031025185400042       .0737    
062720328041025185400042       .0737    
062720328051025185400042       .0737    
062720328061025185400042       .0737    
062720388001025185400042       .0737    
062720389001025185400042       .0737    
062720470001025185400042       .0737    
062720560001025185400042       .0737    
062720840001025185400042       .0737    
062720920001025185400042       .0737    
062720980001025185400042       .0737    
062721040001025185400042       .0737    
062721160001025185400042       .0737    
062721170001025185400042       .0737    
062727002001025185400042       .0737    
062727004001025185400042       .0737    
062890262001025185400042       .0737    
062890336001025185400042       .0737    
062890352001025185400042       .0737    
062890353001025185400042       .0737    
062890355001025185400042       .0737    
062894090001025185400042       .0737    
062895060001025185400042       .0737    
078730006001025185400042        .037    
078730007001025185400042        .037    
078740031001025185400042        .038    
079710043001025185400042        .037    
079710142001025185400042        .037    
079710228001025185400042        .038    
079710887001025185400042        .037    
079710895001025185400042        .037    
720590810001025185400042        .051    
720590812001025185400042        .051    
720590814001025185400042        .051    
724302200101025185400042       .0737    
726117501001025185400042       .0737    
726117502111025185400042       .0737    
726117504001025185400042       .0737    
726703500001025185400042       .0737    
726703500021025185400042        .051    
733108801111025185400042       .0737    
733108803111025185400042       .0737    
735506800001025185400042        .038    
735507100001025185400042       .0737    
735507900001025185400042        .037    
735508100001025185400042        .038    
017030134001025331200050         .01    
017490638001025440020042        .015    
017690226001025440020042        .015    
062650035001025440020042        .024    
062650035011025440020042        .024    
062650035021025440020042        .024    
062650035031025440020042        .024    
062650035041025440020042        .024    
062650035051025440020042        .024    
062650035061025440020042        .024    
062650035071025440020042        .024    
062650035081025440020042        .024    
062650045001025440020042        .024    
062650051001025440020042        .024    
062650057001025440020042        .024    
062650057011025440020042        .024    
062650057021025440020042        .024    
062650057031025440020042        .024    
062650057041025440020042        .024    
062650057051025440020042        .024    
062650061001025440020042        .024    
062650068001025440020042        .024    
062650068011025440020042        .024    
062650068021025440020042        .024    
062650068031025440020042        .024    
062650068041025440020042        .024    
062650068051025440020042        .024    
062650068061025440020042        .024    
062650068071025440020042        .024    
062650096001025440020042        .024    
062650201001025440020042        .024    
062650201011025440020042        .024    
062650201021025440020042        .024    
062650201031025440020042        .024    
062650201041025440020042        .024    
062650202001025440020042        .024    
062650873001025440020042        .024    
062650873011025440020042        .024    
062650873021025440020042        .024    
062650873031025440020042        .024    
062650873041025440020042        .024    
062650873051025440020042        .024    
062650873061025440020042        .024    
062650874001025440020042        .024    
062650874011025440020042        .024    
062650874021025440020042        .024    
062650874031025440020042        .024    
062650874041025440020042        .024    
062650874051025440020042        .024    
062650874061025440020042        .024    
062650874071025440020042        .024    
062660004001025440020042        .024    
062720560001025440020042        .024    
062880012001025440020042        .024    
072710044001025440020042        .007    
072710045001025440020042        .007    
072720147001025440020042        .007    
072720148001025440020042        .007    
078730007001025440020042        .007    
079710043001025440020042        .007    
079710104001025440020042        .007    
079710109001025440020042        .007    
079710139001025440020042        .007    
079710142001025440020042        .007    
079710152001025440020042        .007    
079710176001025440020042        .007    
079710239001025440020042        .007    
079710887001025440020042        .007    
079710891001025440020042        .007    
079710895001025440020042        .007    
719014110791025440020042        .007    
719014130791025440020042        .007    
719014180791025440020042        .007    
719022225791025440020042        .007    
719104770001025440020042        .024    
719104830001025440020042        .007    
719512500791025440020042        .007    
719515100791025440020042        .007    
719515300001025440020042        .007    
719515500791025440020042        .007    
720518700001025440020042        .007    
720518800001025440020042        .007    
720519400001025440020042        .007    
017030134001025460640033         .01    
017390142001025460640033       .0091    
017390157001025460640033       .0091    
017390177001025460640033       .0091    
017390310001025460640033       .0091    
017433093001025460640033       .0091    
017433117011025460640033       .0091    
017433117021025460640033       .0091    
017495053001025460640033       .0091    
017690260001025460640033       .0091    
017690590001025460640033       .0091    
017780060001025460640033       .0091    
017780070001025460640033       .0091    
062660215001025460640033       .0545    
062710055001025460640033       .0545    
062710080001025460640023       .0545    
062720168001025460640033       .0545    
062720301001025460640033       .0545    
062720342001025460640033       .0545    
062720470001025460640033       .0545    
062720560001025460640033       .0545    
062720650001025460640033       .0545    
062720840001025460640033       .0545    
062720920001025460640033       .0545    
062720940001025460640033       .0545    
062720980001025460640033       .0545    
062721040001025460640033       .0545    
062721160001025460640033       .0545    
062721170001025460640033       .0545    
062722140001025460640033       .0545    
062727010001025460640033       .0545    
062727020001025460640033       .0545    
062894090001025460640033       .0545    
062895050001025460640023       .0545    
062895060001025460640033       .0545    
078730002001025460640033         .08    
078730003001025460640033         .08    
078730004001025460640033         .08    
079710239001025460640033         .08    
079710246001025460640033         .08    
017390310001025460700042         .16    
078730002001025460700042         .04    
078730003001025460700042         .04    
078730004001025460700042         .04    
079710239001025460700042         .04    
079710246001025460700042         .04    
017490638001025467910042       .0075    
017690226001025467910042       .0075    
062650035001025467910042       .0066    
062650035011025467910042       .0066    
062650035021025467910042       .0066    
062650035031025467910042       .0066    
062650035041025467910042       .0066    
062650035051025467910042       .0066    
062650035061025467910042       .0066    
062650035071025467910042       .0066    
062650035081025467910042       .0066    
062650045001025467910042       .0066    
062650051001025467910042       .0066    
062650057001025467910042       .0066    
062650057011025467910042       .0066    
062650057021025467910042       .0066    
062650057031025467910042       .0066    
062650057041025467910042       .0066    
062650057051025467910042       .0066    
062650061001025467910042       .0066    
062650068001025467910042       .0066    
062650068011025467910042       .0066    
062650068021025467910042       .0066    
062650068031025467910042       .0066    
062650068041025467910042       .0066    
062650068051025467910042       .0066    
062650068061025467910042       .0066    
062650068071025467910042       .0066    
062650096001025467910042       .0066    
062650201001025467910042       .0066    
062650201011025467910042       .0066    
062650201021025467910042       .0066    
062650201031025467910042       .0066    
062650201041025467910042       .0066    
062650202001025467910042       .0066    
062650873001025467910042       .0066    
062650873011025467910042       .0066    
062650873021025467910042       .0066    
062650873031025467910042       .0066    
062650873041025467910042       .0066    
062650873051025467910042       .0066    
062650873061025467910042       .0066    
062650874001025467910042       .0066    
062650874011025467910042       .0066    
062650874021025467910042       .0066    
062650874031025467910042       .0066    
062650874041025467910042       .0066    
062650874051025467910042       .0066    
062650874061025467910042       .0066    
062650874071025467910042       .0066    
062660004001025467910042       .0066    
062720560001025467910042       .0066    
062880012001025467910042       .0066    
072710044001025467910042        .002    
072710045001025467910042        .002    
072720147001025467910042        .002    
072720148001025467910042        .002    
078730007001025467910042        .002    
079710043001025467910042        .002    
079710104001025467910042        .002    
079710109001025467910042        .002    
079710139001025467910042        .002    
079710142001025467910042        .002    
079710152001025467910042        .002    
079710176001025467910042        .002    
079710239001025467910042        .002    
079710887001025467910042        .002    
079710891001025467910042        .002    
079710895001025467910042        .002    
719014110791025467910042        .002    
719014130791025467910042        .002    
719014180791025467910042        .002    
719022225791025467910042        .002    
719104770001025467910042       .0066    
719104830001025467910042        .002    
719512500791025467910042        .002    
719515100791025467910042        .002    
719515300001025467910042        .002    
719515500791025467910042        .002    
720518700001025467910042        .002    
720518800001025467910042        .002    
720519400001025467910042        .002    
017390310001025468610033         .16    
078730002001025468610033         .06    
078730003001025468610033         .06    
078730004001025468610033         .06    
079710239001025468610033         .06    
079710246001025468610033         .06    
062570029001025482800042        .009    
062890353001025482800042        .009    
017490258001025520100042        .025    
017390142001025701000142         .75    
062727010001025701000142          .7    
078730003001025701000142        .015    
078730004001025701000142        .015    
062720650001025702000142        .075    
062720920001025702000142        .075    
062720980001025702000142        .075    
062721170001025702000142        .075    
062727020001025702000142        .075    
079710444001025710500042         .01    
724302200101025710500042         .05    
017390109001025720500142        .012    
017490432001025720500142        .012    
017690201001025720500142        .012    
017840014001025720500142        .012    
025890061001025720500142        .012    
025890062001025720500142        .012    
072730076001025720500142         .03    
078670513001025720500142         .03    
078670518001025720500142         .03    
078710076001025720500142         .03    
078730006001025720500142         .03    
078730007001025720500142         .03    
079670063001025720500142         .03    
079670067001025720500142         .03    
079670304001025720500142         .03    
079710043001025720500142         .03    
079710142001025720500142         .03    
079710241001025720500142         .03    
079710304001025720500142         .03    
079710316001025720500142         .03    
079710887001025720500142         .03    
081710377001025720500142         .03    
721235063001025720500142         .03    
721235087001025720500142         .03    
735507900001025720500142         .03    
735508100001025720500142         .03    
017000003001025720500242        .012    
017000011001025720500242        .012    
017000012001025720500242        .014    
017000032001025720500242        .012    
017030107001025720500242        .012    
017030115001025720500242        .012    
017030134001025720500242        .012    
017030191001025720500242        .012    
017030218001025720500242        .012    
017030289001025720500242        .012    
017190005001025720500242        .012    
017190032001025720500242        .012    
017193033001025720500242        .012    
017193035001025720500242        .012    
017390112001025720500242        .012    
017390117001025720500242        .012    
017390142001025720500242        .012    
017390154001025720500242        .012    
017390157001025720500242        .012    
017390158001025720500242        .012    
017390161001025720500242        .012    
017390174001025720500242        .012    
017390175001025720500242        .012    
017390177001025720500242        .012    
017390181001025720500242        .012    
017390310001025720500242        .012    
017433093001025720500242        .012    
017433099001025720500242        .012    
017433102001025720500242        .012    
017433117011025720500242        .012    
017433117021025720500242        .012    
017433118001025720500242        .012    
017490258001025720500242        .012    
017490282001025720500242        .012    
017490286001025720500242        .012    
017490319001025720500242        .012    
017490326001025720500242        .012    
017490553001025720500242        .012    
017490557001025720500242        .012    
017495053001025720500242        .012    
017495072001025720500242        .012    
017690102001025720500242        .012    
017690103001025720500242        .012    
017690104001025720500242        .012    
017690214001025720500242        .012    
017690214011025720500242        .012    
017690225001025720500242        .012    
017690238001025720500242        .012    
017690239001025720500242        .012    
017690241001025720500242        .012    
017690243001025720500242        .012    
017690244001025720500242        .012    
017690260001025720500242        .012    
017690333001025720500242        .012    
017690385001025720500242        .012    
017690405001025720500242        .012    
017690432001025720500242        .012    
017690469001025720500242        .012    
017690496001025720500242        .012    
017690499001025720500242        .012    
017690590001025720500242        .012    
017691090001025720500242        .012    
017691150001025720500242        .012    
017780060001025720500242        .012    
017780070001025720500242        .012    
062650045001025720500242        .014    
062650051001025720500242        .014    
062650054001025720500242        .014    
062650057001025720500242        .014    
062650057011025720500242        .014    
062650057021025720500242        .014    
062650057031025720500242        .014    
062650057041025720500242        .014    
062650057051025720500242        .014    
062650068001025720500242        .014    
062650068011025720500242        .014    
062650068021025720500242        .014    
062650068031025720500242        .014    
062650068041025720500242        .014    
062650068051025720500242        .014    
062650068061025720500242        .014    
062650068071025720500242        .014    
062650096001025720500242        .014    
062650201001025720500242        .014    
062650201011025720500242        .014    
062650201021025720500242        .014    
062650201031025720500242        .014    
062650201041025720500242        .014    
062650202001025720500242        .014    
062650339001025720500242        .014    
062650486001025720500242        .014    
062650486011025720500242        .014    
062650579001025720500242        .014    
062650789001025720500242        .014    
062650832001025720500242        .014    
062650873001025720500242        .014    
062650873011025720500242        .014    
062650873021025720500242        .014    
062650873031025720500242        .014    
062650873041025720500242        .014    
062650873051025720500242        .014    
062650873061025720500242        .014    
062650874001025720500242        .014    
062650874011025720500242        .014    
062650874021025720500242        .014    
062650874031025720500242        .014    
062650874041025720500242        .014    
062650874051025720500242        .014    
062650874061025720500242        .014    
062650874071025720500242        .014    
062650884001025720500242        .014    
062650997001025720500242        .014    
062651113001025720500242        .014    
062660004001025720500242        .014    
062660059001025720500242        .014    
062660215001025720500242        .014    
062710047001025720500242        .014    
062710049001025720500242        .014    
062710055001025720500242        .014    
062710080001025720500242        .014    
062710107001025720500242        .014    
062710287001025720500242        .014    
062710288001025720500242        .014    
062710292001025720500242        .014    
062710293001025720500242        .014    
062710294001025720500242        .014    
062720015001025720500242        .014    
062720037001025720500242        .014    
062720168001025720500242        .014    
062720187001025720500242        .014    
062720229001025720500242        .014    
062720231001025720500242        .014    
062720274001025720500242        .014    
062720301001025720500242        .014    
062720307001025720500242        .014    
062720308001025720500242        .014    
062720334001025720500242        .014    
062720335001025720500242        .014    
062720364001025720500242        .014    
062720375001025720500242        .014    
062720376001025720500242        .014    
062720393001025720500242        .014    
062720401001025720500242        .014    
062720407001025720500242        .014    
062720411001025720500242        .014    
062720418001025720500242        .014    
062720419001025720500242        .014    
062720421001025720500242        .014    
062720422001025720500242        .014    
062720470001025720500242        .014    
062720650001025720500242        .014    
062720920001025720500242        .014    
062720940001025720500242        .014    
062720980001025720500242        .014    
062721040001025720500242        .014    
062721170001025720500242        .014    
062722140001025720500242        .014    
062727004001025720500242        .014    
062727010001025720500242        .014    
062727020001025720500242        .014    
062830065001025720500242        .014    
062890262001025720500242        .014    
062890324001025720500242        .014    
062890333001025720500242        .014    
062890333011025720500242        .014    
062890336001025720500242        .014    
062890339001025720500242        .014    
062890341001025720500242        .014    
062890348001025720500242        .014    
062890351001025720500242        .014    
062890353001025720500242        .014    
062890354001025720500242        .014    
062890355001025720500242        .014    
062890356001025720500242        .014    
062890378001025720500242        .014    
062895050001025720500242        .014    
071290061001025720500242        .014    
072710044001025720500242        .022    
072730116001025720500242        .022    
076130135001025720500242        .022    
078670517001025720500242        .022    
078670531001025720500242        .022    
078730002001025720500242        .022    
078730003001025720500242        .022    
078730004001025720500242        .022    
078730005001025720500242        .022    
078740024001025720500242       .0003    
079670065001025720500242        .022    
079670066001025720500242        .022    
079670160001025720500242        .022    
079670334001025720500242        .022    
079710104001025720500242        .022    
079710159001025720500242        .022    
079710238001025720500242        .022    
079710239001025720500242        .022    
079710242001025720500242        .022    
079710246001025720500242        .022    
079710312001025720500242        .022    
079710444001025720500242        .022    
079710444011025720500242        .022    
079710444021025720500242        .022    
719023032791025720500242        .012    
719104830001025720500242        .022    
720102306001025720500242        .014    
720102504111025720500242        .012    
720102708001025720500242        .022    
720103105111025720500242        .012    
720119117001025720500242        .014    
720119212111025720500242        .014    
720119400111025720500242        .012    
720119700111025720500242        .012    
720320612111025720500242        .014    
720406086001025720500242        .014    
720474100021025720500242        .022    
720486700111025720500242        .014    
720590810001025720500242        .012    
720590812001025720500242        .012    
720590814001025720500242        .012    
721235086001025720500242        .014    
721240010051025720500242        .012    
721240014021025720500242        .014    
724302200101025720500242        .014    
724303600001025720500242        .014    
726117302111025720500242        .014    
726117304001025720500242        .014    
726117305001025720500242        .014    
726117306001025720500242        .014    
726117401111025720500242        .014    
726117403001025720500242        .014    
726510040001025720500242        .014    
726510060001025720500242        .012    
726510070001025720500242        .012    
733108801111025720500242        .014    
733108803111025720500242        .014    
734101639071025720500242        .014    
738501000001025720500242        .022    
743595045001025720500242        .014    
743595058001025720500242        .014    
991727218001025720500242        .022    
062650054001025733200042        .032    
062650121001025733200042        .032    
062710277001025733200042        .032    
062720375001025733200042        .032    
062727004001025733200042        .032    
078730006001025733200042        .019    
078740024001025733200042        .019    
079710245001025733200042        .018    
079710304001025733200042        .019    
079710895001025733200042        .018    
721235063001025733200042        .019    
721235086001025733200042        .019    
721235087001025733200042        .019    
724302200101025733200042        .032    
025890061001025733500042         .15    
025890062001025733500042         .15    
017490286001025806000142         .03    
062710055001025806000142         .01    
062720301001025806000142         .01    
062720375001025806000142         .01    
062720650001026104500542       .0125    
062720920001026104500542       .0125    
062720980001026104500542       .0125    
062721170001026104500542       .0125    
062727010001026104500542       .0125    
062727020001026104500542       .0125    
078730003001026104500542        .005    
079710444001026104500542        .005    
017030134001027000900115        .003    
017030219001027000900115        .003    
017193033001027000900115        .003    
017390142001027000900115        .003    
017390154001027000900115        .003    
017390157001027000900115        .003    
017390174001027000900115        .003    
017390177001027000900115        .003    
017433093001027000900115        .003    
017433099001027000900115        .003    
017433117011027000900115        .003    
017433117021027000900115        .003    
017433118001027000900115        .003    
017433135001027000900115        .003    
017490282001027000900115        .003    
017490363001027000900115        .003    
017495053001027000900115        .003    
017495072001027000900115        .003    
017495134001027000900115        .003    
017690102001027000900115        .003    
017690214001027000900115        .003    
017690225001027000900115        .003    
017690238001027000900115        .003    
017690260001027000900115        .003    
017690590001027000900115        .003    
017780060001027000900115        .003    
017780070001027000900115        .003    
025890062001027000900115        .003    
062650054001027000900115        .022    
062650096001027000900115        .022    
062710277001027000900115        .022    
062720168001027000900115        .022    
062727004001027000900115        .022    
072710044001027000900115         .04    
079670063001027000900115         .04    
079710043001027000900115         .04    
079710142001027000900115         .04    
079710228001027000900115         .04    
079710243001027000900115         .04    
079710246001027000900115         .04    
079710312001027000900115         .04    
079710444001027000900115         .04    
079710444011027000900115         .04    
079710444021027000900115         .04    
079710887001027000900115         .04    
720590810001027000900115        .003    
720590812001027000900115        .003    
720590814001027000900115        .003    
721240010051027000900115        .003    
721240014021027000900115        .003    
735108010001027000900115        .003    
735108020001027000900115        .003    
062721170001027095200042         .05    
079710245001027095200042         .05    
072710045001027184900042         .04    
017390310001027193300215          .5    
062650057001027193300215        .022    
062650057011027193300215        .022    
062650057021027193300215        .022    
062650057031027193300215        .022    
062650057041027193300215        .022    
062650057051027193300215        .022    
062650486001027193300215        .022    
062650486011027193300215        .022    
062650789001027193300215        .022    
062650874001027193300215        .022    
062650874011027193300215        .022    
062650874021027193300215        .022    
062650874031027193300215        .022    
062650874041027193300215        .022    
062650874051027193300215        .022    
062650874061027193300215        .022    
062650874071027193300215        .022    
062657003001027193300215        .022    
062660215001027193300215        .022    
062710047001027193300215        .022    
062710055001027193300215        .022    
062710080001027193300215        .022    
062720229001027193300215        .022    
062720268001027193300215        .022    
062720301001027193300215        .022    
062720342001027193300215        .022    
062720376001027193300215        .022    
062720421001027193300215        .022    
062720422001027193300215        .022    
062720470001027193300215        .022    
062720560001027193300215        .022    
062720650001027193300215        .022    
062720920001027193300215        .022    
062720980001027193300215        .022    
062721040001027193300215        .022    
062721160001027193300215        .022    
062721170001027193300215        .022    
062722140001027193300215        .022    
062727010001027193300215        .023    
062727020001027193300215        .022    
062890352001027193300215        .022    
062894090001027193300215        .023    
062895060001027193300215        .022    
072750005001027193300215        .141    
078710076001027193300215        .141    
078730003001027193300215        .141    
078730004001027193300215        .141    
078730006001027193300215        .141    
078740031001027193300215        .141    
079710104001027193300215        .141    
079710238001027193300215        .141    
720102306001027193300215        .022    
720102708001027193300215        .141    
721235063001027193300215        .141    
721235086001027193300215        .022    
721235087001027193300215        .141    
735507900001027193300215        .141    
735508100001027193300215        .141    
921523040001027193300215        .141    
072750005001027197700142        .005    
071290061001027197700242        .015    
743595045001027197700242        .015    
017490341001027210006042         .05    
062720231001027210006042        .075    
735507900001027210006042         .15    
735508100001027210006042         .15    
017490303001027230200142         .04    
017690106001027230200142         .04    
017690106011027230200142         .04    
017690402001027230200142         .04    
062895060001027230200142       .0025    
743595045001027230200142       .0025    
062650486001027261200442        .007    
062650486011027261200442        .011    
721235063001027261200442        .007    
721235086001027261200442        .007    
721235087001027261200442        .007    
721240010051027261200442        .064    
721240014021027261200442        .011    
017000031001027415003242        .072    
017433099001027415003242        .072    
017490403001027415003242        .072    
017690432001027415003242        .072    
062650035001027415003242        .714    
062650035011027415003242        .714    
062650035021027415003242        .714    
062650035031027415003242        .714    
062650035041027415003242        .714    
062650035051027415003242        .714    
062650035061027415003242        .714    
062650035071027415003242        .714    
062650035081027415003242        .714    
062650045001027415003242        .714    
062650051001027415003242        .714    
062650057001027415003242        .714    
062650057011027415003242        .714    
062650057021027415003242        .714    
062650057031027415003242        .714    
062650057041027415003242        .714    
062650057051027415003242        .714    
062650061001027415003242        .714    
062650068001027415003242        .714    
062650068011027415003242        .714    
062650068021027415003242        .714    
062650068031027415003242        .714    
062650068041027415003242        .714    
062650068051027415003242        .714    
062650068061027415003242        .714    
062650068071027415003242        .714    
062650096001027415003242        .714    
062650201001027415003242        .714    
062650201011027415003242        .714    
062650201021027415003242        .714    
062650201031027415003242        .714    
062650201041027415003242        .714    
062650202001027415003242        .714    
062650873001027415003242        .714    
062650873011027415003242        .714    
062650873021027415003242        .714    
062650873031027415003242        .714    
062650873041027415003242        .714    
062650873051027415003242        .714    
062650873061027415003242        .714    
062650874001027415003242        .714    
062650874011027415003242        .714    
062650874021027415003242        .714    
062650874031027415003242        .714    
062650874041027415003242        .714    
062650874051027415003242        .714    
062650874061027415003242        .714    
062650874071027415003242        .714    
062650997001027415003242        .714    
062651113001027415003242        .714    
062660004001027415003242        .714    
062720168001027415003242        .714    
062890333001027415003242        .714    
062890333011027415003242        .714    
062895060001027415003242        .714    
072710045001027415003242       4.822    
079710142001027415003242       4.822    
079710154001027415003242       4.822    
079710245001027415003242       4.822    
735506800001027415003242        .714    
735507100001027415003242        .714    
720119117001027415004042        .714    
078730003001027544500850          .1    
078730004001027544500850          .1    
079710444001027544500850          .1    
017030134001027544501650         .02    
017390176001027544501650         .05    
017390142001027547500050         .01    
062720560001027547500050         .17    
062720920001027547500050         .17    
062720980001027547500050         .17    
062721170001027547500050         .17    
062727020001027547500050         .17    
724303600001027547500050         .17    
720590810001029967000151          .5    
720590812001029967000151          .5    
720590814001029967000151          .5    
005880120001035399800042        .006    
005960420001035399800042        .006    
996011157001035399800042        .006    
005880120001035468400042        .001    
005960420001035468400042        .001    
996011157001035468400042        .001    
005880120001035710500042        .002    
005960420001035710500042        .002    
996011157001035710500042        .002    
005880120001035753000042       .0008    
005960420001035753000042       .0008    
996011157001035753000042       .0008    
005880120001036102200042         .11    
005960420001036102200042         .11    
996011157001036102200042         .11    
005880120001036185000042        .006    
005960420001036185000042        .006    
996011157001036185000042        .006    
017030099001043156500042      .00061    
017193054001043156500042       .0006    
017490197001043156500042       .0006    
017490266001043156500042      .00058    
017490404001043156500042      .00061    
062651001001043156500042        .003    
920276179001043156500042      .00138    
920276190001043156500042       .0014    
920276223001043156500042       .0016    
920276234001043156500042       .0016    
920276245001043156500042       .0016    
920276454001043156500042      .00132    
920276465001043156500042       .0014    
921510111001043156500042        .005    
981963520001043156500042       .0027    
981964157001043156500042       .0054    
991510243001043156500042        .005    
017193119001043280200042        .002    
017690609001043280200042       .0023    
017890007001043280200042       .0018    
017890008001043280200042       .0017    
062570021001043280200042       .0014    
062570025001043280200042      .00011    
062650291001043280200042       .0015    
062650432001043280200042      .00176    
062650590001043280200042       .0016    
062650802001043280200042       .0018    
062652190011043280200042      .00011    
062660132001043280200042       .0005    
062660155001043280200042        .003    
062660174001043280200042      .00187    
062660175001043280200042       .0014    
062660220001043280200042       .0015    
062660560001043280200042        .006    
062710322001043280200042        .004    
062720415001043280200042       .0033    
062830160001043280200042       .0025    
078670515001043280200042      .00011    
920217989001043280200042        .013    
920217990001043280200042        .014    
920276014001043280200042       .0007    
920276553001043280200042       .0013    
921966010001043280200042        .001    
921966395001043280200042       .0008    
921966549001043280200042       .0014    
921966550001043280200042       .0013    
981727570001043280200042        .007    
981727789001043280200042        .006    
981962892001043280200042       .0065    
981964366001043280200042        .007    
062651001001043285500042        .001    
920276179001043285500042       .0012    
920276190001043285500042      .00002    
920276223001043285500042      .00004    
920276234001043285500042      .00004    
920276245001043285500042      .00004    
920276454001043285500042       .0004    
920276465001043285500042      .00003    
921510111001043285500042       .0005    
981963520001043285500042      .00003    
981964157001043285500042       .0004    
991510243001043285500042       .0005    
078710076001045103100042        .025    
017030099001045103200042       .0004    
017193054001045103200042       .0004    
017490197001045103200042       .0004    
017490266001045103200042       .0004    
017490404001045103200042       .0004    
062651001001045103200042        .006    
920276179001045103200042       .0013    
920276190001045103200042       .0013    
920276223001045103200042       .0014    
920276234001045103200042       .0016    
920276245001045103200042       .0016    
920276454001045103200042       .0012    
920276465001045103200042       .0014    
981963520001045103200042       .0069    
981964157001045103200042        .011    
991510111001045103200042        .005    
991510243001045103200042        .005    
066110001001045103300042        .008    
066115150001045103300042        .194    
066120001001045103300042        .166    
076110044001045103300042        .064    
076115106001045103300042        .048    
076115107001045103300042        .057    
076115110001045103300042        .131    
079710439011045103300042        .037    
921711745011045131101342         .05    
921214479001045131500042       .0038    
921255443001045131500042       .0042    
921659814001045131500042         .01    
921659825001045131500042        .012    
921659836001045131500042        .016    
921659847001045131500042        .013    
921711745011045131500042        .071    
921728817001045131500042        .002    
921729224001045131500042        .003    
981659215001045131500042        .008    
991712082001045131500042        .005    
921214479001045133300042       .0162    
921255443001045133300042        .019    
921659814001045133300042        .107    
921659825001045133300042        .049    
921659836001045133300042        .058    
921659847001045133300042        .051    
921728817001045133300042        .008    
921729224001045133300042        .105    
921966285001045133300042        .063    
921966813001045133300042      .00002    
921966846001045133300042      .00004    
981659215001045133300042        .081    
981964949001045133300042        .063    
991712082001045133300042        .032    
017193240001045140800042        .021    
066080090001045140800042        .101    
017193119001045140900042        .004    
017390186001045140900042        .002    
017690609001045140900042        .006    
017840005001045140900042        .002    
017840012001045140900042        .002    
017890007001045140900042        .002    
017890008001045140900042        .002    
062570021001045140900042      .00075    
062570025001045140900042       .0008    
062650233001045140900042       .0015    
062650291001045140900042        .002    
062650432001045140900042       .0015    
062650590001045140900042       .0014    
062650802001045140900042       .0018    
062652190011045140900042      .00027    
062660132001045140900042       .0012    
062660155001045140900042        .006    
062660174001045140900042        .003    
062660175001045140900042       .0019    
062660220001045140900042        .002    
062660221001045140900042       .0013    
062660222001045140900042        .005    
062660560001045140900042        .009    
062710322001045140900042       .0054    
062720415001045140900042        .006    
062721160001045140900042        .024    
062830160001045140900042        .005    
066140014001045140900042        .059    
072710047001045140900042        .025    
072710198001045140900042        .024    
072720820001045140900042        .022    
072750006001045140900042        .023    
072750009001045140900042        .022    
072750090001045140900042        .029    
076131300001045140900042        .011    
076137000001045140900042        .014    
076140057001045140900042        .012    
076141500001045140900042        .011    
076150001001045140900042        .011    
076154001001045140900042        .092    
078670515001045140900042         .01    
078740020001045140900042        .029    
078750013001045140900042        .023    
079710969001045140900042        .025    
920276036001045140900042        .026    
920276047001045140900042       .0007    
920276058001045140900042       .0007    
920276190001045140900042        .001    
920276212001045140900042      .00005    
920276223001045140900042       .0007    
920276234001045140900042       .0008    
920276245001045140900042       .0007    
921214479001045140900042        .027    
921711745011045140900042        .044    
921966010001045140900042       .0008    
921966186001045140900042       .0003    
921966956001045140900042       .0004    
981963739001045140900042       .0005    
981963838001045140900042       .0024    
991510089001045140900042       .0026    
991510111001045140900042        .004    
991510155001045140900042       .0026    
991510243001045140900042        .004    
991521925001045140900042       .0024    
991712082001045140900042        .009    
991726074001045140900042        .014    
072750009001045141000142        .011    
017390186001045141000342        .001    
017840005001045141000342        .002    
017840012001045141000342        .002    
066140014001045141000342         .75    
072710047001045141000342        .128    
072710198001045141000342        .123    
072720820001045141000342        .117    
072750006001045141000342        .118    
072750090001045141000342        .143    
076131300001045141000342        .061    
076137000001045141000342        .076    
076140057001045141000342        .067    
076141500001045141000342        .062    
076150001001045141000342        .062    
078740020001045141000342        .124    
078750013001045141000342        .118    
079710969001045141000342        .128    
921254563001045141000342          .1    
921254574001045141000342        .074    
921711745011045141000342        .193    
921966395001045141000342       .0076    
991510111001045141000342        .043    
991510243001045141000342        .043    
991521925001045141000342        .039    
991726074001045141000342        .087    
062721160001045141000842         .13    
062650233001045141000942        .005    
062660221001045141000942       .0042    
062660222001045141000942        .009    
991712082001045141001042        .017    
017193119001045141001342        .018    
017690609001045141001342        .021    
017890007001045141001342        .016    
017890008001045141001342        .015    
062570021001045141001342       .0134    
062570025001045141001342       .0008    
062650291001045141001342        .014    
062650432001045141001342        .016    
062650590001045141001342       .0144    
062650802001045141001342        .017    
062652190011045141001342      .00095    
062660132001045141001342       .0144    
062660155001045141001342       .0274    
062660174001045141001342        .017    
062660175001045141001342        .013    
062660220001045141001342        .014    
062660560001045141001342         .05    
062710322001045141001342        .035    
062720415001045141001342         .03    
062830160001045141001342       .0023    
076154001001045141001342        .421    
078670515001045141001342        .001    
920217989001045141001342       .1286    
920217990001045141001342       .1306    
920276014001045141001342       .0066    
920276553001045141001342       .0116    
921966010001045141001342       .0086    
921966549001045141001342       .0126    
921966550001045141001342       .0116    
981727570001045141001342        .063    
981727789001045141001342        .055    
981962892001045141001342        .059    
981964366001045141001342       .0616    
921966285001045177000142       .0197    
921966813001045177000142      .00225    
921966846001045177000142       .0023    
981964949001045177000142       .0174    
017080015001045179800042       .0006    
017080067001045179800042        .005    
017080072001045179800042        .002    
017080090001045179800042        .009    
017080097001045179800042        .009    
017080097011045179800042        .009    
017080120001045179800042        .063    
017080130001045179800042        .008    
017080190001045179800042        .008    
017087050001045179800042         .02    
062080070001045179800042         .09    
062080420001045179800042        .026    
062080450001045179800042        .091    
062080590001045179800042        .012    
062080620001045179800042        .045    
062087009001045179800042        .103    
062087009011045179800042        .104    
066080040001045179800042        .035    
066080190001045179800042        .036    
920217989001045179800042         .03    
920217990001045179800042        .031    
920276014001045179800042      .00001    
920276553001045179800042        .002    
921254563001045179800042        .091    
921254574001045179800042        .066    
921966395001045179800042       .0005    
921966549001045179800042       .0026    
921966550001045179800042       .0024    
981727570001045179800042       .0008    
981727789001045179800042       .0005    
981962892001045179800042        .002    
981964366001045179800042       .0004    
017080120001045185400042        .027    
017080190001045185400042       .0087    
062660220001045185400042       .0048    
072710047001045185400042        .224    
072710198001045185400042        .022    
072720820001045185400042         .22    
072750006001045185400042         .22    
920276047001045185400042       .0002    
921214479001045185400042       .0099    
921966010001045185400042       .0008    
921966186001045185400042      .00009    
921966550001045185400042       .0022    
017080015001045185401042       .0069    
017080067001045185401042       .0087    
017080072001045185401042       .0078    
017080090001045185401042       .0097    
017080097001045185401042       .0097    
017080097011045185401042       .0087    
017080130001045185401042       .0087    
017087050001045185401042       .0127    
017193119001045185401042       .0087    
017390186001045185401042       .0068    
017690609001045185401042       .0087    
017840005001045185401042       .0069    
017840012001045185401042       .0068    
017890007001045185401042       .0069    
017890008001045185401042       .0069    
062080070001045185401042        .102    
062080420001045185401042         .03    
062080450001045185401042         .04    
062080590001045185401042         .02    
062080620001045185401042         .05    
062087009001045185401042         .12    
062087009011045185401042         .12    
062570021001045185401042       .0043    
062570025001045185401042       .0003    
062650233001045185401042        .002    
062650291001045185401042        .005    
062650432001045185401042       .0053    
062650590001045185401042        .005    
062650802001045185401042       .0055    
062652190011045185401042       .0004    
062660132001045185401042        .006    
062660155001045185401042         .01    
062660174001045185401042        .006    
062660175001045185401042       .0045    
062660221001045185401042       .0017    
062660222001045185401042        .004    
062660560001045185401042        .017    
062710322001045185401042        .012    
062720415001045185401042       .0108    
062721160001045185401042        .046    
062830160001045185401042        .008    
066080040001045185401042        .306    
066080090001045185401042        .305    
066080190001045185401042        .304    
066110001001045185401042        .003    
066115150001045185401042         .31    
066120001001045185401042         .29    
066140014001045185401042         .29    
072750009001045185401042        .219    
072750090001045185401042         .23    
076110044001045185401042        .174    
076115106001045185401042        .169    
076115107001045185401042        .172    
076115110001045185401042        .194    
076131300001045185401042        .164    
076137000001045185401042         .17    
076140057001045185401042        .166    
076141500001045185401042        .164    
076150001001045185401042        .165    
076154001001045185401042        .297    
078670515001045185401042        .165    
078740020001045185401042        .222    
078750013001045185401042         .22    
079710969001045185401042        .224    
920217989001045185401042        .037    
920217990001045185401042        .038    
920276014001045185401042      .00001    
920276036001045185401042        .008    
920276058001045185401042       .0002    
920276190001045185401042       .0003    
920276212001045185401042      .00002    
920276223001045185401042       .0002    
920276234001045185401042      .00024    
920276245001045185401042       .0002    
920276553001045185401042        .002    
921254563001045185401042       .0665    
921254574001045185401042       .0495    
921510111001045185401042        .027    
921711745011045185401042        .071    
921966395001045185401042       .0005    
921966549001045185401042       .0026    
921966956001045185401042       .0085    
981727570001045185401042       .0092    
981727789001045185401042       .0089    
981962892001045185401042       .0105    
981963739001045185401042       .0086    
981963838001045185401042       .0091    
981964366001045185401042       .0088    
991510089001045185401042        .024    
991510155001045185401042        .024    
991510243001045185401042        .027    
991521925001045185401042        .025    
991712082001045185401042        .031    
991726074001045185401042        .044    
062650486001045200100042        .004    
066110104001045200100042        .002    
017080015001045208500842       .0008    
017080067001045208500842        .014    
017080072001045208500842        .006    
017080090001045208500842        .024    
017080097001045208500842        .013    
017080097011045208500842        .013    
017080120001045208500842        .179    
017080130001045208500842        .022    
017080190001045208500842        .022    
017087050001045208500842        .065    
062080070001045208500842         .25    
062080420001045208500842        .073    
062080450001045208500842         .09    
062080590001045208500842        .033    
062080620001045208500842        .124    
062087009001045208500842          .3    
062087009011045208500842          .3    
066080040001045208500842          .1    
066080055001045208500842        .097    
066080056001045208500842        .085    
066080057001045208500842         .11    
066080063001045208500842        .049    
066080064001045208500842        .019    
066080066001045208500842        .074    
066080090001045208500842        .211    
066080190001045208500842         .05    
017080015001045215400042       .0173    
017080067001045215400042        .021    
017080072001045215400042        .019    
017080090001045215400042        .024    
017080097001045215400042        .024    
017080097011045215400042        .021    
017080120001045215400042        .071    
017080130001045215400042       .0241    
017080190001045215400042        .024    
017087050001045215400042        .037    
062650486001045215400042       .0012    
066080040001045215400042         .51    
066080055001045215400042        .509    
066080056001045215400042        .506    
066080057001045215400042        .513    
066080063001045215400042        .495    
066080064001045215400042        .486    
066080066001045215400042        .502    
066080090001045215400042        .543    
066080190001045215400042        .495    
066110104001045215400042        .481    
921966285001045215400042      .00003    
921966813001045215400042      .00002    
921966846001045215400042      .00001    
981964949001045215400042      .00002    
017193240001045280600042        .006    
066154006001045390300142        .132    
076154001001045390300142         .08    
017030099001045488500042      .00005    
017193054001045488500042      .00004    
017193240001045488500042        .002    
017490197001045488500042      .00004    
017490266001045488500042      .00002    
017490404001045488500042      .00006    
062651001001045488500042        .005    
078710076001045488500042       .0075    
920276179001045488500042       .0014    
920276190001045488500042       .0014    
920276223001045488500042       .0015    
920276234001045488500042      .00148    
920276245001045488500042       .0015    
920276454001045488500042      .00136    
920276465001045488500042       .0014    
921510111001045488500042       .0025    
981963520001045488500042       .0086    
981964157001045488500042         .01    
991510243001045488500042       .0005    
017030099001045520100042       .0078    
017193054001045520100042       .0077    
017193240001045520100042        .011    
017490197001045520100042       .0077    
017490266001045520100042       .0077    
017490404001045520100042       .0078    
017030099001045521610042      .00007    
017193054001045521610042      .00006    
017193240001045521610042        .003    
017490197001045521610042      .00006    
017490266001045521610042      .00003    
017490404001045521610042      .00008    
062651001001045521610042        .006    
078710076001045521610042         .01    
920276179001045521610042      .00012    
920276190001045521610042      .00012    
920276223001045521610042       .0002    
920276234001045521610042      .00024    
920276245001045521610042      .00024    
920276454001045521610042      .00008    
920276465001045521610042       .0002    
921214479001045521610042       .0093    
921255443001045521610042       .0107    
921510111001045521610042       .0013    
921659814001045521610042       .0195    
921659825001045521610042        .008    
921659836001045521610042        .012    
921659847001045521610042        .009    
921711745011045521610042        .036    
921728817001045521610042       .0106    
921729224001045521610042       .0115    
981659215001045521610042       .0163    
981963520001045521610042       .0087    
981964157001045521610042       .0105    
991510243001045521610042       .0019    
991712082001045521610042        .008    
062651001001045604800142        .068    
066154006001045604800142        .115    
076154001001045604800142         .15    
078710076001045604800142        .066    
079710439011045604800142        .114    
920276179001045604800142      .00012    
920276190001045604800142       .0001    
920276223001045604800142       .0002    
920276234001045604800142      .00018    
920276245001045604800142       .0002    
920276454001045604800142      .00006    
920276465001045604800142       .0001    
921510111001045604800142        .025    
981963520001045604800142        .016    
981964157001045604800142        .018    
991510243001045604800142        .025    
017080015001045720100042       .0005    
017080067001045720100042        .004    
017080072001045720100042        .002    
017080090001045720100042        .007    
017080097001045720100042        .008    
017080097011045720100042        .008    
017080120001045720100042        .056    
017080130001045720100042        .007    
017080190001045720100042        .007    
017087050001045720100042        .018    
017193119001045720100042        .002    
017390186001045720100042      .00008    
017690609001045720100042        .002    
017840005001045720100042       .0003    
017840012001045720100042       .0001    
017890007001045720100042       .0002    
017890008001045720100042       .0002    
062080070001045720100042         .07    
062080420001045720100042         .02    
062080450001045720100042        .023    
062080590001045720100042        .009    
062080620001045720100042         .04    
062087009001045720100042         .08    
062087009011045720100042         .08    
062570021001045720100042       .0012    
062570025001045720100042       .0103    
062650233001045720100042        .002    
062650291001045720100042       .0013    
062650432001045720100042        .002    
062650486001045720100042      .00018    
062650590001045720100042       .0015    
062650802001045720100042       .0023    
062652190011045720100042      .00032    
062660132001045720100042        .002    
062660155001045720100042        .006    
062660174001045720100042        .003    
062660175001045720100042       .0011    
062660220001045720100042       .0013    
062660221001045720100042       .0017    
062660222001045720100042        .004    
062660560001045720100042        .013    
062710322001045720100042        .009    
062720415001045720100042       .0062    
062721160001045720100042        .034    
062830160001045720100042       .0043    
066080040001045720100042        .053    
066080055001045720100042        .053    
066080056001045720100042         .05    
066080057001045720100042        .056    
066080063001045720100042         .04    
066080064001045720100042        .027    
066080066001045720100042        .044    
066080090001045720100042        .087    
066080190001045720100042        .053    
066110001001045720100042        .007    
066110104001045720100042        .002    
066115150001045720100042        .098    
066120001001045720100042        .025    
066140014001045720100042        .028    
072710047001045720100042        .052    
072710198001045720100042         .05    
072720820001045720100042        .048    
072750006001045720100042        .048    
072750009001045720100042        .047    
072750090001045720100042        .058    
076110044001045720100042        .067    
076115106001045720100042        .046    
076115107001045720100042        .052    
076115110001045720100042        .154    
076131300001045720100042        .022    
076137000001045720100042        .026    
076140057001045720100042       .0231    
076141500001045720100042       .0013    
076150001001045720100042       .0014    
076154001001045720100042        .147    
078670515001045720100042       .0206    
078710076001045720100042       .0472    
078740020001045720100042         .05    
078750013001045720100042        .048    
079710969001045720100042        .052    
920217989001045720100042        .042    
920217990001045720100042        .043    
920276014001045720100042     .000006    
920276036001045720100042         .02    
920276047001045720100042       .0004    
920276058001045720100042       .0004    
920276190001045720100042       .0008    
920276212001045720100042      .00004    
920276223001045720100042       .0006    
920276234001045720100042       .0006    
920276245001045720100042       .0006    
920276553001045720100042        .002    
921214479001045720100042      .00575    
921254563001045720100042       .0388    
921254574001045720100042       .0288    
921255443001045720100042      .00675    
921659814001045720100042        .031    
921659825001045720100042        .016    
921659836001045720100042        .023    
921659847001045720100042        .019    
921711745011045720100042        .067    
921728817001045720100042        .023    
921729224001045720100042        .024    
921966010001045720100042       .0013    
921966186001045720100042       .0002    
921966285001045720100042        .019    
921966395001045720100042       .0003    
921966549001045720100042        .002    
921966550001045720100042        .002    
921966813001045720100042      .00003    
921966846001045720100042      .00007    
921966956001045720100042       .0192    
981659215001045720100042       .0329    
981727570001045720100042       .0191    
981727789001045720100042       .0193    
981962892001045720100042       .0209    
981963739001045720100042       .0193    
981963838001045720100042       .0209    
981964366001045720100042       .0192    
981964949001045720100042        .019    
991510089001045720100042        .006    
991510111001045720100042        .006    
991510155001045720100042        .006    
991510243001045720100042        .006    
991521925001045720100042        .006    
991712082001045720100042        .015    
991726074001045720100042        .024    
017193240001045720500242        .054    
017030099001047000900115       .0042    
017080015001047000900115       .0042    
017080067001047000900115       .0042    
017080072001047000900142       .0042    
017080090001047000900115       .0042    
017080097001047000900115       .0042    
017080097011047000900115       .0042    
017080120001047000900115       .0042    
017080130001047000900115       .0042    
017080190001047000900115       .0042    
017087050001047000900115       .0042    
017193054001047000900115       .0042    
017193119001047000900142       .0042    
017193240001047000900115       .0042    
017390186001047000900115       .0042    
017490197001047000900115       .0042    
017490266001047000900115       .0042    
017490404001047000900115       .0042    
017690609001047000900115       .0042    
017840005001047000900115       .0042    
017840012001047000900115       .0042    
017890007001047000900115       .0042    
017890008001047000900115       .0042    
062080070001047000900115       .0029    
062080420001047000900115       .0029    
062080450001047000900115       .0029    
062080590001047000900115       .0029    
062080620001047000900115       .0029    
062087009001047000900115       .0029    
062087009011047000900115       .0029    
062570021001047000900115       .0029    
062570025001047000900115       .0029    
062650233001047000900115       .0029    
062650291001047000900115       .0029    
062650432001047000900115       .0029    
062650486001047000900115       .0029    
062650590001047000900115       .0029    
062650802001047000900115       .0029    
062651001001047000900115       .0029    
062652190011047000900115       .0029    
062660132001047000900115       .0029    
062660155001047000900115       .0029    
062660174001047000900115       .0029    
062660175001047000900115       .0029    
062660220001047000900115       .0029    
062660221001047000900115       .0029    
062660222001047000900115       .0029    
062660560001047000900115       .0029    
062710322001047000900115       .0029    
062720415001047000900115       .0029    
062721160001047000900115       .0029    
062830160001047000900115       .0029    
066080040001047000900115       .0058    
066080055001047000900115       .0058    
066080056001047000900115       .0058    
066080057001047000900115       .0058    
066080063001047000900115       .0058    
066080064001047000900115       .0058    
066080066001047000900115       .0058    
066080090001047000900115       .0058    
066080190001047000900115       .0058    
066110001001047000900115       .0058    
066110104001047000900115       .0058    
066115150001047000900115       .0058    
066120001001047000900115       .0058    
066140014001047000900115       .0058    
066154006001047000900115       .0058    
072710047001047000900115        .046    
072710198001047000900115        .046    
072720820001047000900142        .046    
072750006001047000900115        .046    
072750009001047000900115        .046    
072750090001047000900115        .046    
076110044001047000900115         .01    
076115106001047000900115         .01    
076115107001047000900115         .01    
076115110001047000900115         .01    
076131300001047000900115         .01    
076137000001047000900115         .01    
076140057001047000900115         .01    
076141500001047000900115         .01    
076150001001047000900115         .01    
076154001001047000900115         .01    
078670515001047000900115         .01    
078710076001047000900115        .046    
078740020001047000900115        .046    
078750013001047000900115        .046    
079710439011047000900115        .046    
079710969001047000900115        .046    
920217989001047000900115         .01    
920217990001047000900115         .01    
920276014001047000900115         .01    
920276036001047000900115         .01    
920276047001047000900115         .01    
920276058001047000900115         .01    
920276179001047000900115         .01    
920276190001047000900115         .01    
920276212001047000900115         .01    
920276223001047000900115         .01    
920276234001047000900115         .01    
920276245001047000900115         .01    
920276454001047000900115         .01    
920276465001047000900115         .01    
920276553001047000900115         .01    
921214479001047000900115         .01    
921254563001047000900115         .01    
921254574001047000900115         .01    
921255443001047000900115         .01    
921510111001047000900115        .012    
921659814001047000900115         .01    
921659825001047000900115         .01    
921659836001047000900115         .01    
921659847001047000900115         .01    
921711745011047000900115         .01    
921728817001047000900115         .01    
921729224001047000900115         .01    
921966010001047000900115         .01    
921966186001047000900115         .01    
921966285001047000900115         .01    
921966395001047000900115         .01    
921966549001047000900115         .01    
921966550001047000900115         .01    
921966813001047000900115         .01    
921966846001047000900115         .01    
921966956001047000900115         .01    
981659215001047000900115         .01    
981727570001047000900115         .01    
981727789001047000900115         .01    
981962892001047000900115         .01    
981963520001047000900115         .01    
981963739001047000900115         .01    
981963838001047000900115         .01    
981964157001047000900115         .01    
981964366001047000900115         .01    
981964949001047000900115         .01    
991510089001047000900115        .012    
991510155001047000900115        .012    
991510243001047000900115        .012    
991521925001047000900115        .012    
991712082001047000900115        .012    
991726074001047000900115        .012    
017030099001047005100115       .0013    
017080015001047005100115       .0013    
017080067001047005100115       .0013    
017080072001047005100142       .0013    
017080090001047005100115       .0013    
017080097001047005100115       .0013    
017080097011047005100115       .0013    
017080120001047005100115       .0013    
017080130001047005100115       .0013    
017080190001047005100115       .0013    
017087050001047005100115       .0013    
017193054001047005100115       .0013    
017193119001047005100142       .0013    
017193240001047005100115       .0013    
017390186001047005100115       .0013    
017490197001047005100115       .0013    
017490266001047005100115       .0013    
017490404001047005100115       .0013    
017690609001047005100115       .0013    
017840005001047005100115       .0013    
017840012001047005100115       .0013    
017890007001047005100115       .0013    
017890008001047005100115       .0013    
062080070001047005100115       .0036    
062080420001047005100115       .0036    
062080450001047005100115       .0036    
062080590001047005100115       .0036    
062080620001047005100115       .0036    
062087009001047005100115       .0036    
062087009011047005100115       .0036    
062570021001047005100115       .0036    
062570025001047005100115       .0036    
062650233001047005100115       .0036    
062650291001047005100115       .0036    
062650432001047005100115       .0036    
062650486001047005100115       .0036    
062650590001047005100115       .0036    
062650802001047005100115       .0036    
062651001001047005100115       .0036    
062652190011047005100115       .0036    
062660132001047005100115       .0036    
062660155001047005100115       .0036    
062660174001047005100115       .0036    
062660175001047005100115       .0036    
062660220001047005100115       .0036    
062660221001047005100115       .0036    
062660222001047005100115       .0036    
062660560001047005100115       .0036    
062710322001047005100115       .0036    
062720415001047005100115       .0036    
062721160001047005100115       .0036    
062830160001047005100115       .0036    
066080040001047005100115       .0085    
066080055001047005100115       .0085    
066080056001047005100115       .0085    
066080057001047005100115       .0085    
066080063001047005100115       .0085    
066080064001047005100115       .0085    
066080066001047005100115       .0085    
066080090001047005100115       .0085    
066080190001047005100115       .0085    
066110001001047005100115       .0085    
066110104001047005100115       .0085    
066115150001047005100115       .0085    
066120001001047005100115       .0085    
066140014001047005100115       .0085    
066154006001047005100115       .0085    
072710047001047005100115         .04    
072710198001047005100115         .04    
072720820001047005100142         .04    
072750006001047005100115         .04    
072750009001047005100115         .04    
072750090001047005100115         .04    
076110044001047005100115        .015    
076115106001047005100115        .015    
076115107001047005100115        .015    
076115110001047005100115        .015    
076131300001047005100115        .015    
076137000001047005100115        .015    
076140057001047005100115        .015    
076141500001047005100115        .015    
076150001001047005100115        .015    
076154001001047005100115        .015    
078670515001047005100115        .015    
078710076001047005100115         .04    
078740020001047005100115         .04    
078750013001047005100115         .04    
079710439011047005100115         .04    
079710969001047005100115         .04    
920217989001047005100115        .011    
920217990001047005100115        .011    
920276014001047005100115        .011    
920276036001047005100115        .011    
920276047001047005100115        .011    
920276058001047005100115        .011    
920276179001047005100115        .011    
920276190001047005100115        .011    
920276212001047005100115        .011    
920276223001047005100115        .011    
920276234001047005100115        .011    
920276245001047005100115        .011    
920276454001047005100115        .011    
920276465001047005100115        .011    
920276553001047005100115        .011    
921214479001047005100115        .011    
921254563001047005100115        .011    
921254574001047005100115        .011    
921255443001047005100115        .011    
921510111001047005100115       .0072    
921659814001047005100115        .011    
921659825001047005100115        .011    
921659836001047005100115        .011    
921659847001047005100115        .011    
921711745011047005100115        .011    
921728817001047005100115        .011    
921729224001047005100115        .011    
921966010001047005100115        .011    
921966186001047005100115        .011    
921966285001047005100115        .011    
921966395001047005100115        .011    
921966549001047005100115        .011    
921966550001047005100115        .011    
921966813001047005100115        .011    
921966846001047005100115        .011    
921966956001047005100115        .011    
981659215001047005100115        .011    
981727570001047005100115        .011    
981727789001047005100115        .011    
981962892001047005100115        .011    
981963520001047005100115        .011    
981963739001047005100115        .011    
981963838001047005100115        .011    
981964157001047005100115        .011    
981964366001047005100115        .011    
981964949001047005100115        .011    
991510089001047005100115       .0072    
991510155001047005100115       .0072    
991510243001047005100115       .0072    
991521925001047005100115       .0072    
991712082001047005100115       .0072    
991726074001047005100115       .0072    
017030099001047193400315        .034    
017080015001047193400315        .034    
017080067001047193400315        .034    
017080072001047193400342        .034    
017080090001047193400315        .034    
017080097001047193400315        .034    
017080097011047193400315        .034    
017080120001047193400315        .034    
017080130001047193400315        .034    
017080190001047193400315        .034    
017087050001047193400315        .034    
017193054001047193400315        .034    
017193119001047193400342        .034    
017193240001047193400315        .034    
017390186001047193400315        .034    
017490197001047193400315        .034    
017490266001047193400315        .034    
017490404001047193400315        .034    
017690609001047193400315        .034    
017840005001047193400315        .034    
017840012001047193400315        .034    
017890007001047193400315        .034    
017890008001047193400315        .034    
062080070001047193400315        .015    
062080420001047193400315        .015    
062080450001047193400315        .015    
062080590001047193400315        .015    
062080620001047193400315        .015    
062087009001047193400315        .015    
062087009011047193400315        .015    
062570021001047193400315        .015    
062570025001047193400315        .015    
062650233001047193400315        .015    
062650291001047193400315        .015    
062650432001047193400315        .015    
062650486001047193400315        .015    
062650590001047193400315        .015    
062650802001047193400315        .015    
062651001001047193400315        .015    
062652190011047193400315        .015    
062660132001047193400315        .015    
062660155001047193400315        .015    
062660174001047193400315        .015    
062660175001047193400315        .015    
062660220001047193400315        .015    
062660221001047193400315        .015    
062660222001047193400315        .015    
062660560001047193400315        .015    
062710322001047193400315        .015    
062720415001047193400315        .015    
062721160001047193400315        .015    
062830160001047193400315        .015    
066080040001047193400315        .022    
066080055001047193400315        .022    
066080056001047193400315        .022    
066080057001047193400315        .022    
066080063001047193400315        .022    
066080064001047193400315        .022    
066080066001047193400315        .022    
066080090001047193400315        .022    
066080190001047193400315        .022    
066110001001047193400315        .022    
066110104001047193400315        .022    
066115150001047193400315        .022    
066120001001047193400315        .022    
066140014001047193400315        .022    
066154006001047193400315        .022    
072710047001047193400315         .19    
072710198001047193400315         .19    
072720820001047193400342         .19    
072750006001047193400315         .19    
072750009001047193400315         .19    
072750090001047193400315         .19    
076110044001047193400315        .036    
076115106001047193400315        .036    
076115107001047193400315        .036    
076115110001047193400315        .036    
076131300001047193400315        .036    
076137000001047193400315        .036    
076140057001047193400315        .036    
076141500001047193400315        .036    
076150001001047193400315        .036    
076154001001047193400315        .036    
078670515001047193400315        .036    
078710076001047193400315         .19    
078740020001047193400315         .19    
078750013001047193400315         .19    
079710439011047193400315         .19    
079710969001047193400315         .19    
920217989001047193400315        .017    
920217990001047193400315        .017    
920276014001047193400315        .017    
920276036001047193400315        .017    
920276047001047193400315        .017    
920276058001047193400315        .017    
920276179001047193400315        .017    
920276190001047193400315        .017    
920276212001047193400315        .017    
920276223001047193400315        .017    
920276234001047193400315        .017    
920276245001047193400315        .017    
920276454001047193400315        .017    
920276465001047193400315        .017    
920276553001047193400315        .017    
921214479001047193400315        .017    
921254563001047193400315        .017    
921254574001047193400315        .017    
921255443001047193400315        .017    
921510111001047193400315          .1    
921659814001047193400315        .017    
921659825001047193400315        .017    
921659836001047193400315        .017    
921659847001047193400315        .017    
921711745011047193400315        .017    
921728817001047193400315        .017    
921729224001047193400315        .017    
921966010001047193400315        .017    
921966186001047193400315        .017    
921966285001047193400315        .017    
921966395001047193400315        .017    
921966549001047193400315        .017    
921966550001047193400315        .017    
921966813001047193400315        .017    
921966846001047193400315        .017    
921966956001047193400315        .017    
981659215001047193400315        .017    
981727570001047193400315        .017    
981727789001047193400315        .017    
981962892001047193400315        .017    
981963520001047193400315        .017    
981963739001047193400315        .017    
981963838001047193400315        .017    
981964157001047193400315        .017    
981964366001047193400315        .017    
981964949001047193400315        .017    
991510089001047193400315          .1    
991510155001047193400315          .1    
991510243001047193400315          .1    
991521925001047193400315          .1    
991712082001047193400315         .12    
991726074001047193400315          .1    
017030099001047210006042       .0067    
017080015001047210006042       .0067    
017080067001047210006042       .0067    
017080072001047210006042       .0067    
017080090001047210006042       .0067    
017080097001047210006042       .0067    
017080097011047210006042       .0067    
017080120001047210006042       .0067    
017080130001047210006042       .0067    
017080190001047210006042       .0067    
017087050001047210006042       .0067    
017193054001047210006042      .00067    
017193119001047210006042       .0067    
017193240001047210006042       .0067    
017390186001047210006042       .0067    
017490197001047210006042       .0067    
017490266001047210006042       .0067    
017490404001047210006042       .0067    
017690609001047210006042       .0067    
017840005001047210006042       .0067    
017840012001047210006042       .0067    
017890007001047210006042       .0067    
017890008001047210006042       .0067    
062080070001047210006042       .0058    
062080420001047210006042       .0058    
062080450001047210006042       .0058    
062080590001047210006042       .0058    
062080620001047210006042       .0058    
062087009001047210006042       .0058    
062087009011047210006042       .0058    
062570021001047210006042       .0058    
062570025001047210006042       .0058    
062650233001047210006042       .0058    
062650291001047210006042       .0058    
062650432001047210006042       .0058    
062650486001047210006042       .0058    
062650590001047210006042       .0058    
062650802001047210006042       .0058    
062651001001047210006042       .0058    
062652190011047210006042       .0058    
062660132001047210006042       .0058    
062660155001047210006042       .0058    
062660174001047210006042       .0058    
062660175001047210006042       .0058    
062660220001047210006042       .0058    
062660221001047210006042       .0058    
062660222001047210006042       .0058    
062660560001047210006042       .0058    
062710322001047210006042       .0058    
062720415001047210006042       .0058    
062721160001047210006042       .0058    
062830160001047210006042       .0058    
066080040001047210006042         .02    
066080055001047210006042         .02    
066080056001047210006042         .02    
066080057001047210006042         .02    
066080063001047210006042         .02    
066080064001047210006042         .02    
066080066001047210006042         .02    
066080090001047210006042         .02    
066080190001047210006042         .02    
066110001001047210006042         .02    
066110104001047210006042         .02    
066115150001047210006042         .02    
066120001001047210006042         .02    
066140014001047210006042         .02    
066154006001047210006042         .02    
072710047001047210006042        .071    
072710198001047210006042        .071    
072720820001047210006042        .071    
072750006001047210006042        .071    
072750009001047210006042        .071    
072750090001047210006042        .071    
076110044001047210006042        .028    
076115106001047210006042        .028    
076115107001047210006042        .028    
076115110001047210006042        .028    
076131300001047210006042        .028    
076137000001047210006042        .028    
076140057001047210006042        .028    
076141500001047210006042        .028    
076150001001047210006042        .028    
076154001001047210006042        .028    
078670515001047210006042        .028    
078710076001047210006042        .071    
078740020001047210006042        .071    
078750013001047210006042        .071    
079710439011047210006042        .071    
079710969001047210006042        .071    
920217989001047210006042       .0127    
920217990001047210006042       .0127    
920276014001047210006042       .0127    
920276036001047210006042       .0127    
920276047001047210006042       .0127    
920276058001047210006042       .0127    
920276179001047210006042       .0127    
920276190001047210006042       .0127    
920276212001047210006042       .0127    
920276223001047210006042       .0127    
920276234001047210006042       .0127    
920276245001047210006042       .0127    
920276454001047210006042       .0127    
920276465001047210006042       .0127    
920276553001047210006042       .0127    
921214479001047210006042       .0127    
921254563001047210006042       .0127    
921254574001047210006042       .0127    
921255443001047210006042       .0127    
921510111001047210006042        .043    
921659814001047210006042       .0127    
921659825001047210006042       .0127    
921659836001047210006042       .0127    
921659847001047210006042       .0127    
921711745011047210006042       .0127    
921728817001047210006042       .0127    
921729224001047210006042       .0127    
921966010001047210006042       .0127    
921966186001047210006042       .0127    
921966285001047210006042       .0127    
921966395001047210006042       .0127    
921966549001047210006042       .0127    
921966550001047210006042       .0127    
921966813001047210006042       .0127    
921966846001047210006042       .0127    
921966956001047210006042       .0127    
981659215001047210006042       .0127    
981727570001047210006042       .0127    
981727789001047210006042       .0127    
981962892001047210006042       .0127    
981963520001047210006042       .0127    
981963739001047210006042       .0127    
981963838001047210006042       .0127    
981964157001047210006042       .0127    
981964366001047210006042       .0127    
981964949001047210006042       .0127    
991510089001047210006042        .043    
991510155001047210006042        .043    
991510243001047210006042        .043    
991521925001047210006042        .043    
991712082001047210006042        .043    
991726074001047210006042        .043    
017030099001047230200142       .0146    
017080015001047230200142       .0146    
017080067001047230200142       .0146    
017080072001047230200142       .0146    
017080090001047230200142       .0146    
017080097001047230200142       .0146    
017080097011047230200142       .0146    
017080120001047230200142       .0146    
017080130001047230200142       .0146    
017080190001047230200142       .0146    
017087050001047230200142       .0146    
017193054001047230200142       .0146    
017193119001047230200142       .0146    
017193240001047230200142       .0146    
017390186001047230200142       .0146    
017490197001047230200142       .0146    
017490266001047230200142       .0146    
017490404001047230200142       .0146    
017690609001047230200142       .0146    
017840005001047230200142       .0146    
017840012001047230200142       .0146    
017890007001047230200142       .0146    
017890008001047230200142       .0146    
062080070001047230200142        .015    
062080420001047230200142        .015    
062080450001047230200142        .015    
062080590001047230200142        .015    
062080620001047230200142        .015    
062087009001047230200142        .015    
062087009011047230200142        .015    
062570021001047230200142        .015    
062570025001047230200142        .015    
062650233001047230200142        .015    
062650291001047230200142        .015    
062650432001047230200142        .015    
062650486001047230200142        .015    
062650590001047230200142        .015    
062650802001047230200142        .015    
062651001001047230200142        .015    
062652190011047230200142        .015    
062660132001047230200142        .015    
062660155001047230200142        .015    
062660174001047230200142        .015    
062660175001047230200142        .015    
062660220001047230200142        .015    
062660221001047230200142        .015    
062660222001047230200142        .015    
062660560001047230200142        .015    
062710322001047230200142        .015    
062720415001047230200142        .015    
062721160001047230200142        .015    
062830160001047230200142        .015    
066080040001047230200142        .058    
066080055001047230200142        .058    
066080056001047230200142        .058    
066080057001047230200142        .058    
066080063001047230200142        .058    
066080064001047230200142        .058    
066080066001047230200142        .058    
066080090001047230200142        .058    
066080190001047230200142        .058    
066110001001047230200142        .058    
066110104001047230200142        .058    
066115150001047230200142        .058    
066120001001047230200142        .058    
066140014001047230200142        .058    
066154006001047230200142        .058    
072710047001047230200142        .191    
072710198001047230200142        .191    
072720820001047230200142        .191    
072750006001047230200142        .191    
072750009001047230200142        .191    
072750090001047230200142        .191    
076110044001047230200142        .091    
076115106001047230200142        .091    
076115107001047230200142        .091    
076115110001047230200142        .091    
076131300001047230200142        .091    
076137000001047230200142        .091    
076140057001047230200142        .091    
076141500001047230200142        .091    
076150001001047230200142        .091    
076154001001047230200142        .091    
078670515001047230200142        .091    
078710076001047230200142        .191    
078740020001047230200142        .191    
078750013001047230200142        .191    
079710439011047230200142        .191    
079710969001047230200142        .191    
921510111001047230200142        .039    
991510089001047230200142        .039    
991510155001047230200142        .039    
991510243001047230200142        .039    
991521925001047230200142        .039    
991712082001047230200142        .039    
991726074001047230200142        .039    
920217989001047230200542       .0059    
920217990001047230200542       .0059    
920276014001047230200542       .0059    
920276036001047230200542       .0059    
920276047001047230200542       .0059    
920276058001047230200542       .0059    
920276179001047230200542       .0059    
920276190001047230200542       .0059    
920276212001047230200542       .0059    
920276223001047230200542       .0059    
920276234001047230200542       .0059    
920276245001047230200542       .0059    
920276454001047230200542       .0059    
920276465001047230200542       .0059    
920276553001047230200542       .0059    
921214479001047230200542       .0059    
921254563001047230200542       .0059    
921254574001047230200542       .0059    
921255443001047230200542       .0059    
921659814001047230200542       .0059    
921659825001047230200542       .0059    
921659836001047230200542       .0059    
921659847001047230200542       .0059    
921711745011047230200542       .0059    
921729224001047230200542       .0059    
921966010001047230200542       .0059    
921966186001047230200542       .0059    
921966285001047230200542       .0059    
921966395001047230200542       .0059    
921966549001047230200542       .0059    
921966550001047230200542       .0059    
921966813001047230200542       .0059    
921966846001047230200542       .0059    
921966956001047230200542       .0059    
921728817001047230200642       .0059    
981659215001047230200642       .0059    
981727570001047230200642       .0059    
981727789001047230200642       .0059    
981962892001047230200642       .0059    
981963520001047230200642       .0059    
981963739001047230200642       .0059    
981963838001047230200642       .0059    
981964157001047230200642       .0059    
981964366001047230200642       .0059    
981964949001047230200642       .0059    
072710047001047544400450       .0011    
072710198001047544400450       .0011    
072720820001047544400450       .0011    
072750006001047544400450       .0011    
072750009001047544400450       .0011    
072750090001047544400450       .0011    
078710076001047544400450       .0011    
078740020001047544400450       .0011    
078750013001047544400450       .0011    
079710439011047544400450       .0011    
079710969001047544400450       .0011    
017030099001047544400850      .00042    
017080015001047544400850      .00042    
017080067001047544400850      .00042    
017080072001047544400850      .00042    
017080090001047544400850      .00042    
017080097001047544400850      .00042    
017080097011047544400850      .00042    
017080120001047544400850      .00042    
017080130001047544400850      .00042    
017080190001047544400850      .00042    
017087050001047544400850      .00042    
017193054001047544400850      .00042    
017193119001047544400850      .00042    
017193240001047544400850      .00042    
017390186001047544400850      .00042    
017490197001047544400850      .00042    
017490266001047544400850      .00042    
017490404001047544400850      .00042    
017690609001047544400850      .00042    
017840005001047544400850      .00042    
017840012001047544400850      .00042    
017890007001047544400850      .00042    
017890008001047544400850      .00042    
062080070001047544400850      .00072    
062080420001047544400850      .00072    
062080450001047544400850      .00072    
062080590001047544400850      .00072    
062080620001047544400850      .00072    
062087009001047544400850      .00072    
062087009011047544400850      .00072    
062570021001047544400850      .00072    
062570025001047544400850      .00072    
062650233001047544400850      .00072    
062650291001047544400850      .00072    
062650432001047544400850      .00072    
062650486001047544400850      .00072    
062650590001047544400850      .00072    
062650802001047544400850      .00072    
062651001001047544400850      .00072    
062652190011047544400850      .00072    
062660132001047544400850      .00072    
062660155001047544400850      .00072    
062660174001047544400850      .00072    
062660175001047544400850      .00072    
062660220001047544400850      .00072    
062660221001047544400850      .00072    
062660222001047544400850      .00072    
062660560001047544400850      .00072    
062710322001047544400850      .00072    
062720415001047544400850      .00072    
062721160001047544400850      .00072    
062830160001047544400850      .00072    
066080040001047544400850       .0014    
066080055001047544400850       .0014    
066080056001047544400850       .0014    
066080057001047544400850       .0014    
066080063001047544400850       .0014    
066080064001047544400850       .0014    
066080066001047544400850       .0014    
066080090001047544400850       .0014    
066080190001047544400850       .0014    
066110001001047544400850       .0014    
066110104001047544400850       .0014    
066115150001047544400850       .0014    
066120001001047544400850       .0014    
066140014001047544400850       .0014    
066154006001047544400842       .0014    
072710047001047544400850       .0024    
072710198001047544400850       .0024    
072720820001047544400850       .0024    
072750006001047544400850       .0024    
072750009001047544400850       .0024    
072750090001047544400850       .0024    
076110044001047544400850       .0019    
076115106001047544400850       .0019    
076115107001047544400850       .0019    
076115110001047544400850       .0019    
076131300001047544400850       .0019    
076137000001047544400850       .0019    
076140057001047544400850       .0019    
076141500001047544400850       .0019    
076150001001047544400850       .0019    
076154001001047544400850       .0019    
078670515001047544400850       .0019    
078710076001047544400850       .0024    
078740020001047544400850       .0024    
078750013001047544400850       .0024    
079710439011047544400850       .0024    
079710969001047544400850       .0024    
920217989001047544400850      .00043    
920217990001047544400850      .00043    
920276014001047544400850      .00043    
920276036001047544400850      .00043    
920276047001047544400850      .00043    
920276058001047544400850      .00043    
920276179001047544400850      .00043    
920276190001047544400850      .00043    
920276212001047544400850      .00043    
920276223001047544400850      .00043    
920276234001047544400850      .00043    
920276245001047544400850      .00043    
920276454001047544400850      .00043    
920276465001047544400850      .00043    
920276553001047544400850      .00043    
921214479001047544400850      .00043    
921254563001047544400850      .00043    
921254574001047544400850      .00043    
921255443001047544400850      .00043    
921659814001047544400850      .00043    
921659825001047544400850      .00043    
921659836001047544400850      .00043    
921659847001047544400850      .00043    
921711745011047544400850      .00143    
921728817001047544400850      .00043    
921729224001047544400850      .00043    
921966010001047544400850      .00043    
921966186001047544400850      .00043    
921966285001047544400850      .00043    
921966395001047544400850      .00043    
921966549001047544400850      .00043    
921966550001047544400850      .00043    
921966813001047544400850      .00043    
921966846001047544400850      .00043    
921966956001047544400850      .00041    
981659215001047544400850      .00043    
981727570001047544400850      .00043    
981727789001047544400850      .00043    
981962892001047544400850      .00043    
981963520001047544400850      .00043    
981963739001047544400850      .00043    
981963838001047544400850      .00043    
981964157001047544400850      .00043    
981964366001047544400850      .00043    
981964949001047544400850      .00043    
017030099001047544401050       .0009    
017080015001047544401050       .0009    
017080067001047544401050       .0009    
017080072001047544401050       .0009    
017080090001047544401050       .0009    
017080097001047544401050       .0009    
017080097011047544401050       .0009    
017080120001047544401050       .0009    
017080130001047544401050       .0009    
017080190001047544401050       .0009    
017087050001047544401050       .0009    
017193054001047544401050       .0009    
017193119001047544401050       .0009    
017390186001047544401050       .0009    
017490197001047544401050       .0009    
017490266001047544401050       .0009    
017490404001047544401050       .0009    
017690609001047544401050       .0009    
017840005001047544401050       .0009    
017840012001047544401050       .0009    
017890007001047544401050       .0009    
017890008001047544401050       .0009    
062080070001047544401050       .0011    
062080420001047544401050       .0011    
062080450001047544401050       .0011    
062080590001047544401050       .0011    
062080620001047544401050       .0011    
062087009001047544401050       .0011    
062087009011047544401050       .0011    
062570021001047544401050       .0011    
062570025001047544401050       .0011    
062650233001047544401050       .0011    
062650291001047544401050       .0011    
062650432001047544401050       .0011    
062650486001047544401050       .0011    
062650590001047544401050       .0011    
062650802001047544401050       .0011    
062651001001047544401050       .0011    
062652190011047544401050       .0011    
062660132001047544401050       .0011    
062660155001047544401050       .0011    
062660174001047544401050       .0011    
062660175001047544401050       .0011    
062660220001047544401050       .0011    
062660221001047544401050       .0011    
062660222001047544401050       .0011    
062660560001047544401050       .0011    
062710322001047544401050       .0011    
062720415001047544401050       .0011    
062721160001047544401050       .0011    
062830160001047544401050       .0011    
066080040001047544401050       .0022    
066080055001047544401050       .0022    
066080056001047544401050       .0022    
066080057001047544401050       .0022    
066080063001047544401050       .0022    
066080064001047544401050       .0022    
066080066001047544401050       .0022    
066080090001047544401050       .0022    
066080190001047544401050       .0022    
066110001001047544401050       .0022    
066110104001047544401050       .0022    
066115150001047544401050       .0022    
066120001001047544401050       .0022    
066140014001047544401050       .0022    
066154006001047544401042       .0022    
072710047001047544401050       .0038    
072710198001047544401050       .0038    
072720820001047544401050       .0038    
072750006001047544401050       .0038    
072750009001047544401050       .0038    
072750090001047544401050       .0038    
076110044001047544401050       .0028    
076115106001047544401050       .0028    
076115107001047544401050       .0028    
076115110001047544401050       .0028    
076131300001047544401050       .0028    
076137000001047544401050       .0028    
076140057001047544401050       .0028    
076141500001047544401050       .0028    
076150001001047544401050       .0028    
076154001001047544401050       .0028    
078670515001047544401050       .0028    
078710076001047544401050       .0038    
078740020001047544401050       .0038    
078750013001047544401050       .0038    
079710439011047544401050       .0038    
079710969001047544401050       .0038    
920217989001047544401050      .00074    
920217990001047544401050      .00074    
920276014001047544401050      .00074    
920276036001047544401050      .00074    
920276047001047544401050      .00074    
920276058001047544401050      .00074    
920276179001047544401050      .00074    
920276190001047544401050      .00074    
920276212001047544401050      .00074    
920276223001047544401050      .00074    
920276234001047544401050      .00074    
920276245001047544401050      .00074    
920276454001047544401050      .00074    
920276465001047544401050      .00074    
920276553001047544401050      .00074    
921214479001047544401050      .00074    
921254563001047544401050      .00074    
921254574001047544401050      .00074    
921255443001047544401050      .00074    
921659814001047544401050      .00074    
921659825001047544401050      .00074    
921659836001047544401050      .00074    
921659847001047544401050      .00074    
921711745011047544401050      .00074    
921728817001047544401050      .00074    
921729224001047544401050      .00074    
921966010001047544401050      .00074    
921966186001047544401050      .00074    
921966285001047544401050      .00074    
921966395001047544401050      .00074    
921966549001047544401050      .00074    
921966550001047544401050      .00074    
921966813001047544401050      .00074    
921966846001047544401050      .00074    
921966956001047544401050      .00074    
981659215001047544401050      .00074    
981727570001047544401050      .00074    
981727789001047544401050      .00074    
981962892001047544401050      .00074    
981963520001047544401050      .00074    
981963739001047544401050      .00074    
981963838001047544401050      .00074    
981964157001047544401050      .00074    
981964366001047544401050      .00074    
981964949001047544401050      .00074    
017080067001047544402050       .0013    
017080072001047544402050       .0013    
062080070001047544402050      .00072    
062080420001047544402050      .00072    
062080450001047544402050      .00072    
062080590001047544402050      .00072    
062080620001047544402050      .00072    
062087009001047544402050      .00072    
062087009011047544402050      .00072    
062570021001047544402050      .00072    
062570025001047544402050      .00072    
062650233001047544402050      .00072    
062650291001047544402050      .00072    
062650432001047544402050      .00072    
062650486001047544402050      .00072    
062650590001047544402050      .00072    
062650802001047544402050      .00072    
062651001001047544402050      .00072    
062652190011047544402050      .00072    
062660132001047544402050      .00072    
062660155001047544402050      .00072    
062660174001047544402050      .00072    
062660175001047544402050      .00072    
062660220001047544402050      .00072    
062660221001047544402050      .00072    
062660222001047544402050      .00072    
062660560001047544402050      .00072    
062710322001047544402050      .00072    
062720415001047544402050      .00072    
062721160001047544402050      .00072    
062830160001047544402050      .00072    
066080040001047544402050       .0013    
066080055001047544402050       .0013    
066080056001047544402050       .0013    
066080057001047544402050       .0013    
066080063001047544402050       .0013    
066080064001047544402050       .0013    
066080066001047544402050       .0013    
066080090001047544402050       .0013    
066080190001047544402050       .0013    
066110001001047544402050       .0013    
066110104001047544402050       .0013    
066115150001047544402050       .0013    
066120001001047544402050       .0013    
066140014001047544402050       .0013    
066154006001047544402042       .0013    
072710047001047544402050       .0014    
072710198001047544402050       .0014    
072720820001047544402050       .0014    
072750006001047544402050       .0014    
072750009001047544402050       .0014    
072750090001047544402050       .0014    
076110044001047544402050       .0019    
076115106001047544402050       .0019    
076115107001047544402050       .0019    
076115110001047544402050       .0019    
076131300001047544402050       .0019    
076137000001047544402050       .0019    
076140057001047544402050       .0019    
076141500001047544402050       .0019    
076150001001047544402050       .0019    
076154001001047544402050       .0019    
078670515001047544402050       .0019    
078710076001047544402050       .0014    
078740020001047544402050       .0014    
078750013001047544402050       .0014    
079710439011047544402050       .0014    
079710969001047544402050       .0014    
920217989001047544402050      .00043    
920217990001047544402050      .00043    
920276014001047544402050      .00043    
920276036001047544402050      .00043    
920276047001047544402050      .00043    
920276058001047544402050      .00043    
920276179001047544402050      .00043    
920276190001047544402050      .00043    
920276212001047544402050      .00043    
920276223001047544402050      .00043    
920276234001047544402050      .00043    
920276245001047544402050      .00043    
920276454001047544402050      .00043    
920276465001047544402050      .00043    
920276553001047544402050      .00043    
921214479001047544402050      .00043    
921254563001047544402050      .00043    
921254574001047544402050      .00043    
921255443001047544402050      .00043    
921659814001047544402050      .00043    
921659825001047544402050      .00043    
921659836001047544402050      .00043    
921659847001047544402050      .00043    
921711745011047544402050      .00043    
921728817001047544402050      .00043    
921729224001047544402050      .00043    
921966010001047544402050      .00043    
921966186001047544402050      .00043    
921966285001047544402050      .00043    
921966395001047544402050      .00043    
921966549001047544402050      .00043    
921966550001047544402050      .00043    
921966813001047544402050      .00043    
921966846001047544402050      .00043    
921966956001047544402050      .00043    
981659215001047544402050      .00043    
981727570001047544402050      .00043    
981727789001047544402050      .00043    
981962892001047544402050      .00043    
981963520001047544402050      .00043    
981963739001047544402050      .00043    
981963838001047544402050      .00043    
981964157001047544402050      .00043    
981964366001047544402050      .00043    
981964949001047544402050      .00043    
017030099001047546001850       .0013    
017080015001047546001850       .0013    
017080067001047546001850       .0013    
017080072001047546001850       .0013    
017080090001047546001850       .0013    
017080097001047546001850       .0013    
017080097011047546001850       .0013    
017080120001047546001850       .0013    
017080130001047546001850       .0013    
017080190001047546001850       .0013    
017087050001047546001850       .0013    
017193054001047546001850       .0013    
017193119001047546001850       .0013    
017193240001047546001850       .0013    
017390186001047546001850       .0013    
017490197001047546001850       .0013    
017490266001047546001850       .0013    
017490404001047546001850       .0013    
017690609001047546001850       .0013    
017840005001047546001850       .0013    
017840012001047546001850       .0013    
017890007001047546001850       .0013    
017890008001047546001850       .0013    
062080070001047546001850       .0018    
062080420001047546001850       .0018    
062080450001047546001850       .0018    
062080590001047546001850       .0018    
062080620001047546001850       .0018    
062087009001047546001850       .0018    
062087009011047546001850       .0018    
062570021001047546001850       .0018    
062570025001047546001850       .0018    
062650233001047546001850       .0018    
062650291001047546001850       .0018    
062650432001047546001850       .0018    
062650486001047546001850       .0018    
062650590001047546001850       .0018    
062650802001047546001850       .0018    
062651001001047546001850       .0018    
062652190011047546001850       .0018    
062660132001047546001850       .0018    
062660155001047546001850       .0018    
062660174001047546001850       .0018    
062660175001047546001850       .0018    
062660220001047546001850       .0018    
062660221001047546001850       .0018    
062660222001047546001850       .0018    
062660560001047546001850       .0018    
062710322001047546001850       .0018    
062720415001047546001850       .0018    
062721160001047546001850       .0018    
062830160001047546001850       .0018    
066080040001047546001850       .0027    
066080055001047546001850       .0027    
066080056001047546001850       .0027    
066080057001047546001850       .0027    
066080063001047546001850       .0027    
066080064001047546001850       .0027    
066080066001047546001850       .0027    
066080090001047546001850       .0027    
066080190001047546001850       .0027    
066110001001047546001850       .0027    
066110104001047546001850       .0027    
066115150001047546001850       .0027    
066120001001047546001850       .0027    
066140014001047546001850       .0027    
066154006001047546001842       .0027    
072710047001047546001850       .0055    
072710198001047546001850       .0055    
072720820001047546001850       .0055    
072750006001047546001850       .0055    
072750009001047546001850       .0055    
072750090001047546001850       .0055    
076110044001047546001850       .0036    
076115106001047546001850       .0036    
076115107001047546001850       .0036    
076115110001047546001850       .0036    
076131300001047546001850       .0036    
076137000001047546001850       .0036    
076140057001047546001850       .0036    
076141500001047546001850       .0036    
076150001001047546001850       .0036    
076154001001047546001850       .0036    
078670515001047546001850       .0036    
078710076001047546001850       .0055    
078740020001047546001850       .0055    
078750013001047546001850       .0055    
079710439011047546001850       .0055    
079710969001047546001850       .0055    
920217989001047546001850       .0018    
920217990001047546001850       .0018    
920276014001047546001850       .0018    
920276036001047546001850       .0018    
920276047001047546001850       .0018    
920276058001047546001850       .0018    
920276179001047546001850       .0018    
920276190001047546001850       .0018    
920276212001047546001850       .0018    
920276223001047546001850       .0018    
920276234001047546001850       .0018    
920276245001047546001850       .0018    
920276454001047546001850       .0018    
920276465001047546001850       .0018    
920276553001047546001850       .0018    
921214479001047546001850       .0018    
921254563001047546001850       .0018    
921254574001047546001850       .0018    
921255443001047546001850       .0018    
921659814001047546001850       .0018    
921659825001047546001850       .0018    
921659836001047546001850       .0018    
921659847001047546001850       .0018    
921711745011047546001850       .0018    
921728817001047546001850       .0018    
921729224001047546001850       .0018    
921966010001047546001850       .0018    
921966186001047546001850       .0018    
921966285001047546001850       .0018    
921966395001047546001850       .0018    
921966549001047546001850       .0018    
921966550001047546001850       .0018    
921966813001047546001850       .0018    
921966846001047546001850       .0018    
921966956001047546001850       .0018    
981659215001047546001850       .0018    
981727570001047546001850       .0018    
981727789001047546001850       .0018    
981962892001047546001850       .0018    
981963520001047546001850       .0018    
981963739001047546001850       .0018    
981963838001047546001850       .0018    
981964157001047546001850       .0018    
981964366001047546001850       .0018    
981964949001047546001850       .0018    
017030099001047546002050       .0013    
017080015001047546002050       .0013    
017080067001047546002050       .0013    
017080072001047546002050       .0013    
017080090001047546002050       .0013    
017080097001047546002050       .0013    
017080097011047546002050       .0013    
017080120001047546002050       .0013    
017080130001047546002050       .0013    
017080190001047546002050       .0013    
017087050001047546002050       .0013    
017193054001047546002050       .0013    
017193119001047546002050       .0013    
017193240001047546002050       .0013    
017390186001047546002050       .0013    
017490197001047546002050       .0013    
017490266001047546002050       .0013    
017490404001047546002050       .0013    
017690609001047546002050       .0013    
017840005001047546002050       .0013    
017840012001047546002050       .0013    
017890007001047546002050       .0013    
017890008001047546002050       .0013    
062080070001047546002050       .0018    
062080420001047546002050       .0018    
062080450001047546002050       .0018    
062080590001047546002050       .0018    
062080620001047546002050       .0018    
062087009001047546002050       .0018    
062087009011047546002050       .0018    
062570021001047546002050       .0018    
062570025001047546002050       .0018    
062650233001047546002050       .0018    
062650291001047546002050       .0018    
062650432001047546002050       .0018    
062650486001047546002050       .0018    
062650590001047546002050       .0018    
062650802001047546002050       .0018    
062651001001047546002050       .0018    
062652190011047546002050       .0018    
062660132001047546002050       .0018    
062660155001047546002050       .0018    
062660174001047546002050       .0018    
062660175001047546002050       .0018    
062660220001047546002050       .0018    
062660221001047546002050       .0018    
062660222001047546002050       .0018    
062660560001047546002050       .0018    
062710322001047546002050       .0018    
062720415001047546002050       .0018    
062721160001047546002050       .0018    
062830160001047546002050       .0018    
066080040001047546002050       .0027    
066080055001047546002050       .0027    
066080056001047546002050       .0027    
066080057001047546002050       .0027    
066080063001047546002050       .0027    
066080064001047546002050       .0027    
066080066001047546002050       .0027    
066080090001047546002050       .0027    
066080190001047546002050       .0027    
066110001001047546002050       .0027    
066110104001047546002050       .0027    
066115150001047546002050       .0027    
066120001001047546002050       .0027    
066140014001047546002050       .0027    
066154006001047546002042       .0027    
072710047001047546002050       .0055    
072710198001047546002050       .0055    
072720820001047546002050       .0055    
072750006001047546002050       .0055    
072750009001047546002050       .0055    
072750090001047546002050       .0055    
076110044001047546002050       .0036    
076115106001047546002050       .0036    
076115107001047546002050       .0036    
076115110001047546002050       .0036    
076131300001047546002050       .0036    
076137000001047546002050       .0036    
076140057001047546002050       .0036    
076150001001047546002050       .0036    
076154001001047546002050       .0036    
078670515001047546002050       .0036    
078710076001047546002050       .0055    
078740020001047546002050       .0055    
078750013001047546002050       .0055    
079710439011047546002050       .0055    
079710969001047546002050       .0055    
920217989001047546002050       .0011    
920217990001047546002050       .0011    
920276014001047546002050       .0011    
920276036001047546002050       .0011    
920276047001047546002050       .0011    
920276058001047546002050       .0011    
920276179001047546002050       .0011    
920276190001047546002050       .0011    
920276212001047546002050       .0011    
920276223001047546002050       .0011    
920276234001047546002050       .0011    
920276245001047546002050       .0011    
920276454001047546002050       .0011    
920276465001047546002050       .0011    
920276553001047546002050       .0011    
921214479001047546002050       .0011    
921254563001047546002050       .0011    
921254574001047546002050       .0011    
921255443001047546002050       .0011    
921659814001047546002050       .0011    
921659825001047546002050       .0011    
921659836001047546002050       .0011    
921659847001047546002050       .0011    
921711745011047546002050       .0011    
921728817001047546002050       .0011    
921729224001047546002050       .0011    
921966010001047546002050       .0011    
921966186001047546002050       .0011    
921966285001047546002050       .0011    
921966395001047546002050       .0011    
921966549001047546002050       .0011    
921966550001047546002050       .0011    
921966813001047546002050       .0011    
921966846001047546002050       .0011    
921966956001047546002050       .0011    
981659215001047546002050       .0011    
981727570001047546002050       .0011    
981727789001047546002050       .0011    
981962892001047546002050       .0011    
981963520001047546002050       .0011    
981963739001047546002050       .0011    
981963838001047546002050       .0011    
981964157001047546002050       .0011    
981964366001047546002050       .0011    
981964949001047546002050       .0011    
017030099001047546002250       .0025    
017080015001047546002250       .0025    
017080067001047546002250       .0025    
017080072001047546002250       .0025    
017080090001047546002250       .0025    
017080097001047546002250       .0025    
017080097011047546002250       .0025    
017080120001047546002250       .0025    
017080130001047546002250       .0025    
017080190001047546002250       .0025    
017087050001047546002250       .0025    
017193054001047546002250       .0025    
017193119001047546002250       .0025    
017193240001047546002250       .0025    
017390186001047546002250       .0025    
017490197001047546002250       .0025    
017490266001047546002250       .0025    
017490404001047546002250       .0025    
017690609001047546002250       .0025    
017840005001047546002250       .0025    
017840012001047546002250       .0025    
017890007001047546002250       .0025    
017890008001047546002250       .0025    
062080070001047546002250       .0022    
062080420001047546002250       .0022    
062080450001047546002250       .0022    
062080590001047546002250       .0022    
062080620001047546002250       .0022    
062087009001047546002250       .0022    
062087009011047546002250       .0022    
062570021001047546002250       .0022    
062570025001047546002250       .0022    
062650233001047546002250       .0022    
062650291001047546002250       .0022    
062650432001047546002250       .0022    
062650486001047546002250       .0022    
062650590001047546002250       .0022    
062650802001047546002250       .0022    
062651001001047546002250       .0022    
062652190011047546002250       .0022    
062660132001047546002250       .0022    
062660155001047546002250       .0022    
062660174001047546002250       .0022    
062660175001047546002250       .0022    
062660220001047546002250       .0022    
062660221001047546002250       .0022    
062660222001047546002250       .0022    
062660560001047546002250       .0022    
062710322001047546002250       .0022    
062720415001047546002250       .0022    
062721160001047546002250       .0022    
062830160001047546002250       .0022    
066080040001047546002250       .0043    
066080055001047546002250       .0043    
066080056001047546002250       .0043    
066080057001047546002250       .0043    
066080063001047546002250       .0043    
066080064001047546002250       .0043    
066080066001047546002250       .0043    
066080090001047546002250       .0043    
066080190001047546002250       .0043    
066110001001047546002250       .0043    
066110104001047546002250       .0043    
066115150001047546002250       .0043    
066120001001047546002250       .0043    
066140014001047546002250       .0043    
066154006001047546002242       .0043    
072710047001047546002250        .013    
072710198001047546002250        .013    
072720820001047546002250        .013    
072750006001047546002250        .013    
072750009001047546002250        .013    
072750090001047546002250        .013    
076110044001047546002250       .0045    
076115106001047546002250       .0045    
076115107001047546002250       .0045    
076115110001047546002250       .0045    
076131300001047546002250       .0045    
076137000001047546002250       .0045    
076140057001047546002250       .0045    
076141500001047546002250       .0045    
076150001001047546002250       .0045    
076154001001047546002250       .0045    
078670515001047546002250       .0045    
078710076001047546002250        .013    
078740020001047546002250        .013    
078750013001047546002250        .013    
079710439011047546002250        .013    
079710969001047546002250        .013    
920217989001047546002250      .00157    
920217990001047546002250      .00157    
920276014001047546002250      .00157    
920276036001047546002250      .00157    
920276047001047546002250      .00157    
920276058001047546002250      .00157    
920276179001047546002250      .00157    
920276190001047546002250      .00157    
920276212001047546002250      .00157    
920276223001047546002250      .00157    
920276234001047546002250      .00157    
920276245001047546002250      .00157    
920276454001047546002250      .00157    
920276465001047546002250      .00157    
920276553001047546002250      .00157    
921214479001047546002250      .00157    
921254563001047546002250      .00157    
921254574001047546002250      .00157    
921255443001047546002250      .00157    
921659814001047546002250      .00157    
921659825001047546002250      .00157    
921659836001047546002250      .00157    
921659847001047546002250      .00157    
921711745011047546002250      .00157    
921728817001047546002250      .00157    
921729224001047546002250      .00157    
921966010001047546002250      .00157    
921966186001047546002250      .00157    
921966285001047546002250      .00157    
921966395001047546002250      .00157    
921966549001047546002250      .00157    
921966550001047546002250      .00157    
921966813001047546002250      .00157    
921966846001047546002250      .00157    
921966956001047546002250      .00157    
981659215001047546002250      .00157    
981727570001047546002250      .00157    
981727789001047546002250      .00157    
981962892001047546002250      .00157    
981963520001047546002250      .00157    
981963739001047546002250      .00157    
981963838001047546002250      .00157    
981964157001047546002250      .00157    
981964366001047546002250      .00157    
981964949001047546002250      .00157    
017030099001047546002450       .0042    
017080015001047546002450       .0042    
017080067001047546002450       .0042    
017080072001047546002450       .0042    
017080090001047546002450       .0042    
017080097001047546002450       .0042    
017080097011047546002450       .0042    
017080120001047546002450       .0042    
017080130001047546002450       .0042    
017080190001047546002450       .0042    
017087050001047546002450       .0042    
017193054001047546002450       .0042    
017193119001047546002450       .0042    
017193240001047546002450       .0042    
017390186001047546002450       .0042    
017490197001047546002450       .0042    
017490266001047546002450       .0042    
017490404001047546002450       .0042    
017690609001047546002450       .0042    
017840005001047546002450       .0042    
017840012001047546002450       .0042    
017890007001047546002450       .0042    
017890008001047546002450       .0042    
062080070001047546002450       .0036    
062080420001047546002450       .0036    
062080450001047546002450       .0036    
062080590001047546002450       .0036    
062080620001047546002450       .0036    
062087009001047546002450       .0036    
062087009011047546002450       .0036    
062570021001047546002450       .0036    
062570025001047546002450       .0036    
062650233001047546002450       .0036    
062650291001047546002450       .0036    
062650432001047546002450       .0036    
062650486001047546002450       .0036    
062650590001047546002450       .0036    
062650802001047546002450       .0036    
062651001001047546002450       .0036    
062652190011047546002450       .0036    
062660132001047546002450       .0036    
062660155001047546002450       .0036    
062660174001047546002450       .0036    
062660175001047546002450       .0036    
062660220001047546002450       .0036    
062660221001047546002450       .0036    
062660222001047546002450       .0036    
062660560001047546002450       .0036    
062710322001047546002450       .0036    
062720415001047546002450       .0036    
062721160001047546002450       .0036    
062830160001047546002450       .0036    
066080040001047546002450       .0064    
066080055001047546002450       .0064    
066080056001047546002450       .0064    
066080057001047546002450       .0064    
066080063001047546002450       .0064    
066080064001047546002450       .0064    
066080066001047546002450       .0064    
066080090001047546002450       .0064    
066080190001047546002450       .0064    
066110001001047546002450       .0064    
066110104001047546002450       .0064    
066115150001047546002450       .0064    
066120001001047546002450       .0064    
066140014001047546002450       .0064    
066154006001047546002442       .0064    
072710047001047546002450        .014    
072710198001047546002450        .014    
072720820001047546002450        .014    
072750006001047546002450        .014    
072750009001047546002450        .014    
072750090001047546002450        .014    
076110044001047546002450       .0091    
076115106001047546002450       .0091    
076115107001047546002450       .0091    
076115110001047546002450       .0091    
076131300001047546002450       .0091    
076137000001047546002450       .0091    
076140057001047546002450       .0091    
076141500001047546002450       .0091    
076150001001047546002450       .0091    
076154001001047546002450       .0091    
078670515001047546002450       .0091    
078710076001047546002450        .014    
078740020001047546002450        .014    
078750013001047546002450        .014    
079710439011047546002450        .014    
079710969001047546002450        .014    
920217989001047546002450       .0024    
920217990001047546002450       .0024    
920276014001047546002450       .0024    
920276036001047546002450       .0024    
920276047001047546002450       .0024    
920276058001047546002450       .0024    
920276179001047546002450       .0024    
920276190001047546002450       .0024    
920276212001047546002450       .0024    
920276223001047546002450       .0024    
920276234001047546002450       .0024    
920276245001047546002450       .0024    
920276454001047546002450       .0024    
920276465001047546002450       .0024    
920276553001047546002450       .0024    
921214479001047546002450       .0024    
921254563001047546002450       .0024    
921254574001047546002450       .0024    
921255443001047546002450       .0024    
921659814001047546002450       .0024    
921659825001047546002450       .0024    
921659836001047546002450       .0024    
921659847001047546002450       .0024    
921711745011047546002450       .0024    
921728817001047546002450       .0024    
921729224001047546002450       .0024    
921966010001047546002450       .0024    
921966186001047546002450       .0024    
921966285001047546002450       .0024    
921966395001047546002450       .0024    
921966549001047546002450       .0024    
921966550001047546002450       .0024    
921966813001047546002450       .0024    
921966846001047546002450       .0024    
921966956001047546002450       .0024    
981659215001047546002450       .0024    
981727570001047546002450       .0024    
981727789001047546002450       .0024    
981962892001047546002450       .0024    
981963520001047546002450       .0024    
981963739001047546002450       .0018    
981963838001047546002450       .0024    
981964157001047546002450       .0024    
981964366001047546002450       .0024    
981964949001047546002450       .0024    
017030099001047547500050       .0009    
017080015001047547500050       .0009    
017080067001047547500050       .0009    
017080072001047547500050       .0009    
017080090001047547500050       .0009    
017080097001047547500050       .0009    
017080097011047547500050       .0009    
017080120001047547500050       .0009    
017080130001047547500050       .0009    
017080190001047547500050       .0009    
017087050001047547500050       .0009    
017193054001047547500050       .0009    
017193119001047547500050       .0009    
017193240001047547500050       .0009    
017390186001047547500050       .0009    
017490197001047547500050       .0009    
017490266001047547500050       .0009    
017490404001047547500050       .0009    
017690609001047547500050       .0009    
017840005001047547500050       .0009    
017840012001047547500050       .0009    
017890007001047547500050       .0009    
017890008001047547500050       .0009    
062080070001047547500050       .0015    
062080420001047547500050       .0015    
062080450001047547500050       .0015    
062080590001047547500050       .0015    
062080620001047547500050       .0015    
062087009001047547500050       .0015    
062087009011047547500050       .0015    
062570021001047547500050       .0015    
062570025001047547500050       .0015    
062650233001047547500050       .0015    
062650291001047547500050       .0015    
062650432001047547500050       .0015    
062650486001047547500050       .0015    
062650590001047547500050       .0015    
062650802001047547500050       .0015    
062651001001047547500050       .0015    
062652190011047547500050       .0015    
062660132001047547500050       .0015    
062660155001047547500050       .0015    
062660174001047547500050       .0015    
062660175001047547500050       .0015    
062660220001047547500050       .0015    
062660221001047547500050       .0015    
062660222001047547500050       .0015    
062660560001047547500050       .0015    
062710322001047547500050       .0015    
062720415001047547500050       .0015    
062721160001047547500050       .0015    
062830160001047547500050       .0015    
066110001001047547500050        .022    
920217989001047547500050      .00072    
920217990001047547500050      .00072    
920276014001047547500050      .00072    
920276036001047547500050      .00072    
920276047001047547500050      .00072    
920276058001047547500050      .00072    
920276179001047547500050      .00072    
920276190001047547500050      .00072    
920276212001047547500050      .00072    
920276223001047547500050      .00072    
920276234001047547500050      .00072    
920276245001047547500050      .00072    
920276454001047547500050      .00072    
920276465001047547500050      .00072    
920276553001047547500050      .00072    
921214479001047547500050      .00072    
921254563001047547500050      .00072    
921254574001047547500050      .00072    
921255443001047547500050      .00072    
921659814001047547500050      .00072    
921659825001047547500050      .00072    
921659836001047547500050      .00072    
921659847001047547500050      .00072    
921711745011047547500050      .00072    
921728817001047547500050      .00072    
921729224001047547500050      .00072    
921966010001047547500050      .00072    
921966186001047547500050      .00072    
921966285001047547500050      .00072    
921966395001047547500050      .00072    
921966549001047547500050      .00072    
921966550001047547500050      .00072    
921966813001047547500050      .00072    
921966846001047547500050      .00072    
921966956001047547500050      .00072    
981659215001047547500050      .00072    
981727570001047547500050      .00072    
981727789001047547500050      .00072    
981962892001047547500050      .00072    
981963520001047547500050      .00072    
981963739001047547500050      .00072    
981963838001047547500050      .00072    
981964157001047547500050      .00072    
981964366001047547500050      .00072    
981964949001047547500050      .00072    
066080040001047547501050        .022    
066080055001047547501050        .022    
066080056001047547501050        .022    
066080057001047547501050        .022    
066080063001047547501050        .022    
066080064001047547501050        .022    
066080066001047547501050        .022    
066080090001047547501050        .022    
066080190001047547501050        .022    
066110104001047547501050        .022    
066115150001047547501050        .022    
066120001001047547501050        .022    
066140014001047547501050        .022    
066154006001047547501042        .022    
076110044001047547501050        .027    
076115106001047547501050        .027    
076115107001047547501050        .027    
076115110001047547501050        .027    
076131300001047547501050        .027    
076137000001047547501050        .027    
076140057001047547501050        .027    
076141500001047547501050        .027    
076150001001047547501050        .027    
076154001001047547501050        .027    
078670515001047547501050        .027    
072710047001047547501450       .0064    
072710198001047547501450       .0064    
072720820001047547501450       .0064    
072750006001047547501450       .0064    
072750009001047547501450       .0064    
072750090001047547501450       .0064    
078710076001047547501450       .0064    
078740020001047547501450       .0064    
078750013001047547501450       .0064    
079710439011047547501450       .0064    
079710969001047547501450       .0064    
017690439001052770208042       .0005    
078672720001052770208042         .02    
721248014111052770208042       .0005    
017000007001052770408042       .0008    
017000008001052770408042       .0011    
017390143001052770408042       .0008    
017390206001052770408042       .0008    
017490178001052770408042       .0008    
017490217001052770408042       .0008    
017490236001052770408042       .0008    
017490256001052770408042       .0008    
017495017001052770408042       .0008    
017495150001052770408042       .0005    
017495750001052770408042       .0005    
017690144001052770408042       .0008    
017690219001052770408042       .0008    
017690221001052770408042       .0008    
017690261001052770408042       .0004    
017690407001052770408042       .0008    
017780033001052770408042       .0008    
017780038001052770408042       .0008    
017780039001052770408042       .0008    
017780160001052770408042       .0008    
062650089001052770408042        .001    
062650204001052770408042        .001    
062650206001052770408042        .001    
062650298001052770408042        .001    
062650813001052770408042       .0025    
062650882001052770408042        .001    
062650996001052770408042        .001    
062660007001052770408042        .001    
062660172001052770408042        .001    
062660188001052770408042        .001    
062660234001052770408042        .001    
062660236001052770408042        .001    
062710107001052770408042       .0007    
062710320001052770408042       .0005    
062890342001052770408042        .001    
078672740001052770408042        .025    
079670035001052770408042        .002    
079710094001052770408042         .01    
079710386001052770408042        .002    
079711154791052770408042        .025    
718105560791052770408042        .025    
737212007001052770408042        .001    
737212010001052770408042        .025    
921523062001052770408042        .002    
017690840001052770412042       .0005    
017495750001052770420042       .0005    
062650537001052770808042       .0025    
017491290001052772008042        .002    
062710320001052772010042        .003    
062710820001052772010042        .002    
062721070001052772010042        .006    
017433380001052772012042       .0005    
017433390001052772012042        .002    
017491780001052772012042       .0005    
017492040001052772012042       .0005    
017492990001052772012042       .0005    
017495150001052772012042        .002    
017495750001052772012042       .0013    
017690840001052772012042       .0013    
062710330001052772012042        .005    
062721050001052772012042        .003    
072720770001052772012042        .007    
072721370001052772012042        .007    
078730010001052772012042        .007    
017193510001052772016042       .0017    
017390340001052772016042        .001    
017390450011052772016042        .002    
017495570001052772016042        .001    
017690570001052772016042        .002    
017691190001052772016042        .002    
076130240001052772016042        .003    
079711140001052772016042        .003    
017390340001052772020042        .002    
062711170001052772020042         .03    
072721220001052772020042        .001    
072721230001052772020042        .012    
017390520001052772110042       .0025    
017491380001052772110042       .0025    
017492880001052772120042        .015    
072750090001052772512042       .0075    
072750110001052772512042       .0075    
017390520001052774012042        .008    
062091007001052780208042      .00045    
062650877001052780208042      .00045    
062660132001052780208042      .00045    
062660174001052780208042      .00045    
062660175001052780208042      .00045    
062660221001052780208042      .00045    
062660222001052780208042      .00045    
062710245001052780208042      .00045    
062710990001052780208042        .003    
062720176001052780208042      .00045    
062720227001052780208042      .00045    
062720264001052780208042      .00045    
062720265001052780208042      .00045    
062720276001052780208042      .00045    
062720277001052780208042      .00045    
062720304001052780208042      .00045    
062720322001052780208042      .00045    
062720480001052780208042      .00045    
062720880001052780208042      .00045    
062721050001052780208042        .002    
062721170001052780208042      .00045    
062722080001052780208042      .00045    
724302100001052780208042      .00045    
724302300001052780208042      .00045    
724302500001052780208042      .00045    
743595210001052780208042        .003    
062650578011052780210042        .003    
062660630001052780210042       .0008    
062721070001052780210042        .003    
072750090001052784512042        .005    
072750110001052784512042        .005    
079710410001052784512042        .005    
017495750001052801610042       .0075    
017495740001052801612042       .0075    
017495750001052801612042         .01    
017390121001052809612042         .01    
017390440001052809612042        .002    
017390470001052809612042        .005    
017495750001052809612042        .005    
017495750001052813212042        .064    
017390107001053140100042       .0083    
017390128001053140100042       .0083    
017495013001053140100042       .0083    
017495056001053140100042       .0083    
017495162001053140100042       .0083    
017690195001053140100042       .0083    
062650375001053140100042       .0084    
062650516001053140100042       .0084    
062650546001053140100042       .0084    
062650654001053140100042       .0084    
062710048001053140100042       .0084    
079710239001053140100042       .0008    
079710241001053140100042       .0008    
079710242001053140100042       .0008    
079710244001053140100042       .0008    
079710245001053140100042       .0008    
079710246001053140100042       .0008    
079710410001053140100042       .0008    
079710417001053140100042       .0008    
079710521001053140100042       .0008    
017193210001053150800042       .0015    
017193510001053150800042       .0006    
017390340001053150800042       .0006    
017390520001053150800042        .007    
017495570001053150800042        .004    
072720770001053150800042        .002    
072721220001053150800042        .002    
072721230001053150800042        .004    
072721370001053150800042        .002    
017780120001053151100042       .0005    
017780130001053151100042       .0005    
062570090001053240905642         .03    
079710410001053241018142          .1    
079710420001053241018142        .086    
017193510001053250701542       .0015    
017390340001053250701542       .0033    
017390450011053250701542       .0033    
017390520001053250701542       .0015    
017690570001053250701542       .0033    
017691190001053250701542       .0015    
017390340001053250706242        .017    
017390450011053250706242        .017    
017690570001053250706242        .017    
072721230001053250711042        .004    
017492850001053280200042        .007    
017495750001053280200042        .007    
017193051001053465807542        .004    
017193240001053465807542        .004    
062091006001053465807542      .00175    
062660223001053465807542      .00175    
062720213001053465807542      .00175    
062720228001053465807542      .00175    
017193510001053580015342       .0006    
017390340001053580015342       .0006    
017390440001053580015342       .0006    
017390450011053580015342       .0006    
017390470001053580015342       .0006    
017390520001053580015342       .0006    
017433380001053580015342       .0006    
017433390001053580015342       .0006    
017491510011053580015342       .0005    
017491780001053580015342       .0006    
017492040001053580015342       .0006    
017492880001053580015342       .0018    
017492990001053580015342       .0006    
017495150001053580015342       .0006    
017495570001053580015342       .0006    
017495740001053580015342       .0006    
017495750001053580015342       .0006    
017690570001053580015342       .0006    
017690840001053580015342       .0006    
017691190001053580015342       .0006    
062710330001053580015342      .00018    
062710820001053580015342      .00018    
062711170001053580015342      .00018    
062721050001053580015342      .00018    
062721070001053580015342      .00018    
072720770001053580015342       .0001    
072721220001053580015342       .0001    
072721230001053580015342       .0001    
072721370001053580015342       .0001    
072750090001053580015342       .0001    
072750110001053580015342       .0001    
076130240001053580015342       .0001    
078730010001053580015342       .0001    
079710410001053580015342       .0001    
079711140001053580015342       .0001    
017390340001053580018142       .0018    
017390450011053580018142       .0018    
017491380001053580018142       .0018    
017690570001053580018142       .0018    
017495750001053580022542       .0008    
079710410001053660215342       .0034    
079711140001053761113542        .003    
017390107001053860010242       .0067    
017390128001053860010242       .0067    
017495013001053860010242       .0067    
017495056001053860010242       .0067    
017495162001053860010242       .0067    
017690195001053860010242       .0067    
062650375001053860010242        .042    
062650516001053860010242        .042    
062650546001053860010242        .042    
062650654001053860010242        .042    
062710048001053860010242        .042    
079710239001053860010242       .0016    
079710241001053860010242       .0016    
079710242001053860010242       .0016    
079710244001053860010242       .0016    
079710245001053860010242       .0016    
079710246001053860010242       .0016    
079710410001053860010242       .0016    
079710417001053860010242       .0016    
079710521001053860010242       .0016    
062650291001053960215342       .0001    
062650799011053960215342       .0001    
017390520001055103800842        .027    
017492850001055103800842        .027    
017495750001055103800842        .027    
017193210001055131101042        .003    
017390520001055131101042        .003    
017433390001055131101042        .003    
017495750001055131101042        .011    
017193083001055134800042        .007    
017390176001055134800042        .007    
017495150001055134800042        .007    
062710388001055134800042        .004    
062710388011055134800042        .004    
062720474001055134800042        .004    
062720474011055134800042        .004    
071290072001055134800042        .004    
072720820001055134800042       .0055    
079710102791055134800042       .0029    
079710420001055134800042       .0055    
072710620001055136000142          .3    
017193240001055140900042        .005    
017691580001055140900042        .005    
062710010001055140900042       .0001    
062710890001055140900042      .00013    
062710910001055140900042       .0001    
062710920001055140900042       .0008    
072720192001055141000942        .005    
072720286001055141000942        .005    
072720292001055141000942        .005    
991727218001055141001042        .005    
017691580001055141001342        .002    
017193119001055142100042        .002    
017790060001055142100042       .0075    
017390520001055144100042        .007    
017691580001055144781442         .02    
072730460001055179900042        .005    
017193210001055185400042         .01    
017390176001055185400042         .01    
017495570001055185400042         .01    
062652210011055185400042        .113    
078672720001055185400042         .01    
078673090001055185400042         .01    
078673110001055185400042         .01    
017495127001055215400042         .24    
017490254001055238000142         .01    
017490255001055238000142         .01    
062660169011055238000142         .02    
062660227011055238000142         .02    
062660234001055238000142         .02    
062660235001055238000142         .02    
017193054001055240600042      .00017    
017193240001055240600042      .00017    
017390165001055240600042      .00012    
017390167001055240600042      .00012    
017390186001055240600042      .00012    
017490316001055240600042      .00012    
017490426001055240600042      .00025    
017490639001055240600042      .00025    
017492860001055240600042      .00012    
017495570001055240600042      .00012    
017495750001055240600042      .00012    
017690436001055240600042      .00025    
017690437001055240600042      .00025    
017690439001055240600042      .00025    
017691290001055240600042      .00025    
017691390001055240600042      .00017    
017691580001055240600042      .00017    
017790001001055240600042      .00017    
017790002001055240600042      .00017    
017790004001055240600042      .00025    
017790005001055240600042      .00025    
017790006001055240600042      .00017    
062650025001055240600042      .00023    
062650305001055240600042      .00023    
062650382001055240600042       .0001    
062650402001055240600042       .0005    
062650432001055240600042       .0005    
062650438001055240600042      .00023    
062650475001055240600042      .00023    
062650476001055240600042      .00023    
062650487001055240600042      .00023    
062650489001055240600042      .00023    
062650542001055240600042       .0005    
062650544001055240600042       .0005    
062650545001055240600042       .0005    
062650580001055240600042       .0001    
062650638001055240600042      .00023    
062650658001055240600042      .00023    
062650801011055240600042      .00023    
062650807001055240600042      .00023    
062650808001055240600042      .00023    
062650811001055240600042       .0001    
062650812021055240600042       .0001    
062650858001055240600042       .0005    
062650917001055240600042       .0001    
062650943001055240600042      .00023    
062650969001055240600042       .0001    
062650995011055240600042       .0005    
062650996001055240600042       .0005    
062650999001055240600042      .00023    
062651002001055240600042      .00023    
062651030001055240600042       .0001    
062652210011055240600042      .00023    
062652220001055240600042       .0001    
062652280021055240600042      .00023    
062652530011055240600042      .00023    
062660164001055240600042       .0001    
062660169011055240600042       .0005    
062660172001055240600042       .0005    
062660174001055240600042       .0001    
062660182001055240600042      .00023    
062660183001055240600042      .00023    
062660227011055240600042       .0005    
062660235001055240600042       .0005    
062660380001055240600042       .0001    
062710009001055240600042      .00023    
062710010001055240600042       .0001    
062710011001055240600042      .00023    
062710136001055240600042       .0001    
062710165001055240600042      .00023    
062710166001055240600042      .00023    
062710172001055240600042       .0001    
062710173001055240600042       .0001    
062710218001055240600042       .0005    
062710219001055240600042      .00023    
062710221001055240600042      .00023    
062710224001055240600042       .0001    
062710303011055240600042       .0001    
062710890001055240600042       .0001    
062710910001055240600042       .0001    
062710920001055240600042       .0001    
062710940001055240600042       .0001    
062720205001055240600042       .0005    
062720216001055240600042       .0001    
062720218001055240600042       .0005    
062720264001055240600042       .0001    
062720351001055240600042       .0005    
062720415001055240600042       .0001    
062720860001055240600042       .0001    
072710020001055240600042       .0008    
072710137001055240600042       .0013    
072710144001055240600042       .0008    
072710150001055240600042       .0014    
072710161001055240600042       .0008    
072710620001055240600042       .0014    
072720071001055240600042       .0029    
072720076001055240600042       .0014    
072720188001055240600042       .0029    
072720192001055240600042       .0014    
072720278001055240600042       .0014    
072720279001055240600042       .0014    
072720286001055240600042       .0014    
072720292001055240600042       .0014    
072720295001055240600042       .0013    
072720297001055240600042       .0029    
072720309001055240600042       .0013    
072721380001055240600042       .0014    
072730101001055240600042       .0014    
072730103001055240600042       .0029    
072740013001055240600042       .0014    
072740015001055240600042       .0014    
072740042001055240600042       .0014    
072740056001055240600042       .0014    
072750020001055240600042       .0013    
076130207001055240600042       .0008    
078670516011055240600042       .0014    
078670608001055240600042       .0008    
078672720001055240600042       .0029    
078673090001055240600042       .0008    
078673110001055240600042       .0008    
078673120001055240600042       .0008    
078710231011055240600042       .0014    
078720004001055240600042       .0014    
078720010001055240600042       .0014    
078720150001055240600042       .0014    
078740003001055240600042       .0008    
078740008011055240600042       .0014    
078740009011055240600042       .0014    
078740017011055240600042       .0014    
078740023011055240600042       .0014    
078740030001055240600042       .0008    
079670134001055240600042       .0014    
079670135001055240600042       .0014    
079670136001055240600042       .0014    
079670137001055240600042       .0014    
079710115001055240600042       .0029    
079710127001055240600042       .0029    
079710276011055240600042       .0014    
079710292001055240600042       .0014    
079710397001055240600042       .0014    
079710432011055240600042       .0014    
079710488001055240600042       .0029    
079710609001055240600042       .0014    
079710805011055240600042       .0029    
079710808001055240600042       .0008    
079710859001055240600042       .0029    
079710962001055240600042       .0029    
079713040001055240600042       .0008    
729289023111055240600042      .00012    
743584001001055240600042      .00012    
017490426001055241000142        .003    
017490639001055241000142        .003    
017690436001055241000142        .003    
017690437001055241000142        .003    
017690439001055241000142        .003    
017691290001055241000142        .003    
017790004001055241000142        .003    
017790005001055241000142        .003    
062650476001055241000142       .0085    
062650807001055241000142       .0085    
062650808001055241000142       .0085    
062660183001055241000142       .0085    
072710137001055241000142        .002    
072710150001055241000142        .002    
072710620001055241000142        .002    
072720192001055241000142        .002    
072720278001055241000142        .002    
072720279001055241000142        .002    
072720286001055241000142        .002    
072720292001055241000142        .002    
072720295001055241000142        .002    
072720309001055241000142        .002    
072730101001055241000142        .002    
072740013001055241000142        .002    
072740015001055241000142        .002    
072740042001055241000142        .002    
072740056001055241000142        .002    
072750020001055241000142        .002    
078710231011055241000142        .002    
078720010001055241000142       .0024    
078720150001055241000142        .002    
078740008011055241000142        .002    
078740009011055241000142        .002    
078740017011055241000142        .002    
078740023011055241000142        .002    
017193119001055280100042        .002    
017790060001055280100042        .002    
062652210011055280100042       .0017    
062652280021055280100042       .0017    
062652510001055280100042       .0017    
062652210011055300000142       .0033    
062652280021055300000142       .0033    
062652510001055300000142       .0033    
072710020001055300000142        .007    
072710620001055300000142         .04    
072750020001055300000142         .04    
072750030001055300000142         .04    
078670495001055300000142        .007    
078672680001055300000142        .007    
078672720001055300000142         .03    
078673090001055300000142        .007    
078673110001055300000142        .007    
078720010001055300000142         .04    
078740030001055300000142        .007    
079713040001055300000142        .007    
079717110001055300000142         .04    
017193210001055321400542        .002    
017495570001055380500042        .015    
062651030001055380500042       .0018    
062651080001055380500042       .0018    
062651890011055380500042       .0018    
062652210011055380500042        .025    
062652220001055380500042       .0018    
062652240001055380500042       .0018    
062652280021055380500042        .025    
062652410011055380500042       .0018    
062652520001055380500042       .0018    
062652530011055380500042        .025    
062652560011055380500042       .0018    
062660380001055380500042       .0018    
062660440001055380500042       .0018    
062660470001055380500042       .0018    
062660610001055380500042       .0018    
062710890001055380500042       .0018    
062710910001055380500042       .0018    
062720450001055380500042       .0018    
062720480001055380500042       .0018    
062721170001055380500042       .0018    
062830160001055380500042        .011    
062652210011055392810142        .026    
062652530011055392810142        .026    
072710020001055392810142        .006    
072720770001055392810142        .011    
072721370001055392810142        .011    
072721420001055392810142        .011    
072750090001055392810142         .02    
072750110001055392810142        .011    
078740003001055392810142        .006    
078740030001055392810142        .006    
079710239001055392810142        .008    
079710241001055392810142        .008    
079710242001055392810142        .008    
079710244001055392810142        .008    
079710245001055392810142        .008    
079710246001055392810142        .008    
079710410001055392810142        .008    
079710417001055392810142        .008    
079710521001055392810142        .008    
079710808001055392810142        .006    
079713040001055392810142        .016    
017390107001055392810242        .022    
017390128001055392810242        .022    
017390186001055392810242        .067    
017390450011055392810242        .067    
017390520001055392810242        .067    
017495013001055392810242        .022    
017495056001055392810242        .022    
017495162001055392810242        .022    
017690195001055392810242        .022    
062650375001055392810242        .048    
062650516001055392810242        .048    
062650546001055392810242        .048    
062650654001055392810242        .048    
062652280021055392810242         .18    
062710048001055392810242        .048    
062710820001055392810242        .015    
017691390001055392811142        .004    
017691580001055392811142        .004    
062651030001055392811142       .0033    
062652220001055392811142       .0033    
062652240001055392811142       .0033    
062660380001055392811142       .0033    
072710620001055392811142        .017    
072720278001055392811142        .017    
072740056001055392811142        .017    
072750020001055392811142        .017    
078720010001055392811142        .017    
078720150001055392811142        .017    
079710397001055392811142        .017    
079711020001055392811142        .017    
017490268001055410200042       .0001    
017490426001055410200042       .0001    
017490639001055410200042       .0001    
017490704001055410200042       .0001    
017690155001055410200042       .0001    
017690162001055410200042       .0001    
017690431001055410200042       .0001    
017690434001055410200042       .0001    
017690435001055410200042       .0001    
017690436001055410200042       .0001    
017000008001055440020042        .001    
017000015001055440020042        .008    
017000017001055440020042        .008    
017000028001055440020042        .008    
017000034001055440020042       .0005    
017000050001055440020042        .008    
017030099001055440020042       .0008    
017193034001055440020042       .0008    
017193043001055440020042        .001    
017193054001055440020042        .008    
017193082001055440020042        .002    
017193083001055440020042       .0005    
017193119001055440020042        .008    
017390113001055440020042        .006    
017390118001055440020042        .002    
017390123001055440020042        .006    
017390143001055440020042        .006    
017390149001055440020042        .008    
017390152001055440020042        .002    
017390159001055440020042        .003    
017390165001055440020042        .001    
017390166001055440020042       .0005    
017390167001055440020042        .001    
017390175001055440020042        .002    
017390176001055440020042        .006    
017390179001055440020042        .008    
017390185001055440020042       .0005    
017390186001055440020042        .003    
017390194001055440020042        .001    
017390195001055440020042       .0005    
017390206001055440020042        .002    
017433127001055440020042        .001    
017433132001055440020042        .001    
017433133001055440020042        .006    
017433134001055440020042        .006    
017433145001055440020042        .001    
017490194001055440020042        .001    
017490198001055440020042        .001    
017490232001055440020042        .008    
017490236001055440020042        .001    
017490254001055440020042        .008    
017490255001055440020042        .008    
017490256001055440020042        .006    
017490257001055440020042        .006    
017490257011055440020042        .006    
017490268001055440020042         .02    
017490273001055440020042         .01    
017490277001055440020042        .006    
017490316001055440020042        .002    
017490348011055440020042        .001    
017490349011055440020042       .0008    
017490352011055440020042        .052    
017490353001055440020042        .006    
017490355001055440020042        .001    
017490365001055440020042        .001    
017490404001055440020042       .0005    
017490405001055440020042       .0005    
017490417001055440020042        .002    
017490419001055440020042       .0005    
017490426001055440020042         .02    
017490429001055440020042       .0005    
017490431001055440020042       .0005    
017490446001055440020042       .0005    
017490464011055440020042        .006    
017490486001055440020042        .001    
017490541001055440020042        .006    
017490542001055440020042       .0008    
017490544001055440020042       .0005    
017490545001055440020042        .008    
017490546001055440020042        .008    
017490639001055440020042         .02    
017490641001055440020042         .01    
017490699001055440020042        .002    
017490704001055440020042         .02    
017490705001055440020042        .001    
017491290001055440020042        .006    
017491380001055440020042        .006    
017491510011055440020042        .006    
017492850001055440020042       .0005    
017492880001055440020042        .006    
017492960001055440020042         .02    
017495017001055440020042        .001    
017495021001055440020042        .006    
017495022001055440020042        .006    
017495056001055440020042        .006    
017495063001055440020042        .008    
017495068001055440020042        .006    
017495101001055440020042        .003    
017495103001055440020042       .0005    
017495104001055440020042       .0005    
017495129001055440020042        .006    
017495132001055440020042         .05    
017495150001055440020042        .006    
017495157001055440020042       .0005    
017495161001055440020042        .002    
017495162001055440020042        .008    
017495570001055440020042        .006    
017495740001055440020042        .006    
017495870021055440020042        .006    
017690101001055440020042        .008    
017690125001055440020042        .005    
017690144001055440020042       .0005    
017690155001055440020042         .02    
017690159001055440020042       .0005    
017690162001055440020042         .02    
017690194001055440020042        .001    
017690219001055440020042       .0005    
017690221001055440020042       .0005    
017690248001055440020042        .006    
017690261001055440020042        .008    
017690262001055440020042       .0005    
017690291001055440020042        .008    
017690303001055440020042       .0005    
017690348001055440020042        .001    
017690404001055440020042        .003    
017690407001055440020042        .002    
017690410001055440020042         .01    
017690411001055440020042       .0005    
017690431001055440020042         .02    
017690434001055440020042         .02    
017690435001055440020042         .02    
017690436001055440020042         .01    
017690437001055440020042         .01    
017690438001055440020042       .0005    
017690439001055440020042         .01    
017690441001055440020042        .008    
017690442001055440020042        .003    
017690445001055440020042        .008    
017690448001055440020042       .0005    
017690449001055440020042        .006    
017690487001055440020042       .0005    
017690570001055440020042        .006    
017690580001055440020042       .0005    
017690621001055440020042        .008    
017690622001055440020042        .008    
017690840001055440020042        .006    
017691170001055440020042       .0005    
017691290001055440020042        .015    
017691390001055440020042        .008    
017691580001055440020042        .008    
017780033001055440020042        .003    
017780037001055440020042       .0005    
017780038001055440020042       .0005    
017780039001055440020042       .0005    
017780160001055440020042       .0005    
017790001001055440020042        .008    
017790002001055440020042        .008    
017790004001055440020042         .01    
017790005001055440020042         .01    
017790006001055440020042        .008    
017790020001055440020042        .008    
062010167001055440020042      .00035    
062010168001055440020042      .00035    
062010201001055440020042       .0021    
062010202001055440020042       .0021    
062010204001055440020042       .0021    
062570021001055440020042      .00035    
062570024001055440020042       .0021    
062570025001055440020042       .0021    
062570036001055440020042       .0021    
062650011001055440020042       .0112    
062650018001055440020042       .0112    
062650022001055440020042      .00035    
062650025001055440020042       .0112    
062650034001055440020042      .00035    
062650089001055440020042      .00035    
062650091001055440020042      .00035    
062650119001055440020042      .00035    
062650129001055440020042       .0021    
062650138001055440020042      .00035    
062650146001055440020042       .0021    
062650176001055440020042       .0021    
062650177001055440020042      .00035    
062650197001055440020042       .0112    
062650198001055440020042       .0112    
062650204001055440020042      .00035    
062650206001055440020042      .00035    
062650257001055440020042       .0021    
062650258001055440020042      .00035    
062650291001055440020042       .0021    
062650292001055440020042      .00035    
062650298001055440020042      .00035    
062650299001055440020042       .0112    
062650302001055440020042       .0112    
062650305001055440020042       .0112    
062650311001055440020042       .0021    
062650375001055440020042      .00035    
062650382001055440020042       .0021    
062650387001055440020042       .0021    
062650388001055440020042       .0021    
062650389001055440020042       .0021    
062650395001055440020042      .00035    
062650402001055440020042      .00035    
062650432001055440020042      .00035    
062650438001055440020042       .0112    
062650456001055440020042       .0021    
062650457001055440020042      .00035    
062650468001055440020042      .00035    
062650471001055440020042      .00035    
062650475001055440020042       .0112    
062650476001055440020042       .0112    
062650487001055440020042       .0112    
062650489001055440020042       .0112    
062650506001055440020042       .0021    
062650508001055440020042       .0021    
062650508011055440020042       .0021    
062650508021055440020042       .0021    
062650508031055440020042       .0021    
062650508041055440020042       .0021    
062650508051055440020042       .0021    
062650508061055440020042       .0021    
062650516001055440020042      .00035    
062650524001055440020042       .0112    
062650525001055440020042       .0112    
062650528001055440020042       .0112    
062650533001055440020042       .0021    
062650537001055440020042       .0021    
062650542001055440020042       .0004    
062650545001055440020042      .00035    
062650546001055440020042      .00035    
062650547001055440020042       .0021    
062650565001055440020042       .0112    
062650566001055440020042       .0112    
062650568001055440020042       .0112    
062650569001055440020042       .0112    
062650571001055440020042       .0021    
062650572001055440020042       .0112    
062650573001055440020042       .0112    
062650574001055440020042       .0021    
062650578011055440020042      .00035    
062650580001055440020042       .0021    
062650590001055440020042      .00035    
062650638001055440020042       .0112    
062650654001055440020042      .00035    
062650657001055440020042      .00038    
062650658001055440020042       .0112    
062650659011055440020042       .0021    
062650798011055440020042       .0021    
062650799011055440020042       .0021    
062650801011055440020042       .0112    
062650802001055440020042       .0021    
062650804001055440020042       .0112    
062650807001055440020042       .0112    
062650808001055440020042       .0112    
062650809001055440020042       .0021    
062650811001055440020042       .0021    
062650812021055440020042       .0021    
062650813001055440020042       .0021    
062650814001055440020042      .00035    
062650815001055440020042      .00035    
062650816001055440020042      .00035    
062650818001055440020042      .00035    
062650819001055440020042      .00035    
062650822001055440020042      .00035    
062650839021055440020042       .0112    
062650841001055440020042       .0021    
062650858001055440020042      .00035    
062650871011055440020042      .00035    
062650877001055440020042       .0021    
062650882001055440020042      .00035    
062650885001055440020042      .00035    
062650886001055440020042      .00035    
062650907021055440020042       .0021    
062650908001055440020042       .0021    
062650909011055440020042      .00035    
062650916011055440020042       .0021    
062650917001055440020042       .0021    
062650936011055440020042       .0112    
062650937011055440020042       .0112    
062650938001055440020042       .0112    
062650941011055440020042      .00035    
062650942001055440020042       .0112    
062650943001055440020042       .0112    
062650946001055440020042       .0021    
062650947011055440020042       .0112    
062650951011055440020042      .00035    
062650955001055440020042       .0112    
062650956001055440020042      .00035    
062650958001055440020042       .0112    
062650963011055440020042      .00035    
062650969001055440020042       .0021    
062650972011055440020042       .0021    
062650994001055440020042       .0112    
062650995011055440020042      .00035    
062650996001055440020042      .00035    
062650998001055440020042       .0112    
062650999001055440020042       .0112    
062651001001055440020042      .00035    
062651002001055440020042       .0112    
062651008001055440020042      .00035    
062651008011055440020042      .00035    
062651008021055440020042      .00035    
062651030001055440020042       .0021    
062651114001055440020042       .0112    
062651470001055440020042      .00035    
062651480001055440020042      .00035    
062651770001055440020042       .0112    
062652170011055440020042       .0021    
062652190011055440020042       .0021    
062652210011055440020042       .0112    
062652220001055440020042       .0021    
062652240001055440020042       .0021    
062652280021055440020042       .0112    
062652290001055440020042       .0021    
062652410011055440020042       .0021    
062652470011055440020042       .0112    
062652480001055440020042       .0112    
062652510001055440020042       .0112    
062652530011055440020042       .0112    
062652550001055440020042       .0021    
062652640001055440020042      .00035    
062657001001055440020042      .00035    
062657008001055440020042      .00035    
062657009001055440020042       .0021    
062660006001055440020042      .00035    
062660007001055440020042      .00035    
062660024001055440020042      .00035    
062660046001055440020042      .00035    
062660055001055440020042      .00035    
062660102001055440020042      .00035    
062660146001055440020042       .0021    
062660164001055440020042       .0021    
062660169011055440020042      .00035    
062660172001055440020042      .00035    
062660182001055440020042       .0112    
062660183001055440020042       .0112    
062660187001055440020042       .0021    
062660188001055440020042      .00035    
062660220001055440020042      .00035    
062660227011055440020042      .00035    
062660228021055440020042      .00035    
062660232001055440020042      .00035    
062660233001055440020042      .00035    
062660234001055440020042      .00035    
062660235001055440020042      .00035    
062660237011055440020042      .00035    
062660380001055440020042       .0021    
062660470001055440020042       .0021    
062660640001055440020042      .00035    
062710009001055440020042       .0112    
062710010001055440020042       .0021    
062710011001055440020042       .0112    
062710036001055440020042       .0021    
062710044001055440020042       .0021    
062710046001055440020042       .0021    
062710065001055440020042       .0112    
062710103001055440020042      .00035    
062710107001055440020042      .00035    
062710165001055440020042       .0112    
062710166001055440020042       .0112    
062710183001055440020042      .00035    
062710183011055440020042      .00035    
062710183021055440020042      .00035    
062710183031055440020042      .00035    
062710183041055440020042      .00035    
062710183051055440020042      .00035    
062710183061055440020042      .00035    
062710183071055440020042      .00035    
062710183081055440020042      .00035    
062710183091055440020042      .00035    
062710183101055440020042      .00035    
062710183111055440020042      .00035    
062710183121055440020042      .00035    
062710218001055440020042      .00035    
062710219001055440020042       .0112    
062710221001055440020042       .0112    
062710223001055440020042      .00035    
062710224001055440020042       .0021    
062710277001055440020042      .00035    
062710286001055440020042      .00035    
062710298001055440020042       .0021    
062710319001055440020042      .00035    
062710320001055440020042      .00035    
062710322001055440020042       .0021    
062710397001055440020042      .00035    
062710398001055440020042      .00035    
062710399001055440020042      .00035    
062710890001055440020042       .0021    
062710910001055440020042       .0021    
062710920001055440020042       .0021    
062710940001055440020042       .0021    
062720034001055440020042      .00035    
062720176001055440020042       .0021    
062720205001055440020042      .00035    
062720213001055440020042       .0021    
062720216001055440020042       .0021    
062720217001055440020042      .00035    
062720218001055440020042      .00035    
062720303001055440020042      .00035    
062720304001055440020042       .0021    
062720319001055440020042      .00035    
062720329001055440020042      .00035    
062720351001055440020042      .00035    
062720352001055440020042      .00035    
062720404001055440020042       .0021    
062720414001055440020042      .00035    
062720450001055440020042       .0021    
062720475001055440020042       .0021    
062720480001055440020042       .0021    
062720485001055440020042      .00035    
062720860001055440020042       .0021    
062727001001055440020042      .00035    
062727007001055440020042       .0021    
062830061011055440020042      .00035    
062830062001055440020042      .00035    
062830064001055440020042      .00035    
062830083001055440020042       .0021    
062890342001055440020042      .00035    
071290055001055440020042      .00035    
072710009001055440020042        .006    
072710020001055440020042         .01    
072710022001055440020042        .047    
072710024001055440020042        .002    
072710025001055440020042        .002    
072710036001055440020042        .002    
072710043001055440020042        .006    
072710044001055440020042        .002    
072710046001055440020042        .047    
072710047001055440020042        .006    
072710049001055440020042        .002    
072710053001055440020042        .002    
072710054001055440020042        .002    
072710111001055440020042        .002    
072710137001055440020042        .047    
072710142001055440020042        .002    
072710144001055440020042        .006    
072710150001055440020042        .047    
072710161001055440020042        .006    
072710194001055440020042         .02    
072710198001055440020042        .006    
072710199001055440020042        .006    
072710620001055440020042        .047    
072720005001055440020042        .047    
072720032001055440020042        .002    
072720071001055440020042        .002    
072720076001055440020042        .047    
072720150001055440020042        .003    
072720165001055440020042        .002    
072720171001055440020042        .002    
072720188001055440020042        .002    
072720192001055440020042        .047    
072720275001055440020042        .047    
072720276001055440020042        .047    
072720278001055440020042        .047    
072720279001055440020042        .047    
072720284001055440020042        .047    
072720285001055440020042        .002    
072720286001055440020042        .047    
072720291001055440020042        .047    
072720292001055440020042        .047    
072720293001055440020042        .047    
072720294001055440020042        .047    
072720295001055440020042        .047    
072720297001055440020042        .003    
072720298001055440020042        .003    
072720309001055440020042        .047    
072720315001055440020042        .003    
072720335001055440020042        .047    
072720337001055440020042        .003    
072721420001055440020042        .003    
072730094001055440020042        .003    
072730101001055440020042        .047    
072730103001055440020042        .003    
072730106001055440020042        .003    
072730117001055440020042        .047    
072730470001055440020042        .003    
072740013001055440020042        .047    
072740015001055440020042        .047    
072740018001055440020042        .006    
072740042001055440020042        .047    
072740050001055440020042        .047    
072740052001055440020042        .047    
072740056001055440020042        .047    
072740057001055440020042        .003    
072750011001055440020042        .047    
072750020001055440020042        .047    
072750023001055440020042        .047    
072750030001055440020042        .047    
072750033001055440020042        .003    
072750034001055440020042        .003    
072750090001055440020042        .003    
072750110001055440020042        .003    
076130088001055440020042        .006    
076130128001055440020042        .002    
076130206001055440020042        .002    
078670494001055440020042        .006    
078670495001055440020042        .006    
078670512001055440020042        .003    
078670515001055440020042        .006    
078670516011055440020042        .047    
078670559001055440020042        .003    
078670608001055440020042        .006    
078670611001055440020042        .006    
078672680001055440020042         .01    
078673110001055440020042        .006    
078673120001055440020042        .006    
078710227011055440020042        .047    
078710228011055440020042        .047    
078710229011055440020042        .047    
078710231011055440020042        .047    
078710546001055440020042        .047    
078711060001055440020042        .047    
078720001001055440020042        .047    
078720002011055440020042        .002    
078720003011055440020042        .047    
078720004001055440020042        .047    
078720007001055440020042        .002    
078720008001055440020042        .002    
078720010001055440020042        .047    
078720150001055440020042        .047    
078730001001055440020042        .003    
078740001001055440020042        .006    
078740002001055440020042        .006    
078740003001055440020042        .006    
078740004011055440020042        .047    
078740008011055440020042        .047    
078740009011055440020042        .047    
078740010001055440020042        .047    
078740011001055440020042        .002    
078740012001055440020042        .002    
078740013001055440020042        .002    
078740015011055440020042        .047    
078740016011055440020042        .047    
078740017011055440020042         .32    
078740019011055440020042        .047    
078740020001055440020042        .006    
078740021011055440020042        .047    
078740023011055440020042        .047    
078740025001055440020042        .002    
078740030001055440020042        .006    
078740040001055440020042        .047    
078740050001055440020042        .047    
078740060001055440020042        .047    
078740070001055440020042        .047    
078750003001055440020042        .047    
078750006001055440020042        .003    
078750007001055440020042        .003    
079670035001055440020042        .006    
079670058001055440020042        .003    
079670116001055440020042        .002    
079670134001055440020042        .047    
079670135001055440020042        .047    
079670136001055440020042        .047    
079670137001055440020042        .047    
079670192001055440020042        .047    
079670198001055440020042        .006    
079710004001055440020042        .002    
079710014001055440020042        .047    
079710015001055440020042        .047    
079710032001055440020042        .002    
079710033001055440020042        .002    
079710041011055440020042        .047    
079710046011055440020042        .047    
079710083001055440020042        .002    
079710091011055440020042        .047    
079710092001055440020042        .002    
079710093001055440020042        .002    
079710094001055440020042        .002    
079710098001055440020042        .002    
079710102791055440020042        .003    
079710106001055440020042        .006    
079710107001055440020042        .002    
079710108001055440020042        .003    
079710113001055440020042        .002    
079710115001055440020042        .002    
079710118001055440020042        .002    
079710125001055440020042        .006    
079710127001055440020042        .002    
079710132001055440020042        .047    
079710139001055440020042        .006    
079710140001055440020042        .047    
079710172001055440020042        .002    
079710186001055440020042        .006    
079710194001055440020042        .003    
079710195001055440020042        .008    
079710203001055440020042        .002    
079710204001055440020042        .047    
079710212001055440020042        .002    
079710213001055440020042        .002    
079710244001055440020042        .002    
079710256001055440020042        .047    
079710276011055440020042        .047    
079710292001055440020042        .047    
079710320001055440020042        .047    
079710338001055440020042        .006    
079710339001055440020042        .006    
079710341001055440020042        .047    
079710343001055440020042        .047    
079710351001055440020042        .002    
079710375001055440020042        .002    
079710386001055440020042        .006    
079710397001055440020042        .047    
079710401001055440020042        .002    
079710405001055440020042        .006    
079710410001055440020042        .002    
079710412001055440020042        .002    
079710419001055440020042        .002    
079710420001055440020042        .002    
079710422001055440020042        .002    
079710432011055440020042        .047    
079710438001055440020042        .006    
079710439001055440020042        .047    
079710488001055440020042        .002    
079710495001055440020042        .002    
079710510001055440020042        .002    
079710522001055440020042        .002    
079710598001055440020042        .002    
079710609001055440020042        .047    
079710616001055440020042        .006    
079710640001055440020042        .002    
079710805011055440020042        .003    
079710808001055440020042        .006    
079710813001055440020042        .002    
079710822001055440020042        .002    
079710823001055440020042        .002    
079710857001055440020042        .002    
079710859001055440020042        .002    
079710884001055440020042        .047    
079710885001055440020042        .047    
079710888001055440020042        .002    
079710892001055440020042        .002    
079710894001055440020042        .002    
079710896001055440020042        .006    
079710904001055440020042        .003    
079710908001055440020042        .002    
079710941001055440020042        .002    
079710962001055440020042        .002    
079710964011055440020042        .002    
079710969001055440020042        .002    
079710972001055440020042        .002    
079711020001055440020042        .047    
079711050001055440020042        .006    
079711101001055440020042        .002    
079711102011055440020042        .002    
079711109001055440020042        .002    
079711110001055440020042        .047    
079711111001055440020042        .002    
079711133001055440020042        .047    
079711137001055440020042        .006    
079711154791055440020042        .002    
079711880001055440020042        .047    
079713040001055440020042         .01    
079717110001055440020042        .047    
079717140001055440020042        .002    
718105560791055440020042        .002    
721184900001055440020042      .00035    
723601516001055440020042      .00035    
724302500001055440020042       .0021    
724303800001055440020042      .00035    
724303900001055440020042      .00035    
724304100001055440020042      .00035    
724600165001055440020042        .002    
729289023111055440020042        .001    
733500506001055440020042       .0005    
733500510001055440020042       .0005    
733500512001055440020042       .0005    
737212007001055440020042      .00035    
737212010001055440020042        .003    
743584001001055440020042        .001    
743584002001055440020042       .0005    
743584003001055440020042       .0008    
743595042001055440020042      .00035    
743595058001055440020042      .00035    
743595800001055440020042      .00035    
743595900001055440020042      .00035    
921523030001055440020042        .006    
921523062001055440020042        .006    
017390107001055450110042       .0233    
017390128001055450110042       .0233    
017495013001055450110042       .0233    
017495056001055450110042       .0233    
017495162001055450110042       .0233    
017690195001055450110042       .0233    
062650375001055450110042       .0036    
062650516001055450110042       .0036    
062650546001055450110042       .0035    
062650654001055450110042       .0036    
062710048001055450110042       .0036    
079710239001055450110042       .0002    
079710241001055450110042       .0002    
079710242001055450110042       .0002    
079710244001055450110042       .0002    
079710245001055450110042       .0002    
079710246001055450110042       .0002    
079710410001055450110042       .0002    
079710417001055450110042       .0002    
079710521001055450110042       .0002    
017193240001055460110042         .01    
017492880001055460110042         .02    
017492960001055460110042        .945    
017193210001055460640033          .3    
017193510001055460640033          .3    
017390340001055460640033          .3    
017390440001055460640033          .3    
017390450011055460640033          .3    
017390470001055460640033          .3    
017390520001055460640033          .3    
017433380001055460640033          .3    
017433390001055460640033          .3    
017491290001055460640033          .3    
017491380001055460640033          .3    
017491510011055460640033          .3    
017491780001055460640033          .3    
017492040001055460640033          .3    
017492880001055460640033          .3    
017492990001055460640033          .3    
017495150001055460640033          .3    
017495570001055460640033          .3    
017495740001055460640033          .3    
017495750001055460640033          .3    
017690570001055460640033          .3    
017691190001055460640033          .3    
017780120001055460640033          .3    
017780130001055460640033          .3    
062710320001055460640033         .25    
062710330001055460640033         .25    
062711170001055460640033         .25    
062721050001055460640033         .25    
072720770001055460640033         .09    
072721220001055460640033         .09    
072721230001055460640033         .09    
072721370001055460640033         .09    
072750090001055460640033         .09    
072750110001055460640033         .09    
076130240001055460640033         .09    
078730010001055460640033         .09    
079710410001055460640033         .09    
079711140001055460640033         .09    
017495750001055460700042          .5    
017491380001055464110042        .012    
017495750001055464200033          .1    
017000008001055467910042       .0005    
017000015001055467910042        .003    
017000017001055467910042        .003    
017000028001055467910042        .003    
017000034001055467910042       .0001    
017000050001055467910042        .003    
017030099001055467910042       .0002    
017193034001055467910042       .0002    
017193043001055467910042       .0005    
017193054001055467910042        .003    
017193082001055467910042       .0008    
017193083001055467910042       .0001    
017193119001055467910042        .003    
017390113001055467910042        .002    
017390118001055467910042       .0008    
017390123001055467910042        .002    
017390143001055467910042        .002    
017390149001055467910042        .003    
017390152001055467910042       .0008    
017390159001055467910042        .001    
017390165001055467910042       .0005    
017390166001055467910042       .0001    
017390167001055467910042       .0005    
017390175001055467910042       .0008    
017390176001055467910042        .001    
017390179001055467910042        .003    
017390185001055467910042       .0001    
017390186001055467910042        .001    
017390194001055467910042       .0005    
017390195001055467910042       .0001    
017390206001055467910042       .0008    
017433127001055467910042       .0005    
017433132001055467910042       .0005    
017433133001055467910042        .002    
017433134001055467910042        .002    
017433145001055467910042       .0005    
017490194001055467910042       .0005    
017490198001055467910042       .0005    
017490232001055467910042        .003    
017490236001055467910042       .0005    
017490254001055467910042        .003    
017490255001055467910042        .003    
017490256001055467910042        .002    
017490257001055467910042        .001    
017490257011055467910042        .001    
017490268001055467910042        .002    
017490273001055467910042        .002    
017490277001055467910042        .001    
017490316001055467910042       .0008    
017490348011055467910042       .0005    
017490349011055467910042       .0002    
017490352011055467910042         .01    
017490353001055467910042        .002    
017490355001055467910042       .0005    
017490365001055467910042       .0005    
017490404001055467910042       .0001    
017490405001055467910042       .0001    
017490417001055467910042       .0008    
017490419001055467910042       .0001    
017490426001055467910042        .002    
017490429001055467910042       .0001    
017490431001055467910042       .0001    
017490446001055467910042       .0001    
017490464011055467910042        .001    
017490486001055467910042       .0005    
017490541001055467910042        .002    
017490542001055467910042       .0002    
017490544001055467910042       .0001    
017490545001055467910042        .003    
017490546001055467910042        .003    
017490639001055467910042        .002    
017490641001055467910042        .002    
017490699001055467910042       .0008    
017490704001055467910042        .002    
017490705001055467910042       .0005    
017491290001055467910042        .001    
017491380001055467910042        .001    
017491510011055467910042        .001    
017492850001055467910042       .0001    
017492880001055467910042        .001    
017492960001055467910042        .002    
017495017001055467910042       .0005    
017495021001055467910042        .002    
017495022001055467910042        .002    
017495056001055467910042        .002    
017495063001055467910042        .003    
017495068001055467910042        .002    
017495101001055467910042        .001    
017495103001055467910042       .0001    
017495104001055467910042       .0001    
017495129001055467910042        .002    
017495132001055467910042         .01    
017495150001055467910042        .001    
017495157001055467910042       .0001    
017495161001055467910042       .0008    
017495162001055467910042        .003    
017495570001055467910042        .001    
017495740001055467910042        .001    
017495870021055467910042        .001    
017690101001055467910042        .003    
017690125001055467910042        .002    
017690144001055467910042       .0001    
017690155001055467910042        .002    
017690159001055467910042       .0001    
017690162001055467910042        .002    
017690194001055467910042       .0005    
017690219001055467910042       .0001    
017690221001055467910042       .0001    
017690248001055467910042        .001    
017690261001055467910042        .003    
017690262001055467910042       .0001    
017690291001055467910042        .003    
017690303001055467910042       .0001    
017690348001055467910042       .0005    
017690404001055467910042        .001    
017690407001055467910042       .0008    
017690410001055467910042        .002    
017690411001055467910042       .0001    
017690431001055467910042        .002    
017690434001055467910042        .002    
017690435001055467910042        .002    
017690437001055467910042        .002    
017690438001055467910042       .0001    
017690439001055467910042        .002    
017690441001055467910042        .003    
017690442001055467910042        .001    
017690445001055467910042        .003    
017690448001055467910042       .0001    
017690449001055467910042        .001    
017690487001055467910042       .0001    
017690570001055467910042        .001    
017690580001055467910042       .0001    
017690621001055467910042        .003    
017690622001055467910042        .003    
017690840001055467910042        .001    
017691170001055467910042       .0001    
017691290001055467910042        .002    
017691390001055467910042        .003    
017691580001055467910042        .003    
017780033001055467910042        .001    
017780037001055467910042       .0001    
017780038001055467910042       .0001    
017780039001055467910042       .0001    
017780160001055467910042       .0001    
017790001001055467910042        .003    
017790002001055467910042        .003    
017790004001055467910042        .002    
017790005001055467910042        .002    
017790006001055467910042        .003    
017790020001055467910042        .003    
062010167001055467910042        .001    
062010168001055467910042        .001    
062010201001055467910042      .00063    
062010202001055467910042      .00063    
062010204001055467910042      .00063    
062570021001055467910042        .001    
062570024001055467910042      .00063    
062570025001055467910042      .00063    
062570036001055467910042      .00063    
062650011001055467910042      .00153    
062650018001055467910042      .00153    
062650022001055467910042        .001    
062650025001055467910042      .00157    
062650034001055467910042        .001    
062650089001055467910042        .001    
062650091001055467910042        .001    
062650119001055467910042        .001    
062650129001055467910042      .00063    
062650138001055467910042        .001    
062650146001055467910042      .00063    
062650176001055467910042      .00063    
062650177001055467910042        .001    
062650197001055467910042      .00153    
062650198001055467910042      .00153    
062650204001055467910042        .001    
062650206001055467910042        .001    
062650257001055467910042      .00063    
062650258001055467910042        .001    
062650291001055467910042      .00063    
062650292001055467910042        .001    
062650298001055467910042        .001    
062650299001055467910042      .00153    
062650302001055467910042      .00153    
062650305001055467910042      .00153    
062650311001055467910042      .00063    
062650375001055467910042        .001    
062650382001055467910042      .00063    
062650387001055467910042      .00063    
062650388001055467910042      .00063    
062650389001055467910042      .00063    
062650395001055467910042        .001    
062650402001055467910042        .001    
062650432001055467910042        .001    
062650438001055467910042      .00153    
062650456001055467910042      .00063    
062650457001055467910042        .001    
062650468001055467910042        .001    
062650471001055467910042        .001    
062650475001055467910042      .00153    
062650476001055467910042      .00153    
062650487001055467910042      .00153    
062650489001055467910042      .00153    
062650506001055467910042      .00063    
062650508001055467910042      .00063    
062650508011055467910042      .00063    
062650508021055467910042      .00063    
062650508031055467910042      .00063    
062650508041055467910042      .00063    
062650508051055467910042      .00063    
062650508061055467910042      .00063    
062650516001055467910042        .001    
062650524001055467910042      .00153    
062650525001055467910042      .00153    
062650528001055467910042      .00153    
062650533001055467910042      .00063    
062650537001055467910042      .00063    
062650542001055467910042        .001    
062650545001055467910042        .001    
062650546001055467910042        .001    
062650547001055467910042      .00063    
062650565001055467910042      .00153    
062650566001055467910042      .00153    
062650568001055467910042      .00153    
062650569001055467910042      .00153    
062650571001055467910042      .00063    
062650572001055467910042      .00153    
062650573001055467910042      .00153    
062650574001055467910042      .00063    
062650578011055467910042        .001    
062650580001055467910042      .00063    
062650590001055467910042        .001    
062650638001055467910042      .00153    
062650654001055467910042        .001    
062650657001055467910042        .001    
062650658001055467910042      .00153    
062650659011055467910042      .00063    
062650798011055467910042      .00063    
062650799011055467910042      .00063    
062650801011055467910042      .00153    
062650802001055467910042      .00063    
062650804001055467910042      .00153    
062650807001055467910042      .00153    
062650808001055467910042      .00153    
062650809001055467910042      .00063    
062650811001055467910042      .00063    
062650812011055467910042      .00063    
062650813001055467910042      .00063    
062650814001055467910042        .001    
062650815001055467910042        .001    
062650816001055467910042        .001    
062650818001055467910042        .001    
062650819001055467910042        .001    
062650822001055467910042        .001    
062650839021055467910042      .00153    
062650841001055467910042      .00063    
062650858001055467910042        .001    
062650871011055467910042        .001    
062650877001055467910042      .00063    
062650882001055467910042        .001    
062650885001055467910042        .001    
062650886001055467910042        .001    
062650907021055467910042      .00063    
062650908001055467910042      .00063    
062650909011055467910042        .001    
062650916011055467910042      .00063    
062650917001055467910042      .00063    
062650936011055467910042      .00153    
062650937011055467910042      .00153    
062650938001055467910042      .00153    
062650941011055467910042        .001    
062650942001055467910042      .00153    
062650943001055467910042      .00153    
062650946001055467910042      .00063    
062650947011055467910042      .00153    
062650951011055467910042        .001    
062650955001055467910042      .00153    
062650956001055467910042        .001    
062650958001055467910042      .00153    
062650963011055467910042        .001    
062650969001055467910042      .00063    
062650972011055467910042      .00063    
062650994001055467910042      .00153    
062650995011055467910042        .001    
062650996001055467910042        .001    
062650998001055467910042      .00153    
062650999001055467910042      .00153    
062651001001055467910042        .001    
062651002001055467910042      .00153    
062651008001055467910042        .001    
062651008011055467910042        .001    
062651008021055467910042        .001    
062651030001055467910042      .00063    
062651114001055467910042      .00153    
062651470001055467910042        .001    
062651480001055467910042        .001    
062651770001055467910042      .00153    
062652170011055467910042      .00063    
062652190011055467910042      .00063    
062652210011055467910042      .00153    
062652240001055467910042      .00063    
062652280021055467910042      .00153    
062652290001055467910042      .00063    
062652410011055467910042      .00063    
062652470011055467910042      .00153    
062652480001055467910042      .00153    
062652510001055467910042      .00153    
062652530011055467910042      .00153    
062652550001055467910042      .00063    
062652640001055467910042        .001    
062657001001055467910042        .001    
062657008001055467910042        .001    
062657009001055467910042      .00063    
062660006001055467910042        .001    
062660007001055467910042        .001    
062660024001055467910042        .001    
062660046001055467910042        .001    
062660055001055467910042        .001    
062660102001055467910042        .001    
062660146001055467910042      .00063    
062660164001055467910042      .00063    
062660169011055467910042        .001    
062660172001055467910042        .001    
062660182001055467910042      .00153    
062660183001055467910042      .00153    
062660187001055467910042      .00063    
062660188001055467910042        .001    
062660220001055467910042        .001    
062660227011055467910042        .001    
062660228021055467910042        .001    
062660232001055467910042        .001    
062660233001055467910042        .001    
062660234001055467910042        .001    
062660235001055467910042        .001    
062660237011055467910042        .001    
062660380001055467910042      .00063    
062660470001055467910042      .00063    
062660640001055467910042        .001    
062710009001055467910042      .00153    
062710011001055467910042      .00153    
062710036001055467910042      .00063    
062710044001055467910042      .00063    
062710046001055467910042      .00063    
062710065001055467910042      .00153    
062710103001055467910042        .001    
062710107001055467910042        .001    
062710165001055467910042      .00153    
062710166001055467910042      .00153    
062710183001055467910042        .001    
062710183011055467910042        .001    
062710183021055467910042        .001    
062710183031055467910042        .001    
062710183041055467910042        .001    
062710183051055467910042        .001    
062710183061055467910042        .001    
062710183071055467910042        .001    
062710183081055467910042        .001    
062710183091055467910042        .001    
062710183101055467910042        .001    
062710183111055467910042        .001    
062710183121055467910042        .001    
062710218001055467910042        .001    
062710219001055467910042      .00153    
062710221001055467910042      .00153    
062710223001055467910042        .001    
062710224001055467910042      .00063    
062710277001055467910042        .001    
062710286001055467910042        .001    
062710298001055467910042      .00063    
062710319001055467910042        .001    
062710322001055467910042      .00063    
062710397001055467910042        .001    
062710398001055467910042        .001    
062710399001055467910042        .001    
062710890001055467910042      .00063    
062710910001055467910042      .00063    
062710920001055467910042      .00063    
062710940001055467910042      .00063    
062720034001055467910042        .001    
062720176001055467910042      .00063    
062720205001055467910042        .001    
062720213001055467910042      .00063    
062720216001055467910042      .00063    
062720217001055467910042        .001    
062720218001055467910042        .001    
062720303001055467910042        .001    
062720304001055467910042      .00063    
062720319001055467910042        .001    
062720329001055467910042        .001    
062720351001055467910042        .001    
062720352001055467910042        .001    
062720404001055467910042      .00063    
062720414001055467910042        .001    
062720450001055467910042      .00063    
062720475001055467910042      .00063    
062720480001055467910042      .00063    
062720485001055467910042        .001    
062720860001055467910042      .00063    
062727001001055467910042        .001    
062727007001055467910042      .00063    
062830061011055467910042        .001    
062830062001055467910042        .001    
062830064001055467910042        .001    
062830083001055467910042      .00063    
062890342001055467910042        .001    
071290055001055467910042        .001    
072710009001055467910042        .002    
072710020001055467910042        .003    
072710022001055467910042        .004    
072710024001055467910042      .00075    
072710025001055467910042      .00075    
072710036001055467910042      .00075    
072710043001055467910042        .002    
072710044001055467910042      .00075    
072710046001055467910042        .004    
072710047001055467910042        .002    
072710049001055467910042      .00075    
072710053001055467910042      .00075    
072710054001055467910042      .00075    
072710111001055467910042      .00075    
072710137001055467910042        .004    
072710142001055467910042      .00075    
072710144001055467910042        .002    
072710150001055467910042        .004    
072710161001055467910042        .002    
072710194001055467910042        .002    
072710198001055467910042        .002    
072710199001055467910042        .002    
072710620001055467910042        .004    
072720005001055467910042        .004    
072720032001055467910042      .00075    
072720071001055467910042      .00075    
072720076001055467910042        .004    
072720150001055467910042      .00075    
072720165001055467910042      .00075    
072720171001055467910042      .00075    
072720188001055467910042      .00075    
072720192001055467910042        .004    
072720275001055467910042        .004    
072720276001055467910042        .004    
072720278001055467910042        .004    
072720279001055467910042        .004    
072720284001055467910042        .004    
072720285001055467910042      .00075    
072720286001055467910042        .004    
072720291001055467910042        .004    
072720292001055467910042        .004    
072720293001055467910042        .004    
072720294001055467910042        .004    
072720295001055467910042        .004    
072720297001055467910042      .00075    
072720298001055467910042      .00075    
072720309001055467910042        .004    
072720315001055467910042      .00075    
072720335001055467910042        .004    
072720337001055467910042      .00075    
072721420001055467910042      .00075    
072730094001055467910042      .00075    
072730101001055467910042        .004    
072730103001055467910042      .00075    
072730106001055467910042      .00075    
072730117001055467910042        .004    
072730470001055467910042      .00075    
072740013001055467910042        .004    
072740015001055467910042        .004    
072740018001055467910042        .002    
072740042001055467910042        .004    
072740050001055467910042        .004    
072740052001055467910042        .004    
072740056001055467910042        .004    
072740057001055467910042      .00075    
072750011001055467910042        .004    
072750020001055467910042        .004    
072750023001055467910042        .004    
072750030001055467910042        .004    
072750033001055467910042      .00075    
072750034001055467910042      .00075    
072750090001055467910042      .00075    
072750110001055467910042      .00075    
076130088001055467910042        .002    
076130128001055467910042      .00075    
076130206001055467910042      .00075    
078670494001055467910042        .002    
078670495001055467910042        .002    
078670512001055467910042      .00075    
078670515001055467910042        .002    
078670516011055467910042        .004    
078670559001055467910042      .00075    
078670608001055467910042        .002    
078670611001055467910042        .002    
078672680001055467910042        .003    
078673110001055467910042        .002    
078673120001055467910042        .002    
078710227011055467910042        .004    
078710228011055467910042        .004    
078710229011055467910042        .004    
078710231011055467910042        .004    
078710546001055467910042        .004    
078711060001055467910042        .004    
078720001001055467910042        .004    
078720002011055467910042      .00075    
078720003011055467910042        .004    
078720004001055467910042        .004    
078720007001055467910042      .00075    
078720008001055467910042      .00075    
078720010001055467910042        .004    
078720150001055467910042        .004    
078730001001055467910042      .00075    
078740001001055467910042        .002    
078740002001055467910042        .002    
078740003001055467910042        .002    
078740004011055467910042        .004    
078740008011055467910042        .004    
078740009011055467910042        .004    
078740010001055467910042        .004    
078740011001055467910042      .00075    
078740012001055467910042      .00075    
078740013001055467910042      .00075    
078740015011055467910042        .004    
078740016011055467910042        .004    
078740017011055467910042        .004    
078740019011055467910042        .004    
078740020001055467910042        .002    
078740021011055467910042        .004    
078740023011055467910042        .004    
078740025001055467910042      .00075    
078740030001055467910042        .002    
078740040001055467910042        .004    
078740050001055467910042        .004    
078740060001055467910042        .004    
078740070001055467910042        .004    
078750003001055467910042        .004    
078750006001055467910042      .00075    
078750007001055467910042      .00075    
079670035001055467910042        .002    
079670058001055467910042      .00075    
079670116001055467910042      .00075    
079670134001055467910042        .004    
079670135001055467910042        .004    
079670136001055467910042        .004    
079670137001055467910042        .004    
079670192001055467910042        .004    
079670198001055467910042        .002    
079710004001055467910042      .00075    
079710014001055467910042        .004    
079710015001055467910042        .004    
079710032001055467910042      .00075    
079710033001055467910042      .00075    
079710041011055467910042        .004    
079710046011055467910042        .004    
079710083001055467910042      .00075    
079710091011055467910042        .004    
079710092001055467910042      .00075    
079710093001055467910042      .00075    
079710094001055467910042      .00075    
079710098001055467910042      .00075    
079710102001055467910042      .00075    
079710106001055467910042        .002    
079710107001055467910042      .00075    
079710108001055467910042      .00075    
079710113001055467910042      .00075    
079710115001055467910042      .00075    
079710118001055467910042      .00075    
079710125001055467910042        .002    
079710127001055467910042      .00075    
079710132001055467910042        .004    
079710139001055467910042        .002    
079710140001055467910042        .004    
079710172001055467910042      .00075    
079710186001055467910042        .002    
079710194001055467910042      .00075    
079710195001055467910042      .00275    
079710203001055467910042      .00075    
079710204001055467910042        .004    
079710212001055467910042      .00075    
079710213001055467910042      .00075    
079710244001055467910042      .00075    
079710256001055467910042        .004    
079710276011055467910042        .004    
079710292001055467910042        .004    
079710320001055467910042        .004    
079710338001055467910042        .002    
079710339001055467910042        .002    
079710341001055467910042        .004    
079710343001055467910042        .004    
079710351001055467910042      .00075    
079710375001055467910042      .00075    
079710386001055467910042        .002    
079710397001055467910042        .004    
079710401001055467910042      .00075    
079710405001055467910042        .002    
079710412001055467910042      .00075    
079710419001055467910042      .00075    
079710422001055467910042      .00075    
079710432011055467910042        .004    
079710438001055467910042        .002    
079710439001055467910042        .004    
079710488001055467910042      .00075    
079710495001055467910042      .00075    
079710510001055467910042      .00075    
079710522001055467910042      .00075    
079710609001055467910042        .004    
079710616001055467910042        .002    
079710640001055467910042      .00075    
079710805011055467910042      .00075    
079710808001055467910042        .002    
079710813001055467910042      .00075    
079710822001055467910042      .00075    
079710823001055467910042      .00075    
079710857001055467910042      .00075    
079710859001055467910042      .00075    
079710884001055467910042        .004    
079710885001055467910042        .004    
079710888001055467910042      .00075    
079710892001055467910042      .00075    
079710894001055467910042      .00075    
079710896001055467910042        .002    
079710904001055467910042      .00075    
079710908001055467910042      .00075    
079710941001055467910042      .00075    
079710958001055467910042      .00075    
079710962001055467910042      .00075    
079710964011055467910042      .00075    
079710969001055467910042      .00075    
079710972001055467910042      .00075    
079711020001055467910042        .004    
079711050001055467910042        .002    
079711101001055467910042      .00075    
079711102011055467910042      .00075    
079711109001055467910042      .00075    
079711110001055467910042        .004    
079711111001055467910042      .00075    
079711133001055467910042        .004    
079711137001055467910042        .002    
079711154001055467910042      .00075    
079711880001055467910042        .004    
079713040001055467910042        .003    
079717110001055467910042        .004    
079717140001055467910042      .00075    
718105560791055467910042      .00075    
721184900001055467910042        .001    
723601516001055467910042        .001    
724302500001055467910042      .00063    
724303800001055467910042        .001    
724303900001055467910042        .001    
724304100001055467910042        .001    
724600165001055467910042      .00075    
729289023111055467910042       .0005    
733500506001055467910042        .001    
733500510001055467910042       .0001    
733500512001055467910042       .0001    
737212007001055467910042        .001    
737212010001055467910042      .00075    
743584001001055467910042       .0005    
743584002001055467910042       .0001    
743584003001055467910042       .0002    
743595042001055467910042        .001    
743595058001055467910042        .001    
743595800001055467910042        .001    
743595900001055467910042        .001    
921523030001055467910042        .002    
921523062001055467910042        .002    
017495750001055468610033          .6    
072720770001055468610033         .17    
072721220001055468610033         .17    
072721230001055468610033         .17    
072721370001055468610033         .17    
072750090001055468610033         .17    
072750110001055468610033         .17    
076130240001055468610033         .17    
078730010001055468610033         .17    
079710410001055468610033         .17    
079711140001055468610033         .17    
017390107001055470210042       .0005    
017390128001055470210042       .0005    
017495013001055470210042       .0005    
017495056001055470210042       .0005    
017495162001055470210042       .0005    
017690195001055470210042       .0005    
062650375001055470210042       .0013    
062650516001055470210042       .0013    
062650546001055470210042       .0013    
062650654001055470210042       .0013    
062710048001055470210042       .0013    
079710239001055470210042       .0001    
079710241001055470210042       .0001    
079710242001055470210042       .0001    
079710244001055470210042       .0001    
079710245001055470210042       .0001    
079710246001055470210042       .0001    
079710410001055470210042       .0001    
079710417001055470210042       .0001    
079710521001055470210042       .0001    
017490268001055470910042        .001    
017490426001055470910042        .001    
017490639001055470910042        .001    
017490704001055470910042        .001    
017690155001055470910042        .001    
017690162001055470910042        .001    
017690431001055470910042        .001    
017690434001055470910042        .001    
017690435001055470910042        .001    
017690436001055470910042        .001    
062570090001055470910042        .005    
062710320001055470910042        .005    
062720550001055470910042        .005    
062721070001055470910042        .005    
078672720001055470910042        .001    
079710410001055470910042        .002    
079710420001055470910042        .005    
062650375001055471100042        .228    
062650516001055471100042        .228    
062650546001055471100042        .228    
062650654001055471100042        .228    
062710048001055471100042        .228    
017390107001055471110042        .193    
017390128001055471110042        .193    
017495013001055471110042        .193    
017495056001055471110042       .1935    
017495162001055471110042        .193    
017690195001055471110042        .193    
079710239001055471110042        .089    
079710241001055471110042        .089    
079710242001055471110042        .089    
079710244001055471110042        .089    
079710245001055471110042        .089    
079710246001055471110042        .089    
079710410001055471110042        .089    
079710417001055471110042        .089    
079710521001055471110042        .089    
062650119001055472000042        .002    
017193054001055475010042        .015    
017490256001055475010042        .107    
017490277001055475010042        .107    
017690404001055475010042        .107    
062650119001055475010042        .063    
062650402001055475010042        .063    
062651008001055475010042        .063    
062651008011055475010042        .063    
062651008021055475010042        .063    
062660169011055475010042        .063    
062660172001055475010042         .05    
062660188001055475010042        .063    
062660227011055475010042        .063    
062660234001055475010042        .063    
062710218001055475010042        .063    
062720218001055475010042        .063    
072720192001055475010042        .019    
072720284001055475010042        .019    
072720286001055475010042        .019    
072720309001055475010042        .019    
072740013001055475010042        .019    
072740052001055475010042        .019    
072750090001055475010042         .27    
072750110001055475010042         .27    
078740004011055475010042        .019    
078740008011055475010042        .019    
078740009011055475010042        .019    
078740017011055475010042        .019    
079710004001055475010042         .27    
017390107001055477200042       .0013    
017390128001055477200042       .0013    
017495013001055477200042       .0013    
017495056001055477200042       .0013    
017495162001055477200042       .0013    
017690195001055477200042       .0013    
062650375001055477200042       .0012    
062650516001055477200042        .012    
062650546001055477200042       .0012    
062650654001055477200042       .0012    
062710048001055477200042       .0012    
079710239001055477200042       .0002    
079710241001055477200042       .0002    
079710242001055477200042       .0002    
079710244001055477200042       .0002    
079710245001055477200042       .0002    
079710246001055477200042       .0002    
079710410001055477200042       .0002    
079710417001055477200042       .0002    
079710521001055477200042       .0002    
072750020001055477300042       .0013    
072750030001055477300042       .0013    
079713040001055477300042       .0015    
079717110001055477300042       .0013    
017390159001055478000042        .002    
017490194001055478000042        .002    
017490198001055478000042        .002    
017490236001055478000042        .002    
017490253001055478000042        .002    
017490254001055478000042        .001    
017490255001055478000042        .001    
017490256001055478000042        .002    
017490257001055478000042        .002    
017490257011055478000042        .002    
017490268001055478000042        .003    
017490273001055478000042        .003    
017490277001055478000042        .002    
017490348011055478000042        .002    
017490349011055478000042        .002    
017490352011055478000042        .002    
017490353001055478000042        .002    
017490355001055478000042        .002    
017490404001055478000042        .002    
017490405001055478000042        .002    
017490426001055478000042        .003    
017490541001055478000042        .002    
017490542001055478000042        .002    
017490639001055478000042        .003    
017490641001055478000042        .003    
017490699001055478000042        .002    
017490704001055478000042        .003    
017491380001055478000042        .002    
017492870001055478000042        .002    
017492880001055478000042        .002    
017492960001055478000042        .003    
017495056001055478000042        .002    
017495068001055478000042        .002    
017495860001055478000042        .002    
017690125001055478000042        .001    
017690133001055478000042        .001    
017690136001055478000042        .001    
017690144001055478000042        .002    
017690155001055478000042        .003    
017690158001055478000042        .002    
017690159001055478000042        .002    
017690162001055478000042        .003    
017690248001055478000042        .002    
017690261001055478000042        .001    
017690262001055478000042        .002    
017690291001055478000042        .001    
017690348001055478000042        .002    
017690404001055478000042        .002    
017690431001055478000042        .003    
017690434001055478000042        .003    
017690435001055478000042        .003    
017690436001055478000042        .003    
017690437001055478000042        .003    
017690438001055478000042        .002    
017690439001055478000042        .003    
017690445001055478000042        .001    
017690448001055478000042        .002    
017690456001055478000042        .001    
017690580001055478000042        .002    
017691260001055478000042        .003    
017691290001055478000042        .003    
017780039001055478000042        .002    
017790004001055478000042        .003    
017790005001055478000042        .003    
062010201001055478000042       .0067    
062010202001055478000042       .0067    
062650011001055478000042       .0055    
062650018001055478000042       .0055    
062650025001055478000042       .0055    
062650034001055478000042        .002    
062650197001055478000042       .0055    
062650299001055478000042       .0055    
062650375001055478000042        .002    
062650438001055478000042       .0055    
062650475001055478000042       .0055    
062650476001055478000042       .0055    
062650487001055478000042       .0055    
062650489001055478000042       .0055    
062650537001055478000042       .0067    
062650657001055478000042        .002    
062650658001055478000042       .0055    
062650804001055478000042       .0055    
062650807001055478000042       .0055    
062650808001055478000042       .0055    
062650809001055478000042       .0067    
062650936011055478000042       .0055    
062650937011055478000042       .0055    
062650938001055478000042       .0055    
062650994001055478000042       .0055    
062650998001055478000042       .0055    
062650999001055478000042       .0055    
062651002001055478000042       .0055    
062651008001055478000042        .002    
062651008011055478000042        .002    
062651008021055478000042        .002    
062652470011055478000042       .0055    
062652480001055478000042        .006    
062652510001055478000042       .0055    
062652640001055478000042        .002    
062657001001055478000042        .002    
062660169011055478000042        .002    
062660172001055478000042        .002    
062660182001055478000042       .0055    
062660183001055478000042       .0055    
062660188001055478000042        .002    
062660227011055478000042        .002    
062660234001055478000042        .002    
062660235001055478000042        .002    
062710011001055478000042       .0055    
062710065001055478000042       .0055    
072720294001055478000042        .011    
072720297001055478000042       .0075    
072720335001055478000042        .011    
078720010001055478000042        .011    
079710256001055478000042         .02    
079710805011055478000042       .0075    
017193510001055482800042        .019    
017390107001055482800042       .0017    
017390128001055482800042       .0017    
017495013001055482800042       .0017    
017495056001055482800042       .0017    
017495162001055482800042       .0017    
017690195001055482800042       .0017    
062650375001055482800042       .0024    
062650516001055482800042         .01    
062650546001055482800042       .0024    
062650654001055482800042       .0024    
062650801011055482800042       .0075    
062652210011055482800042       .0075    
062652470011055482800042      .00051    
062710048001055482800042       .0024    
072730470001055482800042        .002    
079710239001055482800042       .0005    
079710241001055482800042       .0005    
079710242001055482800042       .0005    
079710244001055482800042       .0005    
079710245001055482800042       .0005    
079710246001055482800042       .0005    
079710410001055482800042       .0005    
079710417001055482800042       .0005    
079710521001055482800042       .0005    
079710609001055482800042        .025    
079711880001055482800042        .025    
079717140001055482800042        .002    
017390128001055485600042        .005    
017495013001055485600042        .005    
017495056001055485600042        .005    
017495162001055485600042        .005    
017690195001055485600042        .005    
062650375001055485600042       .0074    
062650516001055485600042       .0074    
062650546001055485600042       .0074    
062650654001055485600042       .0074    
062710048001055485600042       .0074    
017490541001055486800042        .015    
017390107001055488600042        .005    
017193210001055520100042        .367    
017495570001055520100042        .367    
062651030001055520100042        .016    
062651080001055520100042        .016    
062651890011055520100042        .016    
062652220001055520100042        .016    
062652410011055520100042        .016    
062652520001055520100042        .016    
062652550001055520100042        .016    
062652560011055520100042        .016    
062660380001055520100042        .016    
062660440001055520100042        .016    
062660470001055520100042        .016    
062660610001055520100042        .016    
062710010001055520100042        .016    
062710940001055520100042        .016    
062720450001055520100042        .016    
062720480001055520100042        .016    
062721170001055520100042        .016    
062722080001055520100042        .016    
072710020001055520100042         .12    
072720005001055520100042          .3    
078672680001055520100042         .12    
078673090001055520100042         .12    
078740030001055520100042         .12    
079713040001055520100042         .12    
017495750001055570502323         .75    
072710020001055581000142        .004    
072710620001055581000142        .016    
072750020001055581000142        .016    
072750030001055581000142        .016    
078670495001055581000142        .004    
078672680001055581000142        .004    
078672720001055581000142        .003    
078673090001055581000142        .004    
078673110001055581000142        .004    
078720010001055581000142        .016    
078740030001055581000142        .004    
079713040001055581000142        .004    
079717110001055581000142        .016    
017495132001055600100142         .15    
017193210001055604200142        .004    
017193510001055604200142        .004    
017390340001055604200142        .004    
017390450011055604200142        .004    
017495570001055604200142        .004    
017690570001055604200142        .004    
072721220001055604200142       .0017    
072721230001055604200142       .0017    
079711140001055604200142       .0017    
062650011001055604800142         .03    
062650018001055604800142         .03    
062650025001055604800142         .03    
062650119001055604800142        .219    
062650475001055604800142         .03    
062650476001055604800142         .03    
062650658001055604800142         .03    
062650858001055604800142        .219    
062652240001055604800142        .016    
062652280021055604800142         .03    
062652530011055604800142         .03    
062652640001055604800142        .219    
062660169011055604800142        .219    
062660227011055604800142        .219    
062660234001055604800142        .219    
062660235001055604800142        .219    
062710065001055604800142         .03    
062880080001055604800142        .219    
072710150001055604800142         .74    
072710620001055604800142         .74    
072720192001055604800142         .74    
072720284001055604800142         .74    
072720309001055604800142         .74    
072721210001055604800142         .74    
072721350001055604800142         .74    
072721410001055604800142         .74    
072730101001055604800142         .74    
072750020001055604800142         .74    
072750030001055604800142         .74    
078672720001055604800142          .1    
078720010001055604800142         .74    
078740050001055604800142         .74    
079710014001055604800142        .744    
017193650001055604800342         .01    
017490254001055604800342         .01    
017490255001055604800342         .01    
017495750001055604800342        .367    
017691260001055604800342        .225    
017691570001055604800342         .01    
017691580001055604800342         .01    
017790060001055604800342        .225    
017495063001055605000142          .1    
062650011001055619700142       .0058    
062650025001055619700142       .0058    
062650197001055619700142       .0058    
062650475001055619700142       .0058    
062650476001055619700142       .0058    
062650487001055619700142       .0058    
062650489001055619700142       .0058    
062650638001055619700142       .0058    
062650658001055619700142       .0058    
062650807001055619700142       .0058    
062650808001055619700142       .0058    
062660182001055619700142       .0058    
062660183001055619700142       .0058    
017390107001055620600142       .0077    
017390128001055620600142       .0077    
017495013001055620600142       .0077    
017495056001055620600142       .0077    
017495162001055620600142       .0077    
017690195001055620600142       .0077    
062650375001055620600142        .002    
062650516001055620600142        .002    
062650546001055620600142        .002    
062650654001055620600142        .002    
062710048001055620600142        .002    
079710004001055620600142         .01    
079710239001055620600142       .0011    
079710241001055620600142       .0011    
079710242001055620600142       .0011    
079710244001055620600142       .0011    
079710245001055620600142       .0011    
079710246001055620600142       .0011    
079710410001055620600142       .0011    
079710417001055620600142       .0011    
079710521001055620600142       .0011    
017390107001055621300142        .005    
017390128001055621300142        .005    
017495013001055621300142        .005    
017495056001055621300142        .005    
017495162001055621300142        .005    
017690195001055621300142        .005    
062650375001055621300142        .018    
062650516001055621300142        .018    
062650546001055621300142        .018    
062650654001055621300142        .018    
062710048001055621300142        .018    
017390107001055624900142       .0017    
017390128001055624900142       .0017    
017495013001055624900142       .0017    
017495056001055624900142       .0017    
017495162001055624900142       .0017    
017690195001055624900142       .0017    
062650375001055624900142        .035    
062650516001055624900142        .035    
062650546001055624900142        .035    
062650654001055624900142        .035    
062710048001055624900142        .035    
079710239001055624900142       .0005    
079710241001055624900142       .0005    
079710242001055624900142       .0005    
079710244001055624900142       .0005    
079710245001055624900142       .0005    
079710246001055624900142       .0005    
079710410001055624900142       .0005    
079710417001055624900142       .0005    
079710521001055624900142       .0005    
017691580001055628200142        .005    
078673120001055628200142        .006    
078720010001055628200142        .007    
017390107001055628600342      .00017    
017390128001055628600342      .00017    
017495013001055628600342      .00017    
017495056001055628600342      .00017    
017495162001055628600342      .00017    
017690195001055628600342      .00017    
062650375001055628600342       .0002    
062650516001055628600342       .0002    
062650546001055628600342       .0002    
062650654001055628600342       .0002    
062710048001055628600342       .0002    
017390107001055630200342       .0075    
017390128001055630200342       .0075    
017490541001055630200342        .028    
017495013001055630200342       .0075    
017495056001055630200342       .0075    
017495132001055630200342        .028    
017495162001055630200342       .0075    
017690195001055630200342       .0075    
062650375001055630200342       .0108    
062650516001055630200342       .0108    
062650546001055630200342       .0108    
062650654001055630200342       .0108    
062710048001055630200342       .0108    
079710239001055630200342       .0033    
079710241001055630200342       .0033    
079710242001055630200342       .0033    
079710244001055630200342       .0033    
079710245001055630200342       .0033    
079710246001055630200342       .0033    
079710410001055630200342       .0033    
079710417001055630200342       .0033    
079710521001055630200342       .0033    
017390520001055701000142         2.5    
017433390001055701000142         2.5    
017495740001055701000142         2.5    
017495750001055701000142          .5    
079711140001055701000142         1.3    
017433390001055710500042         .16    
017490541001055710500042         .16    
017495013001055710500042         .16    
017495150001055710500042         .16    
017495570001055710500042         .16    
017495750001055710500042         .16    
017495870021055710500042         .16    
017690410001055710500042        .075    
017691390001055710500042         .32    
017691580001055710500042         .32    
017780060001055710500042         .16    
017780070001055710500042         .16    
017790001001055710500042         .32    
017790002001055710500042         .32    
017790006001055710500042         .32    
062650025001055710500042        .131    
062650305001055710500042        .131    
062650382001055710500042        .125    
062650438001055710500042        .131    
062650475001055710500042        .131    
062650476001055710500042        .131    
062650801011055710500042        .131    
062650809001055710500042        .131    
062650811001055710500042        .125    
062650812021055710500042        .125    
062650814001055710500042        .187    
062650885001055710500042        .187    
062650886001055710500042        .187    
062650995011055710500042        .187    
062652210011055710500042        .131    
062652220001055710500042        .125    
062652280021055710500042        .131    
062652530011055710500042        .131    
062660028011055710500042        .187    
062660045011055710500042        .187    
062660164001055710500042        .125    
062660233001055710500042        .187    
062660380001055710500042        .125    
062710107001055710500042        .187    
062710224001055710500042        .125    
062710303011055710500042        .125    
062710330001055710500042        .187    
062710890001055710500042        .125    
062710920001055710500042        .125    
062710940001055710500042        .125    
062720216001055710500042        .125    
062830062001055710500042        .187    
072710020001055710500042        .143    
072710044001055710500042         .15    
072710137001055710500042        .075    
072710161001055710500042        .143    
072710620001055710500042        .075    
072720071001055710500042         .15    
072720278001055710500042        .075    
072720284001055710500042        .075    
072720297001055710500042         .15    
072721380001055710500042        .075    
072740050001055710500042         .05    
072740150001055710500042        .075    
072740240001055710500042         .05    
076130088001055710500042        .143    
078670495001055710500042        .143    
078670608001055710500042        .143    
078672680001055710500042        .143    
078673090001055710500042        .143    
078673110001055710500042        .143    
078673120001055710500042        .143    
078711060001055710500042        .075    
078740003001055710500042        .143    
078740030001055710500042        .143    
078740050001055710500042        .075    
078740070001055710500042        .075    
079710098001055710500042         .15    
079710115001055710500042         .15    
079710127001055710500042         .15    
079710320001055710500042        .075    
079710397001055710500042         .05    
079710522001055710500042         .15    
079710808001055710500042        .143    
079713090001055710500042        .143    
079717140001055710500042         .15    
921510577001055710500042        .143    
017691580001055720100042        .005    
017193119001055720500142        .077    
017390111001055720500142          .1    
017390151001055720500142        .125    
017490217001055720500142          .1    
017490277001055720500142         .25    
017690158001055720500142        .215    
017691290001055720500142        .074    
017780026001055720500142        .125    
017780120001055720500142          .3    
017780130001055720500142          .3    
017790004001055720500142        .074    
017790005001055720500142        .074    
017790060001055720500142        .074    
062650402001055720500142        .278    
062650476001055720500142        .143    
062650807001055720500142        .143    
062650808001055720500142        .143    
062650886001055720500142        .278    
062650970001055720500142        .278    
062650995011055720500142        .278    
062651030001055720500142        .167    
062651080001055720500142        .167    
062652280021055720500142        .143    
062652410011055720500142        .167    
062660169011055720500142        .278    
062660183001055720500142        .143    
062660233001055720500142        .278    
062660470001055720500142        .167    
062660610001055720500142        .167    
062710010001055720500142        .167    
062710910001055720500142        .167    
062720378001055720500142        .167    
062720450001055720500142        .167    
062720480001055720500142        .167    
062721010001055720500142        .167    
062721170001055720500142        .167    
072710020001055720500142        .072    
072710137001055720500142         .53    
072710144001055720500142        .071    
072710150001055720500142         .53    
072710161001055720500142        .071    
072710620001055720500142         .53    
072720192001055720500142         .53    
072720278001055720500142         .53    
072720279001055720500142         .53    
072720284001055720500142         .53    
072720286001055720500142         .53    
072720292001055720500142         .53    
072720295001055720500142         .53    
072720309001055720500142         .53    
072721210001055720500142         .53    
072721350001055720500142         .53    
072721380001055720500142         .53    
072721430001055720500142         .45    
072730101001055720500142         .53    
072730103001055720500142         .45    
072730106001055720500142         .45    
072740013001055720500142         .53    
072740015001055720500142         .53    
072740042001055720500142         .53    
072740056001055720500142         .53    
072750020001055720500142         .53    
076130207001055720500142         .07    
076130240001055720500142         .45    
076130250001055720500142        .071    
078670495001055720500142         .07    
078670608001055720500142        .071    
078673090001055720500142        .072    
078673110001055720500142         .07    
078673120001055720500142         .08    
078710227011055720500142         .53    
078710231011055720500142         .53    
078720004001055720500142         .53    
078720010001055720500142         .53    
078720150001055720500142         .53    
078740003001055720500142         .07    
078740005001055720500142         .45    
078740008011055720500142         .53    
078740009011055720500142         .53    
078740017011055720500142         .53    
078740023011055720500142         .53    
078740030001055720500142        .072    
078740050001055720500142         .53    
078740060001055720500142         .53    
079710014001055720500142         .53    
079710292001055720500142         .53    
079710397001055720500142         .53    
079710609001055720500142         .53    
079710958001055720500142         .45    
079713040001055720500142         .07    
079713090001055720500142         .07    
079717110001055720500142         .53    
079717140001055720500142         .45    
017000007001055720500242         .01    
017190001001055720500242        .077    
017193051001055720500242        .077    
017193210001055720500242         .15    
017193240001055720500242        .077    
017193510001055720500242         .15    
017390176001055720500242         .03    
017390340001055720500242         .15    
017390440001055720500242         .11    
017390450011055720500242         .15    
017390470001055720500242         .11    
017390480001055720500242         .11    
017390520001055720500242         .15    
017433380001055720500242         .11    
017433390001055720500242         .15    
017490178001055720500242         .01    
017490257001055720500242         .01    
017490257011055720500242         .01    
017490263001055720500242        .015    
017490268001055720500242        .074    
017490273001055720500242        .074    
017490329001055720500242         .01    
017490364001055720500242        .015    
017490426001055720500242        .074    
017490443001055720500242        .077    
017490464011055720500242         .54    
017490531001055720500242        .015    
017491250001055720500242         .11    
017491290001055720500242         .15    
017491380001055720500242         .15    
017491510011055720500242         .11    
017491780001055720500242         .11    
017492040001055720500242        .104    
017492870001055720500242         .11    
017492880001055720500242         .15    
017492960001055720500242        .074    
017492990001055720500242         .03    
017495013001055720500242         .18    
017495150001055720500242         .15    
017495570001055720500242         .15    
017495740001055720500242         .15    
017495750001055720500242         .15    
017495860001055720500242         .11    
017495870021055720500242         .11    
017690097001055720500242        .077    
017690136001055720500242        .077    
017690155001055720500242        .074    
017690248001055720500242        .015    
017690249001055720500242        .077    
017690410001055720500242        .074    
017690431001055720500242        .074    
017690435001055720500242        .074    
017690449001055720500242         .01    
017690456001055720500242       .0007    
017690473001055720500242        .077    
017690570001055720500242         .15    
017690609001055720500242        .077    
017690840001055720500242         .15    
017691260001055720500242        .074    
017691570001055720500242        .077    
017691580001055720500242        .077    
017780019001055720500242        .015    
017780022001055720500242        .015    
017780027001055720500242         .01    
017780032001055720500242        .077    
017780060001055720500242         .11    
017780070001055720500242         .11    
017780120001055720500242         .11    
017780130001055720500242         .01    
062091006001055720500242       .0065    
062091007001055720500242       .0065    
062091009001055720500242       .0065    
062091030001055720500242       .0065    
062570090001055720500242        .087    
062650021001055720500242        .087    
062650025001055720500242         .13    
062650170001055720500242        .087    
062650233001055720500242       .0065    
062650234001055720500242       .0065    
062650267011055720500242        .087    
062650301001055720500242       .0065    
062650438001055720500242         .13    
062650475001055720500242         .13    
062650476001055720500242         .13    
062650544001055720500242        .087    
062650578011055720500242        .087    
062650646011055720500242       .0065    
062650647011055720500242       .0065    
062650809001055720500242         .13    
062650917001055720500242       .0065    
062650937011055720500242        .143    
062650944001055720500242       .0065    
062650952001055720500242       .0065    
062650968011055720500242       .0065    
062651080001055720500242       .0065    
062651120001055720500242        .087    
062651770001055720500242        .143    
062651890011055720500242       .0065    
062652220001055720500242       .0065    
062652240001055720500242       .0065    
062652480001055720500242        .133    
062652520001055720500242       .0065    
062652550001055720500242       .0065    
062652560011055720500242       .0065    
062660005001055720500242        .087    
062660132001055720500242       .0065    
062660133001055720500242       .0065    
062660136001055720500242       .0065    
062660155001055720500242       .0065    
062660174001055720500242       .0065    
062660175001055720500242       .0065    
062660176001055720500242       .0065    
062660177011055720500242        .087    
062660213001055720500242       .0065    
062660214001055720500242       .0065    
062660219001055720500242       .0065    
062660221001055720500242       .0065    
062660222001055720500242       .0065    
062660223001055720500242       .0065    
062660227011055720500242        .087    
062660234001055720500242        .087    
062660235001055720500242        .087    
062660380001055720500242       .0065    
062660440001055720500242       .0065    
062660470001055720500242       .0065    
062660560001055720500242        .087    
062660610001055720500242       .0065    
062710048001055720500242        .087    
062710145001055720500242        .087    
062710172001055720500242       .0065    
062710173001055720500242       .0065    
062710245001055720500242       .0065    
062710281001055720500242        .087    
062710282001055720500242        .087    
062710309001055720500242        .087    
062710311001055720500242        .087    
062710320001055720500242        .087    
062710330001055720500242        .087    
062710388001055720500242        .087    
062710388011055720500242        .087    
062710396001055720500242        .087    
062710710001055720500242       .0065    
062710820001055720500242        .087    
062710840001055720500242        .087    
062710990001055720500242        .087    
062711170001055720500242        .087    
062720145001055720500242        .087    
062720146001055720500242       .0065    
062720169001055720500242        .087    
062720171001055720500242        .087    
062720214001055720500242       .0065    
062720227001055720500242       .0065    
062720251001055720500242       .0065    
062720264001055720500242       .0065    
062720265001055720500242       .0065    
062720276001055720500242       .0065    
062720277001055720500242       .0065    
062720287001055720500242       .0065    
062720288001055720500242       .0065    
062720294001055720500242       .0065    
062720295001055720500242       .0065    
062720296001055720500242       .0065    
062720311001055720500242       .0065    
062720316001055720500242       .0065    
062720322001055720500242       .0065    
062720366001055720500242       .0065    
062720415001055720500242       .0065    
062720450001055720500242       .0065    
062720474001055720500242        .087    
062720474011055720500242        .087    
062720550001055720500242        .087    
062720880001055720500242       .0065    
062721050001055720500242        .087    
062721070001055720500242        .087    
062721170001055720500242       .0065    
062722060001055720500242        .087    
062722080001055720500242       .0065    
062830026011055720500242        .087    
062830027011055720500242        .087    
062830034001055720500242        .087    
062830043001055720500242        .087    
062830066001055720500242       .0065    
062830160001055720500242        .087    
062830170011055720500242        .087    
062830190001055720500242        .087    
062880080001055720500242        .087    
062893020001055720500242        .087    
071290260001055720500242        .087    
072670022001055720500242         .18    
072710150001055720500242        .024    
072710590001055720500242        .024    
072720192001055720500242          .1    
072720199001055720500242        .024    
072720278001055720500242         .11    
072720770001055720500242        .024    
072720820001055720500242        .024    
072721210001055720500242         .11    
072721220001055720500242         .04    
072721230001055720500242        .024    
072721370001055720500242        .024    
072721410001055720500242         .11    
072721420001055720500242        .024    
072730107001055720500242        .024    
072730460001055720500242        .024    
072730470001055720500242        .024    
072740015001055720500242         .11    
072740022001055720500242        .024    
072740023001055720500242        .024    
072740042001055720500242         .11    
072740056001055720500242         .11    
072740150001055720500242         .11    
072740240001055720500242         .11    
072750090001055720500242        .024    
072750110001055720500242        .024    
076130250001055720500242         .18    
078670494001055720500242         .18    
078670495001055720500242         .18    
078672680001055720500242         .18    
078672720001055720500242        .024    
078672740001055720500242        .024    
078673110001055720500242         .18    
078673120001055720500242         .18    
078710234001055720500242        .024    
078720150001055720500242          .1    
078730010001055720500242        .024    
078740007001055720500242        .024    
078740030001055720500242         .18    
079710004001055720500242        .024    
079710041011055720500242         .11    
079710046011055720500242         .11    
079710091011055720500242         .11    
079710113001055720500242        .024    
079710140001055720500242         .11    
079710178001055720500242        .024    
079710194001055720500242        .024    
079710244001055720500242        .024    
079710410001055720500242        .024    
079710417001055720500242        .024    
079710420001055720500242        .024    
079710521001055720500242        .024    
079710883001055720500242         .11    
079710904001055720500242        .024    
079711140001055720500242        .024    
079713040001055720500242         .18    
079713520001055720500242        .024    
721240014051055720500242        .074    
721240021051055720500242         .13    
721248014111055720500242        .074    
724302300001055720500242       .0065    
726510050001055720500242        .087    
726510080001055720500242        .087    
726510090001055720500242        .087    
737200083101055720500242       .0065    
737200085101055720500242       .0065    
737200086101055720500242       .0065    
737200087101055720500242       .0065    
743595210001055720500242        .087    
743595800001055720500242        .087    
743595900001055720500242        .087    
921510577001055720500242         .18    
062652560011055730300042        .075    
079710410001055730300042         .04    
079710420001055730300042         .04    
062651030001055730600042        .075    
062651080001055730600042        .075    
062651890011055730600042        .075    
062652520001055730600042        .075    
062660610001055730600042        .075    
743590025001055730600042        .075    
743595071001055730600042        .075    
017490257001055731701742       .0025    
017490257011055731701742       .0025    
017490273001055731701742        .005    
017490541001055731701742       .0025    
017690158001055731701742       .0025    
017790005001055731701742        .005    
072710020001055731701742        .007    
072710620001055731701742         .02    
072721210001055731701742         .02    
072721350001055731701742         .02    
072721410001055731701742         .02    
072721420001055731701742          .4    
072730470001055731701742          .4    
076130207001055731701742        .007    
079713040001055731701742        .007    
017433390001055733200042        .083    
017490257001055733200042        .083    
017490257011055733200042        .083    
017490426001055733200042       .0013    
017490639001055733200042       .0013    
017690436001055733200042       .0013    
017690437001055733200042       .0013    
017690439001055733200042       .0013    
017691290001055733200042       .0013    
017790004001055733200042       .0013    
017790005001055733200042       .0013    
062650402001055733200042        .024    
062650476001055733200042       .0125    
062650807001055733200042       .0125    
062650808001055733200042       .0125    
062650885001055733200042        .024    
062650886001055733200042        .024    
062650970001055733200042        .024    
062650995011055733200042        .024    
062651008001055733200042        .024    
062651008011055733200042        .024    
062651008021055733200042        .024    
062652480001055733200042       .0125    
062660182001055733200042       .0125    
062660183001055733200042       .0125    
062660227011055733200042        .024    
062710009001055733200042       .0125    
062710011001055733200042       .0125    
062710107001055733200042        .024    
062710165001055733200042       .0125    
062710166001055733200042       .0125    
062710218001055733200042        .024    
062710219001055733200042       .0125    
062710221001055733200042       .0125    
062720218001055733200042        .024    
062720264001055733200042          .3    
072710020001055733200042         .06    
072710137001055733200042        .026    
072710144001055733200042         .06    
072710150001055733200042         .18    
072710161001055733200042         .06    
072710620001055733200042        .026    
072720192001055733200042        .026    
072720278001055733200042        .026    
072720279001055733200042        .026    
072720284001055733200042        .026    
072720286001055733200042        .026    
072720292001055733200042        .026    
072720295001055733200042        .026    
072720309001055733200042        .026    
072721380001055733200042        .008    
072730101001055733200042        .026    
072730103001055733200042         .18    
072740013001055733200042        .026    
072740015001055733200042        .026    
072740042001055733200042        .026    
072740056001055733200042        .026    
072740150001055733200042        .026    
072740240001055733200042        .026    
072750020001055733200042        .026    
076130250001055733200042         .06    
078670608001055733200042         .06    
078672720001055733200042         .18    
078673090001055733200042         .06    
078673110001055733200042         .06    
078673120001055733200042         .06    
078710228011055733200042        .026    
078710231011055733200042        .026    
078720004001055733200042        .026    
078720010001055733200042        .026    
078720150001055733200042        .026    
078740003001055733200042         .06    
078740008011055733200042        .026    
078740009011055733200042        .026    
078740017011055733200042        .026    
078740023011055733200042        .026    
078740030001055733200042         .06    
079670134001055733200042        .026    
079670135001055733200042        .026    
079670136001055733200042        .026    
079670137001055733200042        .026    
079710320001055733200042        .026    
079710609001055733200042        .026    
079717110001055733200042        .008    
921510577001055733200042         .06    
991727218001055733200042         .18    
017390159001055736300042        .003    
017490194001055736300042        .003    
017490198001055736300042        .003    
017490236001055736300042        .003    
017490253001055736300042        .003    
017490254001055736300042        .005    
017490255001055736300042        .005    
017490256001055736300042        .003    
017490257001055736300042        .003    
017490257011055736300042        .003    
017490277001055736300042        .003    
017490348011055736300042        .003    
017490349011055736300042        .003    
017490352011055736300042        .003    
017490353001055736300042        .003    
017490355001055736300042        .003    
017490404001055736300042        .003    
017490405001055736300042        .003    
017490541001055736300042        .003    
017490542001055736300042        .003    
017490699001055736300042        .003    
017491380001055736300042        .003    
017492870001055736300042        .003    
017492880001055736300042        .003    
017495056001055736300042        .003    
017495068001055736300042        .003    
017495860001055736300042        .003    
017690125001055736300042        .005    
017690133001055736300042        .005    
017690136001055736300042        .005    
017690144001055736300042        .003    
017690158001055736300042        .003    
017690159001055736300042        .003    
017690248001055736300042        .003    
017690261001055736300042        .005    
017690262001055736300042        .003    
017690291001055736300042        .005    
017690348001055736300042        .003    
017690404001055736300042        .003    
017690438001055736300042        .003    
017690445001055736300042        .005    
017690448001055736300042        .003    
017690456001055736300042        .005    
017690580001055736300042        .003    
017780039001055736300042        .003    
062010201001055736300042        .017    
062010202001055736300042        .017    
062650011001055736300042         .05    
062650018001055736300042         .05    
062650025001055736300042         .05    
062650197001055736300042         .05    
062650299001055736300042         .05    
062650438001055736300042         .05    
062650475001055736300042         .05    
062650476001055736300042         .05    
062650487001055736300042         .05    
062650489001055736300042         .05    
062650537001055736300042        .017    
062650658001055736300042         .05    
062650804001055736300042         .05    
062650807001055736300042         .05    
062650808001055736300042         .05    
062650809001055736300042        .017    
062650936011055736300042         .05    
062650937011055736300042         .05    
062650938001055736300042         .05    
062650994001055736300042         .05    
062650998001055736300042         .05    
062650999001055736300042         .05    
062651002001055736300042         .05    
062652470011055736300042        .055    
062652480001055736300042        .055    
062652510001055736300042         .05    
062660182001055736300042         .05    
062660183001055736300042         .05    
062710011001055736300042         .05    
062710065001055736300042         .05    
072720294001055736300042         .91    
072720335001055736300042         .91    
078720010001055736300042         .91    
079710256001055736300042         .05    
072750020001055737300042        1.17    
078720010001055737300042        1.17    
079710397001055737300042        1.17    
062650034001055738200042        .004    
062650119001055738200042        .004    
062650375001055738200042        .004    
062650657001055738200042        .004    
062651008001055738200042        .004    
062651008011055738200042        .004    
062651008021055738200042        .004    
062652640001055738200042        .004    
062657001001055738200042        .004    
062660169011055738200042        .004    
062660172001055738200042        .004    
062660188001055738200042        .004    
062660227011055738200042        .004    
062660234001055738200042        .004    
062660235001055738200042        .004    
072720297001055738200042         .25    
079710805011055738200042         .25    
743595800001055751300042       .0005    
743595900001055751300042       .0005    
072721210001055751600142         .03    
072721350001055751600142         .03    
072721380001055751600142         .03    
072750020001055751600142         .02    
078720010001055751600142         .01    
072710009001055760100042         .08    
017193210001055783700042        .001    
062652210011055805700142       .0017    
062652280021055805700142       .0017    
062652510001055805700142       .0017    
079670058001055805900042         .09    
017490541001055806000142          .2    
017390107001055809100042        .003    
017390128001055809100042        .003    
017490541001055809100042        .003    
017495013001055809100042        .003    
017495056001055809100042        .003    
017495162001055809100042        .003    
017690195001055809100042        .003    
062650375001055809100042        .006    
062650516001055809100042        .006    
062650546001055809100042        .006    
062650654001055809100042        .006    
062710048001055809100042        .006    
062570090001055809600142       .0013    
062710320001055809600142       .0013    
062720550001055809600142       .0013    
062721070001055809600142       .0013    
078672720001055809600142       .0005    
079710410001055809600142        .001    
079710420001055809600142        .002    
072710137001056104500542        .005    
078740050001056104500542        .005    
017193210001056104501042        .005    
017193510001056104501042        .005    
017390520001056104501042        .005    
017433390001056104501042        .005    
017495150001056104501042        .005    
017495570001056104501042        .005    
017495740001056104501042        .005    
017495750001056104501042        .005    
062710330001056104600042         .02    
079711140001056104600042        .015    
017495750001056508102142          .1    
017691390001057000600115         .05    
017691580001057000600115         .05    
062650801011057000600115         .15    
062652210011057000600115         .15    
062652280021057000600115         .15    
062652530011057000600115         .15    
072710020001057000600115         .04    
072710137001057000600115          .1    
072710161001057000600115         .04    
072710620001057000600115          .1    
072721420001057000600115         .25    
078720010001057000600115          .1    
078740030001057000600115         .04    
079710091011057000600115          .1    
079710397001057000600115          .1    
079710405001057000600142         .04    
079710808001057000600115         .04    
079711050001057000600142         .04    
079713040001057000600115         .04    
079717140001057000600115         .25    
017193119001057000900115         .05    
017193210001057000900115        .022    
017193510001057000900115        .022    
017193650001057000900115         .05    
017390440001057000900115        .022    
017390520001057000900115        .022    
017433380001057000900115        .022    
017433390001057000900115        .022    
017490257001057000900115        .022    
017490257011057000900115        .022    
017490268001057000900115        .053    
017490273001057000900115        .053    
017490277001057000900115        .022    
017490364001057000900115        .022    
017490426001057000900115        .053    
017490446001057000900115        .022    
017490531001057000900115        .022    
017490639001057000900115        .053    
017490641001057000900115        .053    
017490699001057000900115        .022    
017490704001057000900115        .053    
017491290001057000900115        .022    
017491380001057000900115        .022    
017491510011057000900115        .022    
017491780001057000900115        .022    
017492040001057000900115        .022    
017492870001057000900115        .022    
017492880001057000900115        .022    
017492960001057000900115        .053    
017492990001057000900115        .022    
017495013001057000900115        .022    
017495150001057000900115        .022    
017495570001057000900115        .022    
017495740001057000900115        .022    
017495750001057000900115        .022    
017495870021057000900115        .022    
017690162001057000900115        .053    
017690410001057000900115        .053    
017690431001057000900115        .053    
017690434001057000900115        .053    
017690435001057000900115        .053    
017690437001057000900115        .053    
017690439001057000900115        .053    
017690840001057000900115        .022    
017691260001057000900115        .053    
017691290001057000900115        .053    
017691570001057000900115         .05    
017691580001057000900115         .05    
017780060001057000900115        .022    
017780070001057000900115        .022    
017780120001057000900115        .022    
017780130001057000900115        .022    
017790005001057000900115        .053    
017790060001057000900115        .053    
062650022001057000900115        .032    
062650025001057000900115        .097    
062650091001057000900115        .032    
062650299001057000900115        .097    
062650516001057000900115        .032    
062650654001057000900115        .032    
062650657001057000900115        .032    
062650938001057000900115        .097    
062650943001057000900115        .097    
062650994001057000900115        .097    
062650995011057000900115        .032    
062651002001057000900115        .097    
062651030001057000900115        .023    
062651890011057000900115        .023    
062652220001057000900115        .023    
062652240001057000900115        .028    
062652410011057000900115        .023    
062652470011057000900115        .097    
062652510001057000900115        .097    
062652520001057000900115        .023    
062652550001057000900115        .023    
062660227011057000900115        .032    
062660233001057000900115        .032    
062660234001057000900115        .032    
062660237011057000900115        .032    
062660380001057000900115        .023    
062660470001057000900115        .023    
062710010001057000900115        .023    
062710330001057000900115        .032    
062710820001057000900115        .032    
062710890001057000900115        .023    
062710910001057000900115        .023    
062711170001057000900115        .032    
062720216001057000900115        .023    
062721010001057000900115        .023    
062721070001057000900115        .032    
062722080001057000900115        .023    
062830062001057000900115        .032    
062880080001057000900115        .032    
072720005001057000900115          .4    
072721210001057000900115          .3    
072721350001057000900115          .4    
072721410001057000900115          .4    
072740013001057000900115          .1    
072750020001057000900115          .4    
076130207001057000900115          .5    
078670516011057000900115          .4    
078710546001057000900115          .4    
079710041011057000900115          .4    
079710046011057000900115          .4    
079710140001057000900115          .4    
743584009001057000900115        .022    
743584010001057000900115        .022    
743595900001057000900115        .032    
017790060001057005100115          .6    
062650438001057005100115        .063    
062650487001057005100115        .063    
062650489001057005100115        .063    
062650578011057005100115          .1    
062650638001057005100115        .063    
062651030001057005100115         .05    
062660169011057005100115        .063    
062660182001057005100115        .063    
062660227011057005100115        .063    
062660233001057005100115        .156    
062660234001057005100115        .063    
062660235001057005100115        .063    
072710020001057005100115          .2    
072750030001057005100115          .8    
078720010001057005100115          .8    
078740030001057005100115          .2    
079713040001057005100115          .2    
743584004001057005100115         .36    
743584010001057005100115         .36    
743590025001057005100115        .256    
743595071001057005100115        .256    
743595800001057005100115        .256    
743595900001057005100115        .256    
017193210001057095200042        .025    
017193510001057095200042        .025    
017495570001057095200042        .025    
017690436001057095200042           1    
017691580001057095200042        .075    
017790001001057095200042        .075    
017790002001057095200042        .075    
017790006001057095200042        .075    
062650812021057095200042        .067    
062650885001057095200042        .025    
062650886001057095200042        .035    
062650995011057095200042        .025    
062652210011057095200042        .342    
062652280021057095200042        .342    
062652510001057095200042        .342    
062660164001057095200042        .067    
062660380001057095200042        .067    
072710044001057095200042         .07    
072720071001057095200042         .07    
072720297001057095200042         .07    
072721220001057095200042         .07    
072721230001057095200042         .07    
072721380001057095200042         1.7    
072730103001057095200042         .07    
078740030001057095200042         .25    
079710859001057095200042         .07    
079713040001057095200042         .25    
017490426001057120100122       .0063    
017490639001057120100122       .0063    
017495570001057120100122        .315    
017690436001057120100122       .0063    
017690437001057120100122       .0063    
017690439001057120100122       .0063    
017691290001057120100122       .0063    
017790004001057120100122       .0063    
017790005001057120100122       .0063    
062650402001057120100122         .01    
062650476001057120100122         .04    
062650807001057120100122         .04    
062650808001057120100122         .04    
062660183001057120100122         .04    
062720264001057120100122         .03    
072710020001057120100122         .02    
072710137001057120100122        .014    
072710144001057120100122         .02    
072710150001057120100122        .014    
072710161001057120100122         .02    
072710620001057120100122        .014    
072720192001057120100122        .014    
072720278001057120100122        .014    
072720279001057120100122        .014    
072720286001057120100122        .014    
072720292001057120100122        .014    
072720295001057120100122        .014    
072720309001057120100122        .014    
072730101001057120100122        .014    
072730103001057120100122        .125    
072740013001057120100122        .014    
072740015001057120100122        .014    
072740042001057120100122        .014    
072740056001057120100122        .014    
072750020001057120100122        .014    
078670608001057120100122         .02    
078672720001057120100122        .125    
078673090001057120100122         .02    
078673110001057120100122         .02    
078673120001057120100122         .02    
078710231011057120100122        .014    
078720004001057120100122        .014    
078720010001057120100122        .014    
078720150001057120100122        .014    
078740003001057120100122         .02    
078740008011057120100122        .014    
078740009011057120100122        .014    
078740017011057120100122        .014    
078740023011057120100122        .014    
078740030001057120100122         .02    
079710609001057120100122        .014    
743595800001057120100122        .025    
743595900001057120100122        .015    
017691580001057181100142         .01    
017492960001057184900042        .005    
743584001001057185101042       .0002    
017193051001057193300215          .5    
017193240001057193300215          .5    
017490254001057193300215          .5    
017490255001057193300215          .5    
017690136001057193300215          .5    
017690261001057193300215          .5    
017690291001057193300215          .5    
017690445001057193300215          .5    
017691580001057193300215          .5    
062652210011057193300215          .5    
062652220001057193300215        .111    
062652240001057193300215        .111    
062652280021057193300215          .5    
062652530011057193300215          .5    
062652550001057193300215        .111    
062660380001057193300215        .111    
062710010001057193300215        .111    
062710890001057193300215        .111    
062710910001057193300215        .111    
062720213001057193300215        .111    
062720480001057193300215        .111    
062722080001057193300215        .111    
072710020001057193300215          .5    
072710161001057193300215          .5    
072720071001057193300215         .33    
072720188001057193300215         .33    
072720770001057193300215         .33    
072721370001057193300215         .33    
072740013001057193300215         .15    
072750090001057193300215         .33    
072750110001057193300215         .33    
078672680001057193300215          .2    
078672740001057193300215         .33    
078673090001057193300215          .5    
078673110001057193300215          .3    
078673120001057193300215          .5    
078720004001057193300215         .15    
078720010001057193300215         .15    
078720150001057193300215         .15    
078730010001057193300215         .33    
078740008011057193300215         .15    
078740009011057193300215         .15    
078740017011057193300215         .15    
078740023011057193300215         .15    
078740030001057193300215          .5    
079670134001057193300215         .15    
079670135001057193300215         .15    
079670136001057193300215         .15    
079670137001057193300215         .15    
079710115001057193300215         .33    
079710127001057193300215         .33    
079710244001057193300215         .33    
079710292001057193300215         .15    
079710397001057193300215         .15    
079710521001057193300215         .33    
079710609001057193300215         .15    
079711140001057193300215          .5    
079713040001057193300215          .5    
079713520001057193300215         .33    
017193510001057193400315         .02    
017390159001057193400315         .19    
017390470001057193400315         .02    
017390480001057193400315         .02    
017490194001057193400315         .19    
017490198001057193400315         .19    
017490236001057193400315         .19    
017490253001057193400315         .19    
017490256001057193400315         .02    
017490277001057193400315         .02    
017490348011057193400315         .19    
017490349011057193400315         .19    
017490352011057193400315         .19    
017490353001057193400315         .19    
017490355001057193400315         .19    
017490404001057193400315         .19    
017490405001057193400315         .19    
017490541001057193400315         .19    
017490542001057193400315         .19    
017490699001057193400315         .19    
017492870001057193400315         .19    
017495056001057193400315         .19    
017495063001057193400315         .19    
017495068001057193400315         .19    
017495860001057193400315         .19    
017690144001057193400315         .19    
017690155001057193400315         .87    
017690158001057193400315         .19    
017690159001057193400315         .19    
017690248001057193400315         .19    
017690262001057193400315         .19    
017690348001057193400315         .19    
017690404001057193400315         .19    
017690436001057193400315         .87    
017690438001057193400315         .19    
017690448001057193400315         .19    
017690580001057193400315         .19    
017691390001057193400315          .5    
017780039001057193400315         .19    
017790004001057193400315         .87    
062570090001057193400315        .368    
062650011001057193400315        .536    
062650018001057193400315        .536    
062650119001057193400315        .368    
062650170001057193400315        .368    
062650176001057193400315        .125    
062650177001057193400315        .368    
062650382001057193400315        .125    
062650402001057193400315        .368    
062650475001057193400315        .536    
062650476001057193400315        .536    
062650658001057193400315        .536    
062650801011057193400315        .536    
062650807001057193400315        .536    
062650808001057193400315        .536    
062650811001057193400315        .125    
062650970001057193400315        .368    
062650998001057193400315        .536    
062650999001057193400315        .536    
062651080001057193400315        .125    
062651120001057193400315        .368    
062651770001057193400315        .536    
062652480001057193400315        .536    
062660169011057193400315        .368    
062660183001057193400315        .536    
062660188001057193400315        .368    
062660233001057193400315          .2    
062660235001057193400315        .368    
062660440001057193400315        .125    
062710065001057193400315        .536    
062710303011057193400315        .125    
062710320001057193400315        .368    
062710840001057193400315        .368    
062710920001057193400315        .125    
062710940001057193400315        .125    
062720169001057193400315        .368    
062720264001057193400315        .125    
062720415001057193400315        .125    
062720450001057193400315        .125    
062720550001057193400315        .168    
062721050001057193400315        .368    
062721170001057193400315        .125    
062722060001057193400315        .368    
062893020001057193400315        .368    
071290260001057193400315        .368    
072710137001057193400315         .15    
072710144001057193400315          .5    
072710150001057193400315          .4    
072710620001057193400315         .15    
072720192001057193400315         .15    
072720278001057193400315         .15    
072720279001057193400351         .15    
072720284001057193400315         .15    
072720286001057193400315         .15    
072720292001057193400315         .15    
072720295001057193400315         .15    
072720309001057193400315         .15    
072721420001057193400315          .4    
072730101001057193400351         .15    
072730103001057193400315          .4    
072730470001057193400315          .4    
072740015001057193400315         .15    
072740042001057193400315         .15    
072740052001057193400315         .15    
072740056001057193400315         .15    
072740240001057193400315         .15    
076130250001057193400315          .5    
078670608001057193400315          .5    
078672720001057193400315          .4    
078710227011057193400315         .15    
078710228011057193400315         .15    
078710231011057193400315         .15    
078740003001057193400315          .5    
078740050001057193400315         .14    
079710014001057193400315         .15    
079710098001057193400315          .4    
079710320001057193400315         .15    
079710410001057193400315          .4    
079710417001057193400315          .4    
079710420001057193400315          .4    
079710805011057193400315         .33    
079710808001057193400315          .5    
079710889001057193400315          .4    
079711020001057193400315         .14    
079713090001057193400315          .5    
079717140001057193400315          .4    
721248014111057193400315         .87    
743595800001057193400315        .368    
921510577001057193400315          .5    
017492960001057197700142        .005    
017691260001057197700142        .005    
017691290001057197700142        .005    
078672720001057197700142         .01    
079710420001057197700142         .01    
062652210011057197700242       .0067    
062652280021057197700242       .0067    
062652510001057197700242       .0067    
062710820001057197700242         .02    
017490215001057210006042         .13    
017490268001057210006042        .024    
017490273001057210006042        .024    
017490426001057210006042        .024    
017490639001057210006042        .024    
017490641001057210006042        .024    
017490704001057210006042        .024    
017492960001057210006042        .024    
017495103001057210006042         .13    
017495104001057210006042         .13    
017690155001057210006042        .024    
017690162001057210006042        .024    
017690232001057210006042         .13    
017690410001057210006042        .024    
017690431001057210006042        .024    
017690434001057210006042        .024    
017690435001057210006042        .024    
017690436001057210006042        .024    
017690437001057210006042        .024    
017690439001057210006042        .024    
017691260001057210006042        .024    
017691290001057210006042        .024    
017790004001057210006042        .024    
017790005001057210006042        .024    
017790060001057210006042        .024    
062570035001057210006042         .03    
062650011001057210006042        .022    
062650018001057210006042        .022    
062650025001057210006042        .022    
062650299001057210006042        .022    
062650438001057210006042        .022    
062650475001057210006042        .022    
062650476001057210006042        .022    
062650487001057210006042        .022    
062650489001057210006042        .022    
062650638001057210006042        .022    
062650658001057210006042        .022    
062650807001057210006042        .022    
062650808001057210006042        .022    
062650809001057210006042        .022    
062650994001057210006042        .022    
062650998001057210006042        .022    
062650999001057210006042        .022    
062651002001057210006042        .022    
062652470011057210006042        .022    
062652480001057210006042        .022    
062652530011057210006042        .022    
062660169011057210006042        .022    
062660183001057210006042        .022    
062660227011057210006042        .022    
062660234001057210006042        .022    
062660235001057210006042        .022    
062710057001057210006042         .03    
062710058001057210006042         .03    
062710065001057210006042        .022    
062710108001057210006042         .03    
062710218001057210006042         .03    
062710278001057210006042         .03    
062710279001057210006042         .03    
062710289001057210006042         .03    
062710291001057210006042         .03    
062720214001057210006042        .083    
062720218001057210006042         .03    
062720298001057210006042         .03    
062720298011057210006042         .03    
062720299001057210006042         .03    
062720299011057210006042         .03    
062720409001057210006042         .03    
062720412001057210006042         .03    
072720286001057210006042          .3    
072721220001057210006042         .08    
072721230001057210006042         .04    
076130250001057210006042         .15    
078672680001057210006042         .15    
078672720001057210006042         .04    
078740070001057210006042          .3    
079710420001057210006042         .04    
079710859001057210006042         .04    
079711880001057210006042         .03    
721248014111057210006042        .024    
017490273001057230200142         .12    
017490541001057230200142         .13    
017790005001057230200142         .12    
062650885001057230200142         .22    
062652280021057230200142        .069    
062660182001057230200142        .069    
062710009001057230200142        .069    
062710011001057230200142        .069    
062710165001057230200142        .069    
062710166001057230200142        .069    
062710219001057230200142        .069    
062710221001057230200142        .069    
072721210001057230200142         .14    
072721350001057230200142         .14    
072721410001057230200142         .14    
079710397001057230200142         .02    
079717140001057230200142         .21    
062570090001057261200442        .008    
062710820001057261200442        .008    
062710840001057261200442        .008    
062710990001057261200442        .008    
062720550001057261200442        .008    
062721050001057261200442        .008    
062721070001057261200442        .008    
062722060001057261200442        .008    
078672740001057261200442         .01    
079710410001057261200442         .01    
079710420001057261200442         .01    
743590025001057261200442        .008    
743595071001057261200442        .008    
743595800001057261200442        .008    
743595900001057261200442        .008    
017490268001057262604342        .011    
017490273001057262604342        .011    
017490426001057262604342        .011    
017490639001057262604342        .011    
017490641001057262604342        .011    
017490704001057262604342        .011    
017492960001057262604342        .011    
017690155001057262604342        .011    
017690162001057262604342        .011    
017690410001057262604342        .011    
017690431001057262604342        .011    
017690434001057262604342        .011    
017690435001057262604342        .011    
017690436001057262604342        .011    
017690437001057262604342        .011    
017690439001057262604342        .011    
017691260001057262604342        .011    
017691290001057262604342        .011    
017790004001057262604342        .011    
017790005001057262604342        .011    
017790060001057262604342        .011    
062652280021057262604342         .35    
721248014111057262604342        .011    
062652220001057264000342       .0075    
062652240001057264000342       .0075    
062660440001057264800142      .00025    
062660610001057264800142      .00025    
062720450001057264800142      .00025    
062720480001057264800142      .00025    
079710410001057264800142         .02    
078672720001057282500342         .01    
079710420001057282500342         .01    
072740013001057292925015          .8    
062650808001057293205615         .14    
062650936011057293205642         .14    
062652470011057293205642         .14    
062652480001057293205615         .14    
017490268001057293225015        .019    
017490273001057293225015        .019    
017490426001057293225015        .019    
017490639001057293225015        .019    
017490641001057293225015        .019    
017490704001057293225015        .019    
017690155001057293225015        .019    
017690162001057293225015        .019    
017690431001057293225015        .019    
017690434001057293225015        .019    
017690435001057293225015        .019    
017690436001057293225015        .019    
017690437001057293225015        .019    
017690439001057293225015        .019    
017790004001057293225015        .019    
017790005001057293225015        .019    
017490268001057293300154      .00094    
017490273001057293300154      .00094    
017490426001057293300154      .00094    
017490639001057293300154      .00094    
017490641001057293300154      .00094    
017490704001057293300154      .00094    
017690155001057293300154      .00094    
017690162001057293300154      .00094    
017690431001057293300154      .00094    
017690434001057293300154      .00094    
017690435001057293300154      .00094    
017690436001057293300154      .00094    
017690437001057293300154      .00094    
017690439001057293300154      .00094    
017790004001057293300154      .00094    
017790005001057293300154      .00094    
062650025001057293300154       .0675    
062650299001057293300154       .0675    
062650995011057293300115          .3    
072720286001057293300154         .08    
072720292001057293300154         .04    
017492960001057381200142         .01    
017495013001057381200142        .001    
017495570001057381200142        .001    
017495870021057381200142        .001    
062650177001057410202542       .0075    
062650996001057410202542       .0075    
072750090001057411505042          .8    
072750110001057411505042          .8    
079711140001057411505042          .4    
017193210001057412391042         .01    
017193510001057412391042         .01    
017390340001057412391042         .01    
017690570001057412391042         .01    
072720286001057412392042         .01    
072720292001057412392042         .01    
079710417001057412392042        .005    
079710883001057412392042         .01    
072720071001057412394042        .006    
072720337001057412401042        .005    
017495750001057415410042           5    
017495750001057542500150         .01    
017690248001057542500150         .05    
072750020001057542500150          .1    
017790005001057544400250         .01    
017492960001057544400850         .02    
017690410001057544400850         .02    
017691260001057544400850         .02    
017790004001057544400850         .02    
062650402001057544400850         .01    
062710320001057544400850         .01    
017495570001057544500850         .02    
062650885001057544500850         .01    
062660102001057544500842         .01    
062660233001057544500850         .01    
062710330001057544500850         .01    
072750020001057544500850         .01    
062651080001057544501050       .0038    
062660380001057544501050       .0038    
062660470001057544501050       .0038    
062660610001057544501050       .0038    
062720450001057544501051       .0038    
062720480001057544501050       .0038    
062721170001057544501050       .0038    
062722080001057544501050       .0038    
017390340001057544501650         .01    
017390450011057544501650         .02    
017495870021057544501650         .03    
017691570001057544501650         .02    
017780120001057544501650         .02    
062650119001057546100850         .01    
062660227011057546100850         .01    
062721070001057546100850         .01    
072720770001057546100850         .01    
072721220001057546100850         .01    
072721230001057546100850         .01    
072721370001057546100850         .01    
078672720001057546100850         .01    
079710410001057546100850         .01    
079710420001057546100850         .03    
079711140001057546100850         .01    
017390480001057546101050         .02    
072720005001057546101050         .16    
072720192001057546101050         .16    
072720284001057546101050         .16    
072721210001057546101050         .16    
072721410001057546101050         .16    
078710227011057546101050         .03    
078720010001057546101050         .16    
079710014001057546101050         .16    
079710041011057546101050         .03    
079710046011057546101050         .03    
062650580001057546603050        .003    
062650814001057546603050         .01    
062651890011057546603050        .003    
062652220001057546603050        .003    
062652240001057546603050        .003    
062652520001057546603050        .003    
062652550001057546603050        .003    
062652560011057546603050        .003    
062660440001057546603050        .003    
062710010001057546603050        .003    
062710320001057546603050         .01    
062710910001057546603050        .003    
017193510001057546806050         .02    
017390520001057546806050         .02    
017491290001057546806050         .03    
017491510011057546806050         .02    
017691170001057546806050         .02    
079710410001057546806050         .01    
017495740001057547400850         .05    
017495750001057547400850         .02    
072710020001057547400850          .2    
076130207001057547400850          .2    
078740030001057547400850          .2    
079713040001057547400850          .2    
017492040001057547500850         .02    
017492990001057547500850         .02    
017495570001057547500850         .05    
017495870021057547500850         .05    
062650590001057547500850         .01    
062711170001057547500850         .01    
017691580001057547501850         .02    
017390470001057566200150         .02    
017433390001057566200150         .05    
017490541001057566200150         .02    
017495750001057566200150         .01    
062650011001057566200150        .006    
062650018001057566200150        .006    
062650025001057566200150        .006    
062650475001057566200150        .006    
062650476001057566200150        .006    
062650658001057566200150        .006    
062710065001057566200150        .006    
062720415001057566200150         .05    
072720309001057566200150         .16    
072750090001057566200150         .01    
079710004001057566200150         .01    
079710140001057566200150         .03    
017492040001057566200250         .02    
017433390001057603001042        .007    
017690410001057603001042         .01    
017691570001057603001042        .004    
062722080001057603001042        .004    
017490256001059965200151           1    
017490277001059965200151           1    
062650544001059965200150          .3    
062650578011059965200151          .3    
062651080001059965200151         .15    
062652550001059965200151         .15    
062652560011059965200151         .15    
062660470001059965200151         .15    
062660610001059965200151         .15    
062710320001059965200151          .4    
062720450001059965200151         .15    
062720480001059965200151         .15    
062721170001059965200151         .15    
062722080001059965200151         .15    
072750090001059965200151         .05    
072750110001059965200151         .05    
078670495001059965200151          .1    
078673110001059965200151          .1    
079710410001059965200151         .05    
079710420001059965200151         .05    
017193510001059967000151          .5    
017390340001059967000151          .5    
017390450011059967000150          .5    
017390470001059967000151          .5    
017390480001059967000151          .5    
017390520001059967000151          .5    
017433390001059967000151          .5    
017492880001059967000151          .5    
017495750001059967000151          .5    
017690570001059967000151          .5    
017691290001059967000151          .5    
062650257001059967000151          .2    
062650402001059967000151          .2    
062650476001059967000151         .22    
062650487001059967000142         .22    
062650489001059967000151         .22    
062650807001059967000151         .22    
062650808001059967000151         .22    
062650809001059967000151          .2    
062650995011059967000151          .2    
062651470001059967000151          .2    
062651770001059967000151         .22    
062652280021059967000151         .22    
062652410011059967000151          .2    
062652530011059967000151         .22    
062652550001059967000151          .2    
062652640001059967000151          .2    
062660024001059967000151          .2    
062710330001059967000151          .2    
062710840001059967000151          .2    
062720264001059967000151          .2    
062720550001059967000151          .2    
062721050001059967000151          .2    
072710020001059967000151          .2    
072710137001059967000151         .06    
072710144001059967000151          .2    
072710150001059967000151         .06    
072710161001059967000151          .2    
072710620001059967000151         .06    
072720192001059967000151         .06    
072720278001059967000151         .06    
072720279001059967000151         .06    
072720286001059967000151         .06    
072720292001059967000151         .06    
072720295001059967000151         .06    
072720309001059967000151         .06    
072721210001059967000151         .06    
072721350001059967000151         .06    
072730101001059967000151         .06    
072740013001059967000151         .06    
072740015001059967000151         .06    
072740042001059967000151         .06    
072740056001059967000151         .06    
072750020001059967000151         .06    
076130250001059967000151          .2    
078670608001059967000151          .2    
078672720001059967000151        .032    
078673090001059967000151          .2    
078673110001059967000151          .2    
078673120001059967000151          .2    
078710231011059967000151         .06    
078720004001059967000151         .06    
078720010001059967000151         .06    
078720150001059967000151         .06    
078740003001059967000151          .2    
078740008011059967000151         .06    
078740009011059967000151         .06    
078740017011059967000151         .06    
078740023011059967000151         .06    
078740030001059967000151          .2    
079710094001059967000151        .028    
079710410001059967000151        .028    
079710420001059967000151        .028    
079710609001059967000151         .06    
743584004001059967000151          .5    
743584009001059967000151          .5    
743590025001059967000151          .2    
743595071001059967000151          .2    
072710044001059967000251        .028    
072710049001059967000251        .028    
072710053001059967000251        .028    
072710054001059967000251        .028    
072720071001059967000251        .028    
072720152001059967000251        .028    
072720188001059967000251        .028    
072720285001059967000251        .028    
072720297001059967000251        .028    
072721420001059967000251        .028    
072730103001059967000251         .03    
072730106001059967000251        .028    
072730470001059967000251        .032    
072740057001059967000251        .028    
079710093001059967000251        .028    
079710098001059967000251        .028    
079710108001059967000251        .032    
079710115001059967000251        .028    
079710127001059967000251        .028    
079710892001059967000251        .028    
079717140001059967000251         .08    
718105780791059967000251        .028    
062660235001059970300251           1    
072720286001059970300251          .2    
078740019011059970300251          .3    
078740060001059970300251          .3    
079710140001059970300251         .35    
079717140001059975000151          .1    
017890007001114003000142       .0012    
017890008001114003000142       .0018    
017890007001115540600042       .0001    
017890008001115540600042       .0001    
017890007001115734800042        .002    
017890008001115734800042        .003    
062720405001302770408042        .002    
729097013111302770408042        .002    
729126806101302770408042        .002    
729461002001302770408042        .002    
017490261001302771608042       .0005    
017495024001302771608042       .0004    
017495025001302771608042       .0005    
017840012001302771608042       .0004    
062010037001302771608042       .0005    
724107308101302771608042       .0004    
017690304001303465810442       .0002    
718117108001303761211042       .0004    
718117108091303761211042       .0003    
017030113001305134800042        .001    
072720112001305134800042       .0007    
072720112011305134800042       .0007    
072720277001305134800042       .0007    
017030292001305240600042       .0001    
017390201001305240600042       .0001    
017495024001305240600042       .0001    
017840005001305240600042       .0001    
017840012001305240600042       .0001    
062010203001305240600042      .00005    
062570018001305240600042      .00005    
062710017001305240600042      .00005    
062710312001305240600042      .00005    
062720331001305240600042      .00005    
062720333001305240600042      .00005    
062721080001305240600042      .00005    
062830033001305240600042      .00005    
072720112001305240600042       .0001    
072720112011305240600042       .0001    
072720277001305240600042       .0001    
079670206001305240600042       .0001    
079710277001305240600042       .0001    
079710923001305240600042       .0001    
724002314111305240600042       .0001    
725000514111305240600042       .0001    
725501004001305240600042      .00005    
725501014001305240600042      .00005    
728061114111305240600042      .00005    
728500104001305240600042       .0001    
728500106001305240600042       .0001    
728500108001305240600042       .0001    
729013608001305240600042      .00005    
729097013111305240600042      .00005    
729098013001305240600042       .0001    
729126806101305240600042      .00005    
729289005111305240600042       .0001    
729461001001305240600042      .00005    
729461002001305240600042      .00005    
729520900001305240600042      .00005    
730000110001305240600042       .0001    
730000306111305240600042       .0001    
730000308111305240600042      .00005    
017190004001305440020042       .0017    
017390153001305440020042       .0017    
017390201001305440020042       .0017    
017490197001305440020042       .0017    
017490204001305440020042       .0017    
017490261001305440020042       .0017    
017490265001305440020042       .0017    
017490421001305440020042       .0017    
017490435001305440020042       .0017    
017490483001305440020042       .0017    
017491510001305440020042       .0017    
017495024001305440020042       .0017    
017495025001305440020042       .0017    
017495042001305440020042       .0017    
017495098001305440020042       .0017    
017690133001305440020042       .0017    
017690182001305440020042       .0017    
017690304001305440020042       .0017    
017690408001305440020042       .0017    
017690409001305440020042       .0017    
017840005001305440020042       .0017    
017840012001305440020042       .0017    
052600128001305440020042        .002    
062010037001305440020042        .002    
062010203001305440020042        .002    
062650003001305440020042        .002    
062650042001305440020042        .002    
062650046001305440020042        .002    
062650829001305440020042        .002    
062710098001305440020042        .002    
062710158001305440020042        .002    
062710276001305440020042        .002    
062710312001305440020042        .002    
062720166001305440020042        .002    
062720192011305440020042        .002    
062720324001305440020042        .002    
062720331001305440020042        .002    
062720405001305440020042        .002    
078670034001305440020042       .0037    
078670516001305440020042       .0037    
079670134001305440020042       .0037    
079670135001305440020042       .0037    
079670136001305440020042       .0037    
079670137001305440020042       .0037    
079670138001305440020042       .0037    
079710272001305440020042       .0037    
079710322001305440020042       .0037    
079710336001305440020042       .0037    
081670096001305440020042       .0037    
081710376001305440020042       .0037    
710040668791305440020042       .0037    
716340519111305440020042       .0037    
716440826111305440020042        .002    
716440828111305440020042        .002    
716440830111305440020042        .002    
716440832111305440020042        .002    
718100205791305440020042       .0037    
718100206021305440020042        .002    
718100208791305440020042       .0037    
718117110021305440020042        .002    
718117305021305440020042       .0037    
718117306021305440020042       .0037    
718117306791305440020042       .0037    
724100109101305440020042       .0037    
724107308101305440020042        .002    
724270530101305440020042        .002    
724270640101305440020042        .002    
724270840101305440020042        .002    
724271030101305440020042        .002    
724271040101305440020042        .002    
724271445101305440020042        .002    
724502200011305440020042        .002    
725500810011305440020042       .0037    
725500812011305440020042       .0037    
725500904011305440020042       .0037    
725500906011305440020042       .0037    
725500912091305440020042       .0037    
725501004001305440020042        .002    
725501014001305440020042        .002    
725511000011305440020042       .0037    
725513200791305440020042       .0037    
725514400201305440020042        .002    
729013510001305440020042       .0017    
729013608001305440020042        .002    
729097013111305440020042        .002    
729098013001305440020042       .0017    
729102425001305440020042       .0037    
729126806101305440020042        .002    
729127005111305440020042       .0017    
729289005111305440020042       .0017    
729461001001305440020042        .002    
729461002001305440020042        .002    
729521800001305440020042        .002    
733108701111305440020042        .002    
733108703111305440020042        .002    
017190004001305467910042       .0001    
017390153001305467910042       .0001    
017390201001305467910042       .0001    
017490197001305467910042       .0001    
017490204001305467910042       .0001    
017490261001305467910042       .0001    
017490265001305467910042       .0001    
017490421001305467910042       .0001    
017490435001305467910042       .0001    
017490483001305467910042       .0001    
017491510001305467910042       .0001    
017495024001305467910042       .0001    
017495025001305467910042       .0001    
017495042001305467910042       .0001    
017495098001305467910042       .0001    
017690133001305467910042       .0001    
017690182001305467910042       .0001    
017690304001305467910042       .0001    
017690408001305467910042       .0001    
017690409001305467910042       .0001    
017840005001305467910042       .0001    
017840012001305467910042       .0001    
052600128001305467910042       .0006    
062010037001305467910042       .0006    
062010203001305467910042       .0006    
062650003001305467910042       .0006    
062650042001305467910042       .0006    
062650046001305467910042       .0006    
062650829001305467910042       .0006    
062710098001305467910042       .0006    
062710158001305467910042       .0012    
062710276001305467910042       .0006    
062710312001305467910042       .0006    
062720166001305467910042       .0006    
062720192011305467910042       .0006    
062720324001305467910042       .0006    
062720331001305467910042       .0006    
062720405001305467910042       .0006    
716440826111305467910042       .0006    
716440828111305467910042       .0006    
716440830111305467910042       .0006    
716440832111305467910042       .0006    
718100206021305467910042       .0006    
718117110021305467910042       .0006    
724107308101305467910042       .0006    
724270530101305467910042       .0006    
724270640101305467910042       .0006    
724270840101305467910042       .0006    
724271030101305467910042       .0006    
724271040101305467910042       .0006    
724271445101305467910042       .0006    
724502200011305467910042       .0006    
725501004001305467910042       .0006    
725501014001305467910042       .0006    
725514400201305467910042       .0006    
729013510001305467910042       .0001    
729013608001305467910042       .0006    
729097013111305467910042       .0006    
729098013001305467910042       .0001    
729126806101305467910042       .0006    
729127005111305467910042       .0001    
729289005111305467910042       .0001    
729461001001305467910042       .0006    
729461002001305467910042       .0006    
729521800001305467910042       .0006    
733108701111305467910042       .0006    
733108703111305467910042       .0006    
017000019001305473800042         .05    
062570022001305473800042         .08    
062570023001305473800042         .08    
079710253001305473800042          .3    
713300612111305473800042         .05    
062830029001305475010042        .001    
718008514111305475010042       .0005    
072720102001305482800042         .05    
716391036011305485710042        .005    
079260239001305720500142         .01    
017030098001305720500242       .0032    
017030113001305720500242       .0032    
017190073001305720500242       .0032    
017390127001305720500242       .0032    
017390146001305720500242       .0032    
017390153001305720500242       .0032    
017433058001305720500242       .0032    
017433096001305720500242       .0032    
017490253001305720500242       .0032    
017490264001305720500242       .0032    
017490266001305720500242       .0032    
017490375001305720500242       .0032    
017490425001305720500242       .0032    
017490434001305720500242       .0032    
017490435001305720500242       .0032    
017491290001305720500242       .0032    
017491510001305720500242       .0032    
017492040001305720500242       .0032    
017492990001305720500242       .0032    
017495055001305720500242       .0032    
017690077001305720500242       .0032    
017690098001305720500242       .0032    
017690099001305720500242       .0032    
017690169001305720500242       .0032    
017690213001305720500242       .0032    
017690215001305720500242       .0032    
017690216001305720500242       .0032    
017690227001305720500242       .0032    
017690228001305720500242       .0032    
017690245001305720500242       .0032    
017690394001305720500242       .0032    
017690398001305720500242       .0032    
017691190001305720500242       .0032    
017691390001305720500242       .0032    
017780021001305720500242       .0032    
017790033001305720500242       .0032    
017840004001305720500242       .0032    
017840020001305720500242       .0032    
017890007001305720500242       .0032    
017890008001305720500242       .0032    
062010155001305720500242        .008    
062091005001305720500242        .008    
062091008001305720500242        .008    
062570018001305720500242        .008    
062570019001305720500242        .008    
062650003001305720500242        .008    
062650015001305720500242        .008    
062650042001305720500242        .008    
062650046001305720500242        .008    
062650062001305720500242        .008    
062650085001305720500242        .008    
062650123021305720500242        .008    
062650387001305720500242        .008    
062650388001305720500242        .008    
062650472001305720500242        .008    
062650659011305720500242        .008    
062650663001305720500242        .008    
062650959001305720500242        .008    
062650968011305720500242        .008    
062651111001305720500242        .008    
062652410011305720500242        .008    
062660217001305720500242        .008    
062660219001305720500242        .008    
062660630001305720500242        .008    
062710006001305720500242        .008    
062710008001305720500242        .008    
062710017001305720500242        .008    
062710028001305720500242        .008    
062710038001305720500242        .008    
062710042001305720500242        .008    
062710047001305720500242        .008    
062710056001305720500242        .008    
062710062001305720500242        .008    
062710081001305720500242        .008    
062710099001305720500242        .008    
062710101001305720500242        .008    
062710102001305720500242        .008    
062710105001305720500242        .008    
062710106001305720500242        .008    
062710142001305720500242        .008    
062710151001305720500242        .008    
062710179001305720500242        .008    
062710179011305720500242        .008    
062710246001305720500242        .008    
062710283001305720500242        .008    
062710284001305720500242        .008    
062710290001305720500242        .008    
062710312001305720500242        .008    
062710319001305720500242        .008    
062710359001305720500242        .008    
062720018001305720500242        .008    
062720080001305720500242        .008    
062720181001305720500242        .008    
062720207001305720500242        .008    
062720208001305720500242        .008    
062720226001305720500242        .008    
062720266001305720500242        .008    
062720278001305720500242        .008    
062720302001305720500242        .008    
062720314001305720500242        .008    
062720317001305720500242        .008    
062720323001305720500242        .008    
062720325001305720500242        .008    
062720331001305720500242        .008    
062720332001305720500242        .008    
062720333001305720500242        .008    
062720341001305720500242        .008    
062720343001305720500242        .008    
062720345001305720500242        .008    
062720362001305720500242        .008    
062720396001305720500242        .008    
062720402001305720500242        .008    
062720413001305720500242        .008    
062721080001305720500242        .008    
062722390001305720500242        .008    
062830028001305720500242        .008    
062830029001305720500242        .008    
062830031001305720500242        .008    
062830032001305720500242        .008    
062830033001305720500242        .008    
072710132001305720500242         .01    
072710590001305720500242         .01    
072720006001305720500242         .01    
072720077001305720500242         .01    
072720112001305720500242         .01    
072720112011305720500242         .01    
072720113001305720500242         .01    
072720113011305720500242         .01    
072720113021305720500242         .01    
072720114001305720500242         .01    
072720133001305720500242         .01    
072720144001305720500242         .01    
072720177001305720500242         .01    
072720199001305720500242         .01    
072720253001305720500242         .01    
072720254001305720500242         .01    
072720277001305720500242         .01    
072720281001305720500242         .01    
072720289001305720500242         .01    
072720296001305720500242         .01    
072720298001305720500242         .01    
072720307001305720500242         .01    
072720315001305720500242         .01    
072720770001305720500242         .01    
072721370001305720500242         .01    
072721430001305720500242         .01    
072730107001305720500242         .01    
072740023001305720500242         .01    
072740051001305720500242         .01    
078670577001305720500242         .01    
078670578001305720500242         .01    
078670579001305720500242         .01    
078710234001305720500242         .01    
078720007001305720500242         .01    
078720008001305720500242         .01    
078740005001305720500242         .01    
078740007001305720500242         .01    
078740013001305720500242         .01    
078740022001305720500242         .01    
078740025001305720500242         .01    
079260239001305720500242         .01    
079670115001305720500242         .01    
079670153001305720500242         .01    
079670187001305720500242         .01    
079670206001305720500242         .01    
079670264001305720500242         .01    
079710028001305720500242         .01    
079710031001305720500242         .01    
079710107001305720500242         .01    
079710129001305720500242         .01    
079710141001305720500242         .01    
079710144001305720500242         .01    
079710193001305720500242         .01    
079710253001305720500242         .01    
079710262001305720500242         .01    
079710263001305720500242         .01    
079710268001305720500242         .01    
079710269001305720500242         .01    
079710273001305720500242         .01    
079710277001305720500242         .01    
079710279001305720500242         .01    
079710332001305720500242         .01    
079710336001305720500242         .01    
079710344001305720500242         .01    
079710409001305720500242         .01    
079710415001305720500242         .01    
079710416001305720500242         .01    
079710438001305720500242         .01    
079710567001305720500242         .01    
079710568001305720500242         .01    
079710796001305720500242         .01    
079710857001305720500242         .01    
079710859001305720500242         .01    
079710923001305720500242         .01    
079710969001305720500242         .01    
079711033001305720500242         .01    
079711109001305720500242         .01    
079711111001305720500242         .01    
079711121001305720500242         .01    
079711137001305720500242         .01    
710160534111305720500242       .0032    
710281440791305720500242         .01    
710281452791305720500242         .01    
710281458791305720500242         .01    
710281474791305720500242         .01    
711070612791305720500242         .01    
711070810791305720500242         .01    
711090810791305720500242       .0032    
711130405111305720500242       .0032    
711130406111305720500242       .0032    
711130408111305720500242       .0032    
711130410111305720500242        .008    
711130412111305720500242       .0032    
711130416111305720500242       .0032    
711130508111305720500242       .0032    
711130530111305720500242       .0032    
711130624111305720500242        .008    
711130628111305720500242        .008    
711150412111305720500242        .008    
711150518111305720500242       .0032    
711160546081305720500242       .0032    
711160630111305720500242        .008    
711280508001305720500242       .0032    
711290512111305720500242       .0032    
711360406111305720500242       .0032    
711440412111305720500242       .0032    
711440514111305720500242        .008    
711590410791305720500242         .01    
711590622021305720500242         .01    
711670814111305720500242        .008    
711670818111305720500242        .008    
711670838111305720500242        .008    
711680612791305720500242         .01    
711800510001305720500242       .0032    
711800512001305720500242       .0032    
711841248001305720500242         .01    
712010522791305720500242         .01    
712010632021305720500242         .01    
712030528111305720500242       .0032    
712050626111305720500242        .008    
712050628111305720500242        .008    
712050632111305720500242        .008    
712050844111305720500242        .008    
712190518791305720500242        .008    
712230520111305720500242        .008    
712370419791305720500242       .0032    
712370462791305720500242       .0032    
712370524021305720500242       .0032    
712370626021305720500242         .01    
712370628021305720500242         .01    
712370634021305720500242         .01    
712370834021305720500242         .01    
712370836021305720500242         .01    
712370840021305720500242         .01    
712370846021305720500242         .01    
712370850021305720500242         .01    
712370868021305720500242         .01    
712371056021305720500242         .01    
712371066021305720500242         .01    
712381246021305720500242         .01    
712381252021305720500242         .01    
712490000001305720500242         .01    
713070408021305720500242       .0032    
713080414021305720500242       .0032    
713080510791305720500242         .01    
713171606001305720500242       .0032    
713171608111305720500242        .008    
713172525111305720500242        .008    
713230210791305720500242        .008    
713230308791305720500242        .008    
713230310091305720500242         .01    
713230310791305720500242        .008    
713230314091305720500242         .01    
713230314791305720500242        .008    
713230408791305720500242        .008    
713230410021305720500242         .01    
713230414791305720500242         .01    
713230418791305720500242         .01    
713230512021305720500242         .01    
713230512791305720500242         .01    
713230514011305720500242         .01    
713230514791305720500242        .008    
713230525091305720500242         .01    
713230616791305720500242        .008    
713230618021305720500242         .01    
713230620011305720500242         .01    
713230816791305720500242         .01    
713231030021305720500242         .01    
714030618111305720500242         .01    
714040616001305720500242        .008    
714040618111305720500242       .0032    
715250614111305720500242        .008    
715250618111305720500242        .008    
715250624111305720500242        .008    
716110000791305720500242         .01    
716170000011305720500242         .01    
716210826001305720500242         .01    
716210828011305720500242         .01    
716391036011305720500242         .01    
717172510001305720500242       .0032    
717201508001305720500242         .01    
718005910001305720500242       .0032    
718006006111305720500242        .008    
718006008111305720500242        .008    
718006314101305720500242       .0032    
718008120111305720500242        .008    
718008514111305720500242        .008    
718010410111305720500242        .008    
718100206791305720500242         .01    
718100214791305720500242         .01    
718100604111305720500242       .0032    
718101305111305720500242       .0032    
718101406111305720500242        .008    
718101408111305720500242        .008    
718102910791305720500242         .01    
718102912021305720500242         .01    
718102914021305720500242         .01    
718104804791305720500242       .0032    
718104805791305720500242       .0032    
718104806021305720500242         .01    
718104808021305720500242         .01    
718104810021305720500242         .01    
718105408021305720500242         .01    
718105533791305720500242        .008    
718105724791305720500242         .01    
718106206121305720500242        .008    
718117206111305720500242        .008    
718117306021305720500242        .008    
718117705111305720500242        .008    
718117708111305720500242        .008    
718119201081305720500242        .008    
718119202081305720500242        .008    
718501006001305720500242        .008    
720522100011305720500242         .01    
720522300011305720500242         .01    
720522400011305720500242         .01    
720522500001305720500242         .01    
720522600011305720500242         .01    
720522700011305720500242         .01    
720524300011305720500242        .008    
721101601791305720500242        .008    
721500300001305720500242         .01    
724002314111305720500242       .0032    
724108602101305720500242        .008    
724108603101305720500242        .008    
724108608101305720500242        .008    
724200426101305720500242        .008    
724200520001305720500242         .01    
724200622001305720500242         .01    
724200815101305720500242         .01    
724200835101305720500242         .01    
724201022101305720500242         .01    
724201830001305720500242         .01    
724202435101305720500242         .01    
724271245101305720500242       .0032    
724302400001305720500242        .008    
724302600101305720500242        .008    
724311014101305720500242        .008    
724502200011305720500242        .008    
724510303001305720500242       .0032    
724510305001305720500242        .008    
724510306001305720500242        .008    
724510716051305720500242        .008    
724510914011305720500242         .01    
724511208791305720500242         .01    
724511212791305720500242         .01    
725000514111305720500242        .008    
725400023791305720500242         .01    
725500808091305720500242         .01    
725514400201305720500242        .008    
725514500201305720500242        .008    
725514600201305720500242        .008    
725515600201305720500242        .008    
725516600201305720500242       .0032    
725522300201305720500242       .0032    
727126022001305720500242       .0032    
728061114111305720500242        .008    
728500104001305720500242        .008    
728500106001305720500242        .008    
728500108001305720500242       .0032    
729520900001305720500242        .008    
730000306111305720500242        .008    
730000308111305720500242        .008    
733328032011305720500242       .0032    
737504400001305720500242       .0032    
737505000001305720500242        .008    
737508000001305720500242       .0032    
737508600001305720500242        .008    
743583021001305720500242       .0032    
743584007001305720500242       .0032    
779270001081305720500242        .008    
779270003081305720500242        .008    
921523040001305720500242         .01    
921523051001305720500242         .01    
017491290001305730600042       .0015    
991727086001305731701742        .006    
991727097001305731701742        .004    
017491510001305737300042       .0015    
017492990001305737300042       .0015    
017691190001305737300042       .0015    
017691390001305737300042       .0015    
062650387001305737300042       .0037    
062650388001305737300042       .0037    
062652410011305737300042       .0037    
062660219001305737300042       .0037    
062660630001305737300042       .0037    
072710132001305737300042       .0016    
072710590001305737300042       .0016    
072720177001305737300042       .0016    
072720199001305737300042       .0016    
072720253001305737300042       .0016    
072720254001305737300042       .0016    
072720296001305737300042       .0016    
072720298001305737300042       .0016    
072720315001305737300042       .0016    
072720770001305737300042       .0015    
072721370001305737300042       .0016    
072721430001305737300042       .0016    
072730107001305737300042       .0016    
072740023001305737300042       .0016    
078710234001305737300042       .0016    
078740005001305737300042       .0016    
078740007001305737300042       .0016    
078740013001305737300042       .0016    
078740025001305737300042       .0016    
079710107001305737300042       .0016    
079710129001305737300042       .0016    
079710178001305737300042       .0016    
079710253001305737300042       .0016    
079710263001305737300042       .0016    
079710344001305737300042       .0016    
079710857001305737300042       .0016    
079710859001305737300042       .0016    
079710969001305737300042       .0016    
079711109001305737300042       .0016    
079711111001305737300042       .0016    
079711137001305737300042       .0016    
720522100011305806000142        .005    
721500300001306105300042        .005    
017840020001307000900115         .15    
062570019001307000900115        .022    
062710290001307000900115        .022    
062710312001307000900115        .022    
062720080001307000900115        .022    
062720323001307000900115        .022    
062720331001307000900115        .022    
062722390001307000900115        .022    
062830028001307000900115        .022    
062830029001307000900115        .022    
072720770001307000900115        .125    
072721370001307000900115        .125    
079260239001307000900115        .125    
721500300001307000900115        .125    
713080414021307095200042         .25    
718006314101307095200042         .25    
724002314111307095200042         .25    
727100624111307095200042           1    
727122207101307095200042         .25    
062710312001307120100122       .0015    
062720331001307120100122       .0015    
017190073001307210006042       .0013    
017193121001307210006042       .0013    
017390146001307210006042       .0013    
017390153001307210006042       .0013    
017433096001307210006042       .0013    
017433129001307210006042       .0013    
017433131001307210006042       .0013    
017490264001307210006042       .0013    
017490714011307210006042       .0013    
017690169001307210006042       .0013    
017790033001307210006042       .0013    
062570019001307210006042        .003    
062570023001307210006042        .003    
062650015001307210006042        .003    
062710035001307210006042        .003    
062710062001307210006042        .003    
062710142001307210006042        .003    
062710319001307210006042        .003    
062720018001307210006042        .003    
062720208001307210006042        .003    
062720226001307210006042        .003    
062720402001307210006042        .003    
062830031001307210006042        .002    
062830032001307210006042        .002    
072720077001307210006042        .002    
072720113001307210006042        .002    
072720113011307210006042        .002    
072720113021307210006042        .002    
072720133001307210006042        .002    
072720177001307210006042        .002    
072720296001307210006042        .002    
079670187001307210006042        .002    
079710031001307210006042        .002    
079710253001307210006042        .002    
079710263001307210006042        .002    
079710268001307210006042        .002    
079710272001307210006042        .002    
079710279001307210006042        .002    
079710281001307210006042        .002    
079710322001307210006042        .002    
079710336001307210006042        .002    
079710344001307210006042        .002    
079710528001307210006042        .002    
079710529001307210006042        .002    
079710857001307210006042        .002    
079710859001307210006042        .002    
079711036001307210006042        .002    
079711037001307210006042        .002    
710281440791307210006042        .002    
710281452791307210006042        .002    
710281458791307210006042        .002    
710281474791307210006042        .002    
711070810791307210006042        .002    
711090810791307210006042       .0013    
711130406111307210006042       .0013    
711130508111307210006042       .0013    
711150518111307210006042       .0013    
711290512111307210006042       .0013    
711430308021307210006042        .002    
711440412111307210006042       .0013    
711440514111307210006042        .003    
711680612791307210006042        .002    
711841248001307210006042        .002    
712370524021307210006042       .0013    
712370834021307210006042        .002    
712370840021307210006042        .002    
712371056021307210006042        .002    
713070408021307210006042       .0013    
713080510791307210006042        .002    
713171608111307210006042        .003    
713172525111307210006042        .003    
713230210791307210006042        .003    
713230310091307210006042        .002    
713230310791307210006042        .003    
713230408791307210006042        .003    
713230410021307210006042        .002    
713230414791307210006042        .002    
713230418791307210006042        .002    
713230512021307210006042        .002    
713230512791307210006042        .002    
713230514011307210006042        .002    
713230514791307210006042        .003    
713230525091307210006042        .002    
713230618021307210006042        .002    
713230620011307210006042        .002    
713230816791307210006042        .002    
713231030021307210006042        .002    
713300308111307210006042        .003    
713300310111307210006042        .003    
713300516111307210006042       .0013    
713300612111307210006042       .0013    
713300818111307210006042        .003    
714040616001307210006042        .003    
714040618111307210006042       .0013    
715250614111307210006042        .003    
715250618111307210006042        .003    
715250624111307210006042        .003    
716180000011307210006042        .002    
716210826001307210006042        .002    
716340519111307210006042        .002    
717201508001307210006042        .002    
718100604111307210006042       .0013    
718101305111307210006042       .0013    
718101408111307210006042        .003    
718104804791307210006042       .0013    
718104805791307210006042       .0013    
718104806021307210006042        .002    
718104808021307210006042        .002    
718104810021307210006042        .002    
718105408021307210006042        .002    
718117705111307210006042        .003    
718117708111307210006042        .003    
718501006001307210006042        .003    
720522500001307210006042        .002    
720522700011307210006042        .002    
720524300011307210006042        .003    
724108602101307210006042        .003    
724108603101307210006042        .003    
724108608101307210006042        .003    
724200426101307210006042        .003    
724200520001307210006042        .002    
724200825001307210006042        .002    
724200835101307210006042        .002    
724201022101307210006042        .002    
724201830001307210006042        .002    
724202435101307210006042        .002    
724502200011307210006042        .002    
724510303001307210006042       .0013    
724510305001307210006042        .003    
724510306001307210006042        .003    
724510716051307210006042        .003    
724511212791307210006042        .002    
727122207101307210006042       .0013    
736100300101307210006042        .003    
737505000001307210006042        .003    
737508600001307210006042        .003    
738501000001307210006042        .002    
921523051001307210006042        .002    
991727141001307210006042        .002    
079260239001307230000142        .005    
721500300001307230000142        .005    
062830029001307230200142       .0075    
713080414021307230200142        .005    
991727086001307230200142        .005    
991727097001307230200142        .005    
062650003001307542500150         .25    
062650042001307542500150         .25    
062650046001307542500150         .25    
062710017001307542500150         .25    
062710312001309967000151          .5    
062720331001309967000151          .5    
062710280001315398801042       .0008    
062720390001315398801042       .0008    
062720850001315398801042       .0008    
062720870001315398801042       .0008    
735506900001315398801042        .015    
735507200001315398801042       .0017    
735508500001315398801042       .0017    
735508600001315398801042       .0017    
738508200001315398801042        .015    
076700026001315478000042        .015    
062710280001315488600042        .005    
062720390001315488600042        .005    
062720850001315488600042        .005    
062720870001315488600042        .005    
735506900001315488600042        .005    
735507200001315488600042        .005    
735508500001315488600042        .005    
735508600001315488600042        .005    
738508200001315488600042        .005    
062710280001315570502223       .0125    
062720390001315570502223       .0125    
062720850001315570502223       .0125    
062720870001315570502223       .0125    
017690201001315720500142        .125    
017690391001315720500142        .125    
062010248001315720500142        .013    
062010249001315720500142        .013    
062097001001315720500142        .013    
721319022001315720500142        .013    
721326012001315720500142        .013    
721339101001315720500142        .013    
743584005001315720500142        .065    
017690644001315720500242        .125    
017840003001315720500242        .125    
062570026001315720500242        .013    
062650032001315720500242        .013    
062650469001315720500242        .013    
062660186001315720500242        .013    
062710041001315720500242        .013    
062710146001315720500242        .013    
062710205001315720500242        .013    
062710274001315720500242        .013    
062710280001315720500242        .013    
062710401001315720500242        .013    
062720044001315720500242        .013    
062720167001315720500242        .013    
062720204001315720500242        .013    
062720248001315720500242        .013    
062720326001315720500242        .013    
062720344001315720500242        .013    
062720390001315720500242        .013    
062720403001315720500242        .013    
062720469001315720500242        .013    
062720850001315720500242        .013    
062720870001315720500242        .013    
062830024001315720500242        .013    
062830035001315720500242        .013    
062830036001315720500242        .013    
076130089001315720500242         .03    
076700026001315720500242         .03    
721501900001315720500242         .03    
724304200001315720500242        .013    
735506900001315720500242         .03    
735507200001315720500242        .125    
735508500001315720500242        .125    
735508600001315720500242        .125    
738508200001315720500242         .03    
743584005001315720500242         .06    
076700026001315736300042         .05    
721331003001315754100042       .0001    
721331005001315754100042       .0001    
721331006001315754100042       .0001    
721331007001315754100042       .0001    
721331008001315754100042       .0001    
721331009001315754100042       .0001    
721331011001315754100042       .0001    
721331016001315754100042       .0001    
721331017001315754100042       .0001    
721331019001315754100042       .0001    
721331021001315754100042       .0001    
721331022001315754100042       .0001    
721331023001315754100042       .0001    
721331048001315754100042       .0001    
721331053001315754100042       .0001    
721331074001315754100042       .0001    
721331080001315754100042       .0001    
721331083001315754100042       .0001    
721331085001315754100042       .0001    
721331087001315754100042       .0001    
721331090001315754100042       .0001    
721331093001315754100042       .0001    
721331095001315754100042       .0001    
721331097001315754100042       .0001    
721331104001315754100042       .0001    
721331107001315754100042       .0001    
721331112001315754100042       .0001    
721331113001315754100042       .0001    
721331114001315754100042       .0001    
721331128001315754100042       .0001    
721331142001315754100042       .0001    
721331152001315754100042       .0001    
721331153001315754100042       .0001    
721331154001315754100042       .0001    
721331157001315754100042       .0001    
721331161001315754100042       .0001    
721331162001315754100042       .0001    
721331176001315754100042        .005    
721331177001315754100042        .005    
721331182001315754100042       .0001    
721331233001315754100042        .005    
721331237001315754100042        .005    
721331240001315754100042        .005    
721331248001315754100042        .005    
721331252001315754100042        .005    
721331254001315754100042        .005    
721331295001315754100042       .0001    
721501600001315754100042       .0001    
721501800001315754100042       .0001    
062710280001317000900115       .0074    
062720390001317000900115       .0074    
062720850001317000900115       .0074    
062720870001317000900115       .0074    
735507200001317000900115        .017    
735508500001317000900115        .017    
735508600001317000900115        .017    
017840003001317184900042        .004    
062650469001317184900042       .0018    
062660186001317184900042       .0018    
062710041001317184900042       .0018    
062710146001317184900042       .0018    
062710274001317184900042       .0018    
062720044001317184900042       .0018    
062720204001317184900042       .0018    
062720248001317184900042       .0018    
062720326001317184900042       .0018    
062720344001317184900042       .0018    
062720399001317184900042       .0018    
062720403001317184900042       .0018    
062720469001317184900042       .0018    
062830024001317184900042       .0018    
062830035001317184900042       .0018    
062830036001317184900042       .0018    
743584005001317184900042        .004    
721331003001317193300215        .023    
721331005001317193300215        .023    
721331006001317193300215        .023    
721331007001317193300215        .023    
721331008001317193300215        .023    
721331009001317193300215        .023    
721331011001317193300215        .023    
721331016001317193300215        .023    
721331017001317193300215        .023    
721331019001317193300215        .023    
721331021001317193300215        .023    
721331022001317193300215        .023    
721331023001317193300215        .023    
721331048001317193300215        .023    
721331053001317193300215        .023    
721331074001317193300215        .023    
721331080001317193300215        .023    
721331083001317193300215        .023    
721331085001317193300215        .023    
721331087001317193300215        .023    
721331090001317193300215        .023    
721331093001317193300215        .023    
721331095001317193300215        .023    
721331097001317193300215        .023    
721331104001317193300215        .023    
721331107001317193300215        .023    
721331112001317193300215        .023    
721331113001317193300215        .023    
721331114001317193300215        .023    
721331128001317193300215        .023    
721331142001317193300215        .023    
721331152001317193300215        .023    
721331153001317193300215        .023    
721331154001317193300215        .023    
721331157001317193300215        .023    
721331161001317193300215        .023    
721331162001317193300215        .023    
721331176001317193300215        .025    
721331177001317193300215        .025    
721331182001317193300215        .023    
721331233001317193300215        .025    
721331237001317193300215        .025    
721331240001317193300215        .025    
721331248001317193300215        .025    
721331252001317193300215        .025    
721331254001317193300215        .025    
721331295001317193300215        .023    
721501600001317193300215        .023    
721501800001317193300215        .023    
721501900001317193300215        .023    
735506900001317193300215        .023    
738508200001317193300215        .023    
017840003001317230200142         .01    
062650469001317230200142        .003    
062660186001317230200142        .003    
062710041001317230200142        .003    
062710146001317230200142        .003    
062710205001317230200142        .003    
062710274001317230200142        .003    
062710401001317230200142        .003    
062720044001317230200142        .003    
062720167001317230200142        .003    
062720248001317230200142        .003    
062720326001317230200142        .003    
062720344001317230200142        .003    
062720399001317230200142        .003    
062720403001317230200142        .003    
062720469001317230200142        .003    
062830024001317230200142        .003    
062830035001317230200142        .003    
062830036001317230200142        .003    
072710027001317230200142         .01    
076700026001317230200142         .01    
079710278001317230200142         .01    
062710280001317547500050        .003    
062720390001317547500050        .003    
062720850001317547500050        .003    
062720870001317547500050        .003    
735507200001317547500050        .007    
735508500001317547500050        .007    
735508600001317547500050        .007    
735506900001317547501450        .025    
738508200001317547501450        .025    
017840020001317651103142      .00005    
