0017002000010152380000523800030042000000.34000              
0017002000010152381001523810020042000000.25000              
0017002000010161032005610320060042000007.70000              
0017002000010451041815510380080042000000.08000              
0017002000010452162024521620010042000000.00210              
0017002000010452162029521620010042000000.00700              
0017002000010457205002572050010042000000.02500              
0017002000010557011001570110000042000010.00000              
0017002000010557301000573000010042000000.35000              
0017002000010752162029521620010042000000.00500              
0017002000010757011001570110000042000085.00000              
0017002000010757301000573000010042000004.76000              
0017002000010757301001573000010042000004.76000              
0017002000010757306000573540000042000007.70000              
0017002000010757354000573060000042000007.40000              
0017002000010761045006610450100042000000.00500              
0017002000012052162029521620010042000000.00500              
0017002000012053805000538050010042000000.05070              
0017002000012053989011539200000042000000.00500              
0017002000013057373000573660240042000000.07500              
0017002000013257011001570110000042000000.02000              
0017002000013261045006610450100042000000.05500              
0017002000013853805000538050010042000000.00476              
0017002000110152380000523800030042000000.34000              
0017002000110152381001523810020042000000.25000              
0017002000110161032005610320060042000007.70000              
0017002000110451041815510380080042000000.08000              
0017002000110452162024521620010035000000.00210              
0017002000110452162029521620010042000000.00700              
0017002000110557011001570110000042000010.00000              
0017002000110757011001570110000042000085.00000              
0017002000110761045006610450100042000000.00500              
0017002000112052162029521620010042000000.00500              
0017002000112053805000538050010042000000.05070              
0017002000112053989011539200000042000000.00500              
0017002000113057373000573660240042000000.07500              
0017002000113257011001570110000042000000.02000              
0017002000113261045006610450100042000000.05500              
0017002000113853805000538050010042000000.00476              
0017002000210152380000523800030042000000.34000              
0017002000210152381001523810020042000000.25000              
0017002000210161032005610320060042000007.70000              
0017002000210451041815510380080042000000.08000              
0017002000210452162024521620010035000000.00210              
00170020002104521620295216200100  000000.00490              
0017002000212052162029521620010042000000.00500              
0017002000212053805000538050010042000000.05070              
0017002000212053989011539200000042000000.00500              
0017002000213853805000538050010042000000.00476              
0017002001010152380000523800030042000000.34000              
0017002001010152381001523810020042000000.25000              
0017002001010161032005610320060042000007.70000              
0017002001010451041815510380080042000000.08000              
0017002001010452162024521620010042000000.00210              
0017002001010452162029521620010042000000.00490              
0017002001010557011001570110000042000010.00000              
0017002001010557301000573000010042000000.35000              
0017002001010757011001570110000042000075.00000              
0017002001010757301000573000010042000004.76000              
0017002001010757301001573000010042000004.76000              
0017002001010761045006610450100042000000.00500              
0017002001012052162029521620010042000000.00500              
0017002001012053805000538050010042000000.05070              
0017002001012053989011539200000042000000.00500              
0017002001013057373000573660240042000000.07500              
0017002001013257011001570110000042000000.02000              
0017002001013261045006610450100042000000.05500              
0017002001013853805000538050010042000000.00476              
0054001000110155810001558100020042000000.00020              
0054001000110161053000610501000042000000.00500              
0054001000111155810001558100020042000000.00010              
0054020000010155810001558100020042000000.00010              
0054020000010161053000610501000042000000.00500              
0054020000011155810001558100020042000000.00010              
0054020000311155810001558100020042000000.00010              
0054020003310161032005610320060042000000.15000              
0054301000010131561000315630000042000000.00600              
0054301000010131561000315630020042000000.00600              
0054301000010131561000315630030042000000.00600              
0054301000010131561000315630040042000000.00600              
0054301000010155810001558100020042000000.00010              
0054301000010161053000610501000042000000.00600              
0054301000011155810001558100020042000000.00010              
0054301000012155810001558100020042000000.00030              
0054301000013254641100546410000042000000.00030              
0054501000212157011001570110000042000000.00500              
0054701000010155810001558100020042000000.00050              
0054701000013254641100546410000042000000.04400              
0054701003310161032005610320060042000000.11000              
0054703000010155810001558100020042000000.00050              
0054703000012654641100546410000042000000.08200              
0056201000010131561000315630000042000000.00600              
0056201000010131561000315630020042000000.00600              
0056201000010131561000315630030042000000.00600              
0056201000010131561000315630040042000000.00600              
0056201000010155810001558100020042000000.00020              
0056201000010161053000610501000042000000.00600              
0056201000011155810001558100020042000000.00010              
0056201000012155810001558100020042000000.00040              
0056201000013254641100546410000042000000.00030              
0056301000012354641100546410000042000000.05000              
0056301000212354641100546410000042000000.05000              
0056301000312354641100546410000042000000.05000              
0058101000010131561000315630000042000000.00600              
0058101000010131561000315630020042000000.00600              
0058101000010131561000315630030042000000.00600              
0058101000010131561000315630040042000000.00600              
0058101000013254641100546410000042000000.02970              
0058201000010161053000610501000042000000.00300              
0058201000012361053000610501000042000000.00100              
0058401000010161053000610501000042000000.00300              
0058401000012361053000610501000042000000.00100              
0058401000310161053000610501000042000000.00300              
0058401000312361053000610530000042000000.00100              
0059010000010155810001558100020042000000.00001              
0059010000010161053000610501000042000000.02000              
0059010000012354641100546410000042000000.07400              
0059010000012361053000610501000042000000.00100              
0059601000012354641100546410000042000000.09400              
0170002000010131561000315630000042000000.40000              
0170002000010131561000315630020042000000.40000              
0170002000010131561000315630030042000000.40000              
0170002000010131561000315630040042000000.40000              
0170002000010152380000523800030042000000.34000              
0170002000010152380001523800000042000000.75000              
0170002000010152381000523810010042000000.34000              
0170002000010152381001523810020042000000.25000              
0170002000010154641100546410000042000002.80000              
0170002000010155810001558100020042000000.01500              
0170002000010156048003552010000042000009.00000              
0170002000010157105000570100010042000002.50000              
0170002000010157205001572050020042000000.14000              
0170002000010157363000573630050042000000.24000              
0170002000010161032005610320060042000007.70000              
0170002000010161053000610501000042000000.05000              
0170002000010451041815510380080042000000.08000              
0170002000010452162024521620010035000000.00210              
0170002000010452162029521620010042000000.00490              
0170002000010455810001558100020042000000.00030              
0170002000010552380001523800000042000000.02000              
0170002000010554641100546410000042000000.01200              
0170002000010557011001570110000042000010.00000              
0170002000010557301000573000010042000004.76000              
0170002000010757011000570100010042000085.00000              
0170002000010757011000570200010042000085.00000              
0170002000010757011001570110000042000085.00000              
0170002000010757301001573000010042000004.76000              
0170002000010757306000573540000042000007.70000              
0170002000010757354000573060000042000007.70000              
0170002000010761045006610450100042000000.00500              
0170002000012052162029521620010042000000.00500              
0170002000012053805000538050010042000000.05070              
0170002000012053989011539200000042000000.00500              
0170002000012653920000539890100042000000.00500              
0170002000013057373000573660240042000000.00750              
0170002000013257011001570110000042000000.02000              
0170002000013261045006610450100042000000.05500              
0170002000013853805000538050010042000000.00476              
0170002000110131561000315630000042000000.40000              
0170002000110131561000315630020042000000.40000              
0170002000110131561000315630030042000000.40000              
0170002000110131561000315630040042000000.40000              
0170002000110152380000523800030042000000.34000              
0170002000110152380001523800000042000000.75000              
0170002000110152381000523810010042000000.34000              
0170002000110152381001523810020042000000.25000              
0170002000110154641100546410000042000002.80000              
0170002000110155810001558100020042000000.01500              
0170002000110156048003552010000042000009.00000              
0170002000110157105000570100010042000002.50000              
0170002000110157205001572050020042000000.14000              
0170002000110157363000573630050042000000.24000              
0170002000110161032005610320060042000007.70000              
0170002000110161053000610501000042000000.05000              
0170002000110451041815510380080042000000.08000              
0170002000110452162024521620010035000000.00210              
0170002000110452162029521620010042000000.00490              
0170002000110455810001558100020042000000.00030              
0170002000110552380001523800000042000000.02000              
0170002000110554641100546410000042000000.01200              
0170002000110557011001570110000042000010.00000              
0170002000110557301000573000010042000000.35000              
0170002000110757011000570100010042000100.00000              
0170002000110757011000570200010042000100.00000              
0170002000110757011001570110000042000085.00000              
0170002000110757301001573000010042000004.76000              
0170002000110757306000573540000042000007.70000              
0170002000110757354000573060000042000007.70000              
0170002000110761045006610450100042000000.00500              
0170002000112052162029521620010042000000.00500              
0170002000112053805000538050010042000000.05070              
0170002000112053989011539200000042000000.00500              
0170002000112653920000539890100042000000.00500              
0170002000113057373000573660240042000000.00750              
0170002000113257011001570110000042000000.02000              
0170002000113261045006610450100042000000.05500              
0170002000113853805000538050010042000000.00476              
0170002000210152380000523800030042000000.34000              
0170002000210152381001523810020042000000.25000              
0170002000210161032005610320060042000007.70000              
0170002000210451041815510380080042000000.08000              
0170002000210452162024521620010035000000.00210              
0170002000210452162029521620010042000000.00490              
0170002000210557011001570110000042000010.00000              
0170002000210557301000573000010042000000.35000              
0170002000210757011001570110000042000085.00000              
0170002000210757301001573000010042000004.76000              
0170002000210761045006610450100042000000.00500              
0170002000212052162029521620010042000000.00500              
0170002000212053805000538050010042000000.05070              
0170002000212053989011539200000042000000.00500              
0170002000213057373000573660240042000000.00750              
0170002000213257011001570110000042000000.02000              
0170002000213261045006610450100042000000.05500              
0170002000213853805000538050010042000000.00476              
0170002001010131561000315630000042000000.40000              
0170002001010131561000315630020042000000.40000              
0170002001010131561000315630030042000000.40000              
0170002001010131561000315630040042000000.40000              
0170002001010152380000523800030042000000.34000              
0170002001010152380001523800000042000000.75000              
0170002001010152381000523810010042000000.34000              
0170002001010152381001523810020042000000.25000              
0170002001010154641100546410000042000002.80000              
0170002001010155810001558100020042000000.01500              
0170002001010156048003552010000042000009.00000              
0170002001010157105000570100010042000002.50000              
0170002001010157205001570100010042000000.14000              
0170002001010157363000573630050042000000.48000              
0170002001010161032005610320060042000007.70000              
0170002001010161053000610501000042000000.05000              
0170002001010451041815510380080042000000.08000              
0170002001010452162024521620010035000000.00210              
0170002001010452162029521620010042000000.00490              
0170002001010455810001558100020042000000.00030              
0170002001010552380001523800000042000000.02000              
0170002001010554641100546410000042000000.01200              
0170002001010557011001570110000042000010.00000              
0170002001010557301000573000010042000000.35000              
0170002001010757011000570100010042000100.00000              
0170002001010757011000570200010042000100.00000              
0170002001010757011001570110000042000085.00000              
0170002001010757301001573000010042000004.76000              
0170002001010757306000573540000042000007.70000              
0170002001010757354000573060000042000007.70000              
0170002001010761045006610450100042000000.00500              
0170002001012052162029521620010042000000.00500              
0170002001012053805000538050010042000000.05070              
0170002001012053989011539200000042000000.00500              
0170002001012653920000539890100042000000.00500              
0170002001013057373000573660240042000000.00750              
0170002001013257011001570110000042000000.02000              
0170002001013261045006610450100042000000.05500              
0170002001013853805000538050010042000000.00476              
0170002001110131561000315630000042000000.40000              
0170002001110131561000315630020042000000.40000              
0170002001110131561000315630030042000000.40000              
0170002001110131561000315630040042000000.40000              
0170002001110152380000523800030042000000.34000              
0170002001110152380001523800000042000000.75000              
0170002001110152381000523810010042000000.34000              
0170002001110152381001523810020042000000.25000              
0170002001110154641100546410000042000002.80000              
0170002001110155810001558100020042000000.01500              
0170002001110156048003552010000042000009.00000              
0170002001110157105000570100010042000002.50000              
0170002001110157205001572050020042000000.14000              
0170002001110157363000573630050042000000.48000              
0170002001110161032005610320060042000007.70000              
0170002001110161053000610501000042000000.05000              
0170002001110451041815510380080042000000.08000              
0170002001110452162024521620010035000000.00210              
0170002001110452162029521620010042000000.00490              
0170002001110455810001558100020042000000.00030              
0170002001110552380001523800000042000000.02000              
0170002001110554641100546410000042000000.01200              
0170002001110557011001570110000042000010.00000              
0170002001110557301000573000010042000000.35000              
0170002001110757011000570100010042000100.00000              
0170002001110757011000570200010042000100.00000              
0170002001110757011001570110000042000085.00000              
0170002001110757301001573000010042000004.76000              
0170002001110757306000573540000042000007.70000              
0170002001110757354000573530000042000007.70000              
0170002001110761045006610450100042000000.00500              
0170002001112052162029521620010042000000.00500              
0170002001112053805000538050010042000000.05070              
0170002001112053989011539200000042000000.00500              
0170002001112653920000539890100042000000.00500              
0170002001113057373000573660240042000000.00750              
0170002001113257011001570110000042000000.02000              
0170002001113261045006610450100042000000.05500              
0170002001113853805000538050010042000000.00476              
0170019000010152380000523800030042000000.34000              
0170019000010152381001523810020042000000.25000              
0170019000010161032005610320060042000007.70000              
0170019000010451041815510380080042000000.08000              
0170019000010452162024521620010035000000.00210              
0170019000010452162029521620010042000000.00490              
0170019000010557011001570110000042000010.00000              
0170019000010557301000573000010042000000.35000              
0170019000010757011001570110000042000070.00000              
0170019000010757301001573000010042000004.76000              
0170019000010761045006610450100042000000.00500              
0170019000012052162029521620010042000000.00500              
0170019000012053805000538050010042000000.05070              
0170019000012053989011539200000042000000.00500              
01700190000130530120145301201300  000000.00400              
01700190000130530120155301201300  000000.00500              
0170019000013057373000573660240042000000.00750              
0170019000013257011001570110000042000000.02000              
0170019000013261045006610450100042000000.05500              
0170019000013853805000538050010042000000.00476              
0170019000110161032005610320060042000007.70000              
0170019000110451041815510380080042000000.08000              
0170019000110452162024521620010035000000.00210              
0170019000110452162029521620010042000000.00490              
0170019000112052162029521620010042000000.00500              
0170019000112053805000538050010042000000.05070              
0170019000112053989011539200000042000000.00500              
01700190001130530120145301201300  000000.00400              
01700190001130530120155301201300  000000.00500              
0170019000113853805000538050010042000000.00476              
0170019000212053805000538050010042000000.05070              
0170019000213853805000538050010042000000.00476              
0170022000010152380000523800030042000000.34000              
0170022000010152381001523810020042000000.25000              
0170022000010161032005610320060042000007.70000              
0170022000010451041815510380080042000000.08000              
0170022000010452162024521620010042000000.00210              
0170022000010452162029521620010042000000.00490              
0170022000010557011001570110000042000010.00000              
0170022000010557301000573000010042000000.35000              
0170022000010757011001570110000042000085.00000              
0170022000010757301001573000010042000004.76000              
0170022000010757306000573540000042000007.70000              
0170022000010757354000573060000042000007.70000              
0170022000010761045006610450100042000000.00500              
0170022000012052162029521620010042000000.00500              
0170022000012053805000538050010042000000.05070              
0170022000012053989011539200000042000000.00500              
0170022000013057373000573660240042000000.00750              
0170022000013257011001570110000042000000.02000              
0170022000013261045006610450100042000000.05500              
0170022000013853805000538050010042000000.00476              
0170801000011451702006513380120042000000.20400              
0170801000012051702006513380120042000000.06000              
0170801000012076025000760240000042000000.00500              
0170801000112076025000760240000042000000.00500              
0170801007712076025000760240000042000000.00500              
0380600000010152380000523800030042000000.10000              
0380600000010152380001523800000042000000.22500              
0380600000010152381000523810010042000000.11300              
0380600000010152381001523810020042000000.08000              
0380600000010154641100546410000042000090.00000              
0380600000010155810001558100020042000000.10000              
0380600000010161032005610320060042000001.30000              
0380600000010552380001523800000042000000.05000              
0380600000010557011001570110000042000001.30000              
0380600000010753012015530120130042000000.01000              
0380600000010757373000573660240042000046.00000              
0380600000011855810001558100020042000000.02000              
0380600000011857373000573660240042000002.00000              
03806000000120530120145301201300  000000.01600              
0380600000012053012015530120130042000000.01600              
0380600000012053805000538070000042000000.12000              
0380600000012057373000573660240042000046.00000              
0380600000013055810001558100020042000000.00300              
0380600000013261045006610450100042000000.01000              
03806000000134530120145301201300  000000.01600              
0380600000013457011001570110000042000001.50000              
0380600000013457373000573660240042000002.23000              
0380600000013461045006610450100042000000.01000              
0380600000013653012015530120130042000000.30000              
0382600000010152380000523800030042000000.10000              
0382600000010152381001523810020042000000.05000              
0382600000010161032005610320060042000001.30000              
0382600000010557011001570110000042000001.30000              
03826000000107530120145301201300  000000.01000              
0382600000010753012015530120130042000000.01000              
0382600000010753805000538050010042000000.23800              
0382600000010757373000573660240042000111.00000              
03826000000120530120145301201300  000000.01600              
0382600000012053012015530120130042000000.01600              
0382600000012053805000538050010042000000.07600              
0382600000012057366024573730000042000046.00000              
0382600000013261045006610450100042000000.01000              
03826000000134530120145301201300  000000.30000              
0382600000013457011001570110000042000001.50000              
0382600000013461045006610450100042000000.01000              
0382600000013653012015530120130042000000.30000              
0382600000013657373000573660240042000005.23000              
0500001001012053805000538050010042000000.12670              
0500001001013453805000538050010042000000.00952              
0500001001013853805000538050010042000000.04280              
0510005000210152380000523800030042000000.17000              
0510005000210152381001523810020042000000.29000              
0510005000210161032005610320060042000003.20000              
0510005000210557011001570110000042000000.16000              
0510005000210757011001570110000042000580.00000              
0510005000210857011001570110000042000100.00000              
0510005000210857301000573000010042000015.30000              
0510005000212052162029521620010035000000.00500              
0510005000212052380000523800030042000000.22500              
0510005000212053012015530120130042000000.01000              
0510005000212057301000573000010042000006.60000              
0510005000213053012015530120130042000000.10000              
0510005000213057373000573660240042000005.23000              
0510005000213257011001570110000042000000.02000              
0510005000213261045006610450050042000000.01500              
0510005000213457011001570110000042000000.16000              
0510005001010152380000523800030042000000.17000              
0510005001010152381001523810020042000000.29000              
0510005001010161032005610320060042000003.20000              
0510005001010557011001570110000042000000.16000              
0510005001010557354000573060000042000000.15000              
0510005001010757011000570200010042000058.00000              
0510005001010757011001570110000042000058.00000              
0510005001010757301001573000010042000006.55000              
0510005001010757527000575180010042000000.00200              
0510005001010857011001570110000042000100.00000              
0510005001010857301000573000010042000015.30000              
0510005001011857354000573060000042000000.15000              
0510005001012052162029521620010042000000.00500              
0510005001012052380000523800030042000000.20000              
05100050010120530120145301201300  000000.01000              
0510005001012053012015530120130042000000.01000              
0510005001012053805000538050010042000000.12670              
0510005001012053989011539220000042000000.03000              
0510005001012057301000573000010042000006.60000              
05100050010130530120145301201300  000000.08000              
0510005001013053012015530120130042000000.10000              
0510005001013057373000573660240042000000.01600              
0510005001013257011001570110000042000000.02000              
0510005001013261045006610450050042000000.01500              
0510005001013453805000538050010042000000.03040              
0510005001013457011001570110000042000000.16000              
0510005001013657334000573320000042000000.05000              
0510005001013853805000538050010042000000.07800              
0510005001510161032005610320060042000003.20000              
0510005001512052162029521620010042000000.00500              
05100050015120530120145301201300  000000.01000              
0510005001512053805000538050010042000000.12670              
0510005001512053989011539220000042000000.03000              
05100050015130530120145301201300  000000.08000              
0510005001513453805000538050010042000000.03040              
0510005001513853805000538050010042000000.07800              
0516610000010757011001570110000042000012.00000              
0516610000010757301000573000010042000003.30000              
0516610000012052380000523800030042000000.11000              
0520001000010131561000315630000042000000.01000              
0520001000010131561000315630020042000000.01000              
0520001000010131561000315630030042000000.01000              
0520001000010131561000315630040042000000.01000              
0526001700010757354000573060000042000005.00000              
0526001700012052380000523800030042000000.05000              
0530001000010131561000315630000042000000.05000              
0530001000010131561000315630020042000000.05000              
0530001000010131561000315630030042000000.05000              
0530001000010131561000315630040042000000.05000              
0540001000010131561000315630000042000000.00500              
0540001000010131561000315630020042000000.00500              
0540001000010131561000315630030042000000.00500              
0540001000010131561000315630040042000000.00500              
0540001000010154641100546410000042000010.00000              
0540001000010155810001558100020042000000.00300              
0540001000010161053000610501000042000000.01000              
0540001000010552380001523800000042000000.10000              
0540001000010557306000573540000042000000.20000              
0540001000010752380001523800000042000000.20000              
0540001000010753920000539890100042000000.00800              
0540001000010757011000570100010042000135.00000              
0540001000010757011000570200010042000135.00000              
0540001000010757306000573540000042000049.00000              
0540001000010761053000610501000042000000.10000              
0540001000012653920000539890100042000000.01500              
0540001000012661053000610501000042000000.00100              
0540001000013157306000573540000042000000.40000              
0540001001010161032005610320060042000000.50000              
0540001001010557011000570100010042000002.05000              
0540001001010557011001570110000042000002.85000              
0540001001010757011000570100010042000045.00000              
0540001001010757011000570200010042000053.00000              
0540001001010757011001570110000042000053.00000              
0540001001010757300001573010010042000010.00000              
0540001001010757301001573000010042000010.00000              
0540001001010757354000573060000042000020.00000              
0540001001010761045006610450050042000000.02500              
0540001001012052162029521620010042000000.01000              
0540001001012052380000523800030042000000.10000              
0540001001012053805000538050010042000000.12670              
0540001001012053989011539200000042000000.02300              
0540001001013053922000539890100042000000.00200              
0540001001013057011000570100010042000000.05000              
0540001001013057011001570110000042000000.05000              
0540001001013057373000573660240042000000.08000              
0540001001013261045006610450050042000000.00500              
05400010010134530120145301201300  000000.10000              
0540001001013453805000538050010042000000.00952              
0540001001013653012015530120130042000000.10000              
0540001001013657011000570100010042000001.50000              
0540001001013853805000538050010042000000.04280              
0540810000010776024000760250000042000000.09000              
0540810000012076025000760240000042000000.09000              
0540810007712076025000760240000042000000.09000              
0560000000110152380000523800030042000000.10000              
0560000000110152380001523800000042000000.23000              
0560000000110152381000523810010042000000.13500              
0560000000110152381001523810020042000000.10000              
0560000000110154641100546410000042000002.00000              
0560000000110155810001558100020042000000.02000              
0560000000110156048001552010000042000001.00000              
0560000000110157105000570100010042000000.36000              
0560000000110157205001572050020042000000.16000              
0560000000110157363000573630050042000000.50000              
0560000000110161032005610320060042000003.00000              
0560000000110161053000610501000042000000.05000              
0560000000110557010001570200010042000000.50000              
0560000000110557011000570100010042000000.50000              
0560000000110557011000570200010042000000.50000              
0560000000110557011001570110000042000000.50000              
0560000000110752380001523800000042000000.20000              
0560000000110757010001570200010042000001.53000              
0560000000110757011000570100010042000001.53000              
0560000000110757011000570200010042000001.53000              
0560000000110757011001570110000042000001.30000              
0560000000110757300001573010000042000000.25000              
0560000000110757306000573540000042000000.05000              
0560000000110757354000573060000042000000.05000              
0560000000110857010001570200010042000010.00000              
0560000000110857011000570100010042000010.00000              
0560000000110857011000570200010042000010.00000              
0560000000110857011001570110000042000010.00000              
0560000000110857301000573000010042000003.00000              
0560000000110857354000573060000042000007.00000              
0560000000112052380000523800030042000000.20000              
0560000001310161032005610320060042000002.14100              
0560015000012076025000760240000042000000.01000              
0562500000110152380000523800030042000000.10000              
0562500000110152381001523810020042000000.10000              
0562500000110161032005610320060042000003.00000              
0562500000110557011001570110000042000000.50000              
0562500000110757011001570110000042000001.30000              
0562500000110757301001573000010042000000.22000              
0562500000110757354000573060000042000000.05000              
0562500000110857011001570110000042000010.00000              
0562500000110857301000573000010042000003.00000              
0562500000112052380000523800030042000000.20000              
0562500000112057301000573000010042000000.22000              
0610001000010131561000315630000042000003.00000              
0610001000010131561000315630020042000003.00000              
0610001000010131561000315630030042000003.00000              
0610001000010131561000315630040042000003.00000              
0620006000010131561000315630000042000001.80000              
0620006000010131561000315630020042000001.80000              
0620006000010131561000315630030042000001.80000              
0620006000010131561000315630040042000001.80000              
0620006000010152380001523800000042000000.37500              
0620006000010152381000523810010042000000.37500              
0620006000010161053000610501000042000000.80000              
0620006000010552380001523800000042000000.08000              
0620006000010752380001523800000042000000.22500              
0620006000010753920000539890100042000000.01300              
0620006000010761053000610501000042000000.08700              
0620006000012653920000539890100042000000.02000              
0620006000012661053000610501000042000000.00100              
0620006000110131561000315630000042000001.80000              
0620006000110131561000315630020042000001.80000              
0620006000110131561000315630030042000001.80000              
0620006000110131561000315630040042000001.80000              
0620006000110152380001523800000042000000.37500              
0620006000110152381000523810010042000000.37500              
0620006000110161053000610501000042000000.80000              
0620006000110552380001523800000042000000.08000              
0620006000110752380001523800000042000000.22500              
0620006000110753920000539890100042000000.01300              
0620006000110761053000610501000042000000.08700              
0620006000112653920000539890100042000000.02000              
0620006000112661053000610501000042000000.00100              
0620006000210131561000315630000042000001.80000              
0620006000210131561000315630020042000001.80000              
0620006000210131561000315630030042000001.80000              
0620006000210131561000315630040042000001.80000              
0620006000210152380001523800000042000000.37500              
0620006000210152381000523810010042000000.37500              
0620006000210154641100546410000042000018.00000              
0620006000210155810001558100020042000000.03000              
0620006000210156048001552010000042000002.30000              
0620006000210157105000570100010042000000.75000              
0620006000210157205001572050020042000000.37500              
0620006000210157363000573630050042000001.58000              
0620006000210161053000610501000042000000.80000              
0620006000210455810001558100020042000000.00030              
0620006000210552380001523800000042000000.08000              
0620006000210752380001523800000042000000.22500              
0620006000210753920000539890100042000000.01300              
0620006000210757011000570100010042000066.00000              
0620006000210757011000570200010042000066.00000              
0620006000210761053000610501000042000000.08700              
0620006000212653920000539890100042000000.02000              
0620006000212661053000610501000042000000.00100              
0620006000213455810001558100020042000000.00400              
0620006000310131561000315630000042000001.80000              
0620006000310131561000315630020042000001.80000              
0620006000310131561000315630030042000001.80000              
0620006000310131561000315630040042000001.80000              
0620006000310152380001523800000042000000.37500              
0620006000310152381000523810010042000000.37500              
0620006000310154641100546410000042000018.00000              
0620006000310155810001558100020042000000.03000              
0620006000310156048001552010000042000002.30000              
0620006000310157105000570100010042000000.75000              
0620006000310157205001572050020042000000.37500              
0620006000310157363000573630050042000001.58000              
0620006000310161053000610501000042000000.80000              
0620006000310455810001558100020042000000.00030              
0620006000310552380001523800000042000000.08000              
0620006000310752380001523800000042000000.22500              
0620006000310753920000539890100042000000.01300              
0620006000310757011000570100010042000066.00000              
0620006000310757011000570200010042000066.00000              
0620006000310761053000610501000042000000.08700              
0620006000312653920000539890100042000000.02000              
0620006000312661053000610501000042000000.00100              
0620006000313455810001558100020042000000.00400              
0620006000410154641100546410000042000018.00000              
0620006000410155810001558100020042000000.03000              
0620006000410156048001552010000042000002.30000              
0620006000410157105000570100010042000000.75000              
0620006000410157205001572050020042000000.37500              
0620006000410157363000573630050042000001.58000              
0620006000410455810001558100020042000000.00030              
0620006000410757011000570100010042000066.00000              
0620006000410757011000570200010042000066.00000              
0620006000413455810001558100020042000000.00400              
0620006000510154641100546410000042000018.00000              
0620006000510155810001558100020042000000.03000              
0620006000510156048001552010000042000002.30000              
0620006000510157105000570100010042000000.75000              
0620006000510157205001572050020042000000.37500              
0620006000510157363000573630050042000001.58000              
0620006000510455810001558100020042000000.00030              
0620006000510757011000570100010042000066.00000              
0620006000510757011000570200010042000066.00000              
0620006000513455810001558100020042000000.00400              
0620006000610154641100546410000042000018.00000              
0620006000610155810001558100020042000000.03000              
0620006000610156048001552010000042000002.30000              
0620006000610157105000570100010042000000.75000              
0620006000610157205001572050020042000000.37500              
0620006000610157363000573630050042000001.58000              
0620006000610455810001558100020042000000.00030              
0620006000610757011000570100010042000066.00000              
0620006000610757011000570200010042000066.00000              
0620006000613455810001558100020042000000.00400              
0620006000710154641100546410000042000018.00000              
0620006000710155810001558100020042000000.03000              
0620006000710156048001552010000042000002.30000              
0620006000710157105000570100010042000000.75000              
0620006000710157205001572050020042000000.37500              
0620006000710157363000573630050042000001.58000              
0620006000710455810001558100020042000000.00030              
0620006000710757011000570100010042000066.00000              
0620006000710757011000570200010042000066.00000              
0620006000713455810001558100020042000000.00400              
0620006001010152380000523800030042000000.17000              
0620006001010152381001523810020042000000.29000              
0620006001010154641100546410000042000018.00000              
0620006001010155810001558100020042000000.03000              
0620006001010156048001552010000042000002.30000              
0620006001010157105000570100010042000000.75000              
0620006001010157205001572050020042000000.42000              
0620006001010157363000573630050042000000.98100              
0620006001010161032005610320060042000000.60000              
0620006001010452162024521620010042000000.00540              
06200060010104521620295216200100  000000.01260              
0620006001010455810001558100020042000000.00030              
0620006001010557011001570110000042000000.15700              
0620006001010753920000539890100042000000.01300              
0620006001010757011000570100010042000066.00000              
0620006001010757011000570200010042000066.00000              
0620006001010757011001570110000042000058.00000              
0620006001010757301001573000010042000006.55000              
0620006001010757306000573540000042000024.40000              
0620006001010757354000573060000042000024.40000              
0620006001010761045006610450050042000000.01900              
0620006001012052162029521620010042000000.00500              
0620006001012052380000523800030042000000.20000              
0620006001012053805000538050010042000000.12670              
0620006001012053989011539200000042000000.03300              
0620006001012057301000573000010042000004.80000              
0620006001013053920000539890100042000000.02000              
0620006001013057373000573660240042000000.01850              
0620006001013257011001570110000042000000.01500              
0620006001013261045006610450050042000000.01500              
0620006001013453805000538050010042000000.06090              
0620006001013455810001558100020042000000.00400              
0620006001013853805000538050010042000000.01420              
0620006001110152380000523800030042000000.17000              
0620006001110152381001523810020042000000.29000              
0620006001110154641100546410000042000018.00000              
0620006001110155810001558100020042000000.03000              
0620006001110156048001552010000042000002.30000              
0620006001110157105000570100010042000000.75000              
0620006001110157205001572050020042000000.42000              
0620006001110157363000573630050042000000.98100              
0620006001110161032005610320060042000000.60000              
0620006001110452162024521620010042000000.00540              
0620006001110452162029521620010042000000.01260              
0620006001110455810001558100020042000000.00030              
0620006001110557011001570110000042000000.15700              
0620006001110753920000539890100042000000.01300              
0620006001110757011000570100010042000066.00000              
0620006001110757011000570200010042000066.00000              
0620006001110757011001570110000042000058.00000              
0620006001110757301001573000010042000010.50000              
0620006001110757306000573540000042000024.40000              
0620006001110757354000573060000042000024.40000              
0620006001110761045006610450050042000000.01900              
0620006001112052162029521620010042000000.00500              
0620006001112052380000523800030042000000.20000              
0620006001112053805000538050010042000000.12670              
0620006001112053989011539200000042000000.03300              
0620006001112057301000573000010042000008.30000              
0620006001113053920000539890100042000000.02000              
0620006001113057373000573660240042000000.01850              
0620006001113257011001570110000042000000.01500              
0620006001113261045006610450050042000000.01500              
0620006001113453805000538050010042000000.06090              
0620006001113455810001558100020042000000.00400              
0620006001113853805000538050010042000000.01420              
0620006001210152380000523800030042000000.17000              
0620006001210152381001523810020042000000.29000              
0620006001210154641100546410000042000018.00000              
0620006001210155810001558100020042000000.03000              
0620006001210156048001552010000042000002.30000              
0620006001210157105000570100010042000000.75000              
0620006001210157205001572050020042000000.42000              
0620006001210157363000573630050042000000.98100              
0620006001210161032005610320060042000000.60000              
0620006001210452162024521620010042000000.00540              
0620006001210452162029521620010042000000.01260              
0620006001210455810001558100020042000000.00030              
0620006001210557011001570110000042000000.15700              
0620006001210753920000539890100042000000.01300              
0620006001210757011000570100010042000066.00000              
0620006001210757011000570200010042000066.00000              
0620006001210757011001570110000042000058.00000              
0620006001210757301001573000010042000006.55000              
0620006001210757306000573540000042000024.40000              
0620006001210757354000573060000042000024.40000              
0620006001210761045006610450050042000000.01900              
0620006001212052162029521620010042000000.00500              
0620006001212052380000523800030042000000.20000              
0620006001212053805000538050010042000000.12670              
0620006001212053989011539200000042000000.03300              
0620006001212057301000573000010042000004.80000              
0620006001213053920000539890100042000000.02000              
0620006001213057373000573660240042000000.01850              
0620006001213257011001570110000042000000.01500              
0620006001213261045006610450050042000000.01500              
0620006001213453805000538050010042000000.06090              
0620006001213455810001558100020042000000.00400              
0620006001213853805000538050010042000000.01420              
0620006001310152380000523800030042000000.17000              
0620006001310152381001523810020042000000.29000              
0620006001310154641100546410000042000018.00000              
0620006001310155810001558100020042000000.03000              
0620006001310156048001552010000042000002.30000              
0620006001310157105000570100010042000000.75000              
0620006001310157205001572050020042000000.42000              
0620006001310157363000573630050042000000.98100              
0620006001310161032005610320060042000000.60000              
0620006001310452162024521620010042000000.00540              
0620006001310452162029521620010042000000.01260              
0620006001310455810001558100020042000000.00030              
0620006001310557011001570110000042000000.15700              
0620006001310753920000539890100042000000.01300              
0620006001310757011000570100010042000066.00000              
0620006001310757011000570200010042000066.00000              
0620006001310757011001570110000042000058.00000              
0620006001310757301001573000010042000010.50000              
0620006001310757306000573540000042000024.40000              
0620006001310757354000573060000042000024.40000              
0620006001310761045006610450050042000000.01900              
0620006001312052162029521620010035000000.00500              
0620006001312052380000523800030042000000.20000              
0620006001312053805000538050010042000000.12670              
0620006001312053989011539200000042000000.03300              
0620006001312057301000573000010042000008.30000              
0620006001313053920000539890100042000000.02000              
0620006001313057373000573660240042000000.01850              
0620006001313257011001570110000042000000.01500              
0620006001313261045006610450050042000000.01500              
0620006001313453805000538050010042000000.06090              
0620006001313455810001558100020042000000.00400              
0620006001313853805000538050010042000000.01420              
0620006001410152380000523800030042000000.17000              
0620006001410152381001523810020042000000.29000              
0620006001410154641100546410000042000018.00000              
0620006001410155810001558100020042000000.03000              
0620006001410156048001552010000042000002.30000              
0620006001410157105000570100010042000000.75000              
0620006001410157205001572050020042000000.42000              
0620006001410157363000573630050042000000.98100              
0620006001410161032005610320060042000000.60000              
0620006001410452162024521620010042000000.00540              
0620006001410452162029521620010042000000.01260              
0620006001410455810001558100020042000000.00030              
0620006001410557011001570110000042000000.15700              
0620006001410753920000539890100042000000.01300              
0620006001410757011000570100010042000066.00000              
0620006001410757011000570200010042000066.00000              
0620006001410757011001570110000042000058.00000              
0620006001410757301001573000010042000006.55000              
0620006001410757306000573540000042000024.40000              
0620006001410757354000573060000042000024.40000              
0620006001410761045006610450050042000000.01900              
0620006001412052162029521620010042000000.00500              
0620006001412052380000523800030042000000.20000              
0620006001412053989011539200000042000000.03300              
0620006001412057301000573000010042000004.80000              
0620006001413053920000539890100042000000.02000              
0620006001413057373000573660240042000000.01850              
0620006001413257011001570110000042000000.01500              
0620006001413261045006610450050042000000.01500              
0620006001413453805000538050010042000000.06090              
0620006001413455810001558100020042000000.00400              
0620006001413853805000538050010042000000.01420              
0620006001510152380000523800030042000000.17000              
0620006001510152381001523810020042000000.29000              
0620006001510154641100546410000042000018.00000              
0620006001510155810001558100020042000000.03000              
0620006001510156048001552010000042000002.30000              
0620006001510157105000570100010042000000.75000              
0620006001510157205001572050020042000000.42000              
0620006001510157363000573630050042000000.98100              
0620006001510161032005610320060042000000.60000              
0620006001510452162024521620010042000000.00540              
0620006001510452162029521620010042000000.01260              
0620006001510455810001558100020042000000.00030              
0620006001510557011001570110000042000000.15700              
0620006001510753920000539890100042000000.01300              
0620006001510757011000570100010042000066.00000              
0620006001510757011000570200010042000066.00000              
0620006001510757011001570110000042000058.00000              
0620006001510757301001573000010042000010.50000              
0620006001510757306000573540000042000024.40000              
0620006001510757354000573060000042000024.40000              
0620006001510761045006610450050042000000.01900              
0620006001512052162029521620010042000000.00500              
0620006001512052380000523800030042000000.20000              
0620006001512053805000538050010042000000.12670              
0620006001512053989011539200000042000000.03300              
0620006001512057301000573000010042000008.30000              
0620006001513053920000539890100042000000.02000              
0620006001513057373000573660240042000000.01850              
0620006001513257011001570110000042000000.01500              
0620006001513261045006610450050042000000.01500              
0620006001513453805000538050010042000000.06090              
0620006001513455810001558100020042000000.00400              
0620006001513853805000538050010042000000.01420              
0620006001610152380000523800030042000000.17000              
0620006001610152381001523810020042000000.29000              
0620006001610154641100546410000042000018.00000              
0620006001610155810001558100020042000000.03000              
0620006001610156048001552010000042000002.30000              
0620006001610157105000570100010042000000.75000              
0620006001610157205001572050020042000000.42000              
0620006001610157363000573630050042000000.98100              
0620006001610161032005610320060042000000.60000              
0620006001610452162024521620010042000000.00540              
0620006001610452162029521620010042000000.01260              
0620006001610455810001558100020042000000.00030              
0620006001610557011001570110000042000000.15700              
0620006001610753920000539890100042000000.01300              
0620006001610757011000570100010042000066.00000              
0620006001610757011000570200010042000066.00000              
0620006001610757011001570110000042000058.00000              
0620006001610757301001573000010042000006.55000              
0620006001610757306000573540000042000024.40000              
0620006001610757354000573060000042000024.40000              
0620006001610761045006610450050042000000.01900              
0620006001612052162029521620010042000000.00500              
0620006001612052380000523800030042000000.20000              
0620006001612053805000538050010042000000.12670              
0620006001612053989011539200000042000000.03300              
0620006001612057301000573000010042000004.80000              
0620006001613053920000539890100042000000.02000              
0620006001613057373000573660240042000000.01850              
0620006001613257011001570110000042000000.01500              
0620006001613261045006610450050042000000.01500              
0620006001613453805000538050010042000000.06090              
0620006001613455810001558100020042000000.00400              
0620006001613853805000538050010042000000.01420              
0620006001710152380000523800030042000000.17000              
0620006001710152381001523810020042000000.29000              
0620006001710154641100546410000042000018.00000              
0620006001710155810001558100020042000000.03000              
0620006001710156048001552010000042000002.30000              
0620006001710157105000570100010042000000.75000              
0620006001710157205001572050020042000000.42000              
0620006001710157363000573630050042000000.98100              
0620006001710161032005610320060042000000.60000              
0620006001710452162024521620010042000000.00540              
0620006001710455810001558100020042000000.00030              
0620006001710557011001570110000042000000.15700              
0620006001710753920000539890100042000000.01300              
0620006001710757011000570100010042000058.00000              
0620006001710757011000570200010042000058.00000              
0620006001710757011001570110000042000058.00000              
0620006001710757301001573000010042000010.50000              
0620006001710757306000573540000042000024.40000              
0620006001710757354000573060000042000024.40000              
0620006001710761045006610450050042000000.01900              
0620006001712052162029521620010042000000.00500              
0620006001712052380000523800030042000000.20000              
0620006001712053805000538050010042000000.12670              
0620006001712053989011539200000042000000.03300              
0620006001712057301000573000010042000008.30000              
0620006001713053920000539890100042000000.02000              
0620006001713057373000573660240042000000.01850              
0620006001713257011001570110000042000000.01500              
0620006001713261045006610450050042000000.01500              
0620006001713453805000538050010042000000.06090              
0620006001713455810001558100020042000000.00400              
0620006001713853805000538050010042000000.01420              
0620802000012076025000760240000042000000.05500              
0620803000010128564300278453000042000000.30000              
0620803000011451702000514100090042000000.00500              
0620803000012076025000760240000042000000.05800              
0620824000010776024000760250000042000000.00300              
0620825000010776024000760250000042000000.01000              
0620825000012076025000760240000042000000.01000              
0626617000010752380001523800000042000000.10000              
0626617000010757011000570100010042000028.00000              
0626617000010757011000570200010042000028.00000              
0626617000010757011001570110000042000028.00000              
0626617000010757301001573000010042000003.85000              
0626617000010757306000573540000042000024.40000              
0626617000010757354000573060000042000004.20000              
0626617000010761045006610450050042000000.00450              
0626617000012052380000523800030042000000.10000              
0626617000012057301000573000010042000003.85000              
0626617007710757011001570110000042000038.00000              
0626617007710757301001573000010042000004.00000              
0626617007710761045006610450050042000000.00450              
0626617007712052380000523800030042000000.10000              
0626617007712057301000573000010042000004.00000              
0630000300010131561000315630000042000000.30000              
0630000300010131561000315630020042000000.30000              
0630000300010131561000315630030042000000.30000              
0630000300010131561000315630040042000000.30000              
0630000300010152380000523800030042000000.12000              
0630000300010152380001523800000042000000.22500              
0630000300010152381000523810010042000000.15000              
0630000300010154641100546410000042000000.06000              
0630000300010155810001558100020042000000.01000              
0630000300010156048001552010000042000001.00000              
0630000300010157105000570100010042000000.41300              
0630000300010157205001572050020042000000.20000              
0630000300010157363000573630050042000000.67000              
0630000300010161053000610501000042000000.05000              
0630000300010555810001558100020042000000.05000              
0630000300010752380001523800000042000000.70000              
0630000300010757366024573730000042000022.00000              
0630000300010757373000573660240042000020.00000              
06300003000120530120145301201400  000000.01600              
0630000300012053012015530120130042000000.01600              
0630000300012053805000538050010042000000.07600              
0630000300012057373000573660240042000002.00000              
0630000300012655810001558100020042000000.00200              
0630000300013257011001570110000042000000.00060              
0630000300013261045006610450100042000000.00500              
0630000300013655810001558100020042000000.05000              
0630810000011428518500285645000042000008.00000              
0640000300010131561000315630000042000000.30000              
0640000300010131561000315630020042000000.30000              
0640000300010131561000315630030042000000.30000              
0640000300010131561000315630040042000000.30000              
0640000300010152380000523800030042000000.12000              
0640000300010152380001523800000042000000.22500              
0640000300010152381000523810010042000000.15000              
0640000300010154641100546410000042000000.06000              
0640000300010155810001558100020042000000.01000              
0640000300010156048001552010000042000001.00000              
0640000300010157105000570100010042000000.41300              
0640000300010157205001572050020042000000.20000              
0640000300010157363000573630050042000000.67000              
0640000300010161053000610501000042000000.05000              
0640000300010555810001558100020042000000.05000              
0640000300010752380001523800000042000000.70000              
0640000300010757366024573730000042000022.00000              
0640000300010757373000573660240042000020.00000              
06400003000120530120145301201300  000000.01600              
0640000300012053012015530120130042000000.01600              
06400003000120538050005380500100  000000.07600              
0640000300012057373000573660240042000002.00000              
0640000300012655810001558100020042000000.00200              
0640000300013257011001570110000042000000.00060              
0640000300013261045006610450100042000000.00500              
0640000300013655810001558100020042000000.05000              
0658107000210152380000523800030042000000.68000              
0658107000210161032005610320060042000000.40000              
0658107000210751410013514100100042000000.20000              
0658107000210752085001514100010042000000.01000              
0658107000210752085008514100100042000000.01000              
0658107000210757011001570110000042000100.00000              
0658107000210757301001573000010042000001.00000              
0658107000210757373000573660240042000002.00000              
0658107000212052162029521620010042000000.01000              
0658107000212057373000573660240042000002.00000              
0658107000213853805000538050010042000000.00380              
0658107007710757301001573000010042000000.05000              
0658107007710757373000573660240042000000.50000              
0658107007712057373000573660240042000000.50000              
0658117000010152380000523800030042000000.68000              
0658117000010161032005610320060042000000.40000              
0658117000010757011001570110000042000100.00000              
0658117000010757301001573000010042000001.00000              
0658117000010757373000573660240042000002.00000              
0658117000012052162029521620010042000000.01000              
0658117000012057373000573660240042000002.00000              
0658117000013853805000538050010042000000.00380              
0660000000010131561000315630000042000002.30000              
0660000000010131561000315630020042000002.30000              
0660000000010131561000315630030042000002.30000              
0660000000010131561000315630040042000002.30000              
0660000000010152380000523800030042000000.10000              
0660000000010152380001523800000042000000.22500              
0660000000010152381000523810010042000000.13500              
0660000000010154641100546410000042000002.00000              
0660000000010155810001558100020042000000.10000              
0660000000010156048001552010000042000001.00000              
0660000000010157105000570100010042000000.37000              
0660000000010157205001572050020042000000.27000              
0660000000010157363000573630050042000000.45000              
0660000000010161032005610320060042000007.20000              
0660000000010161053000610501000042000001.20000              
0660000000010555810001558100020042000000.06000              
0660000000010557011001570110000042000000.18000              
0660000000010752380001523800000042000000.80000              
0660000000010755810001558100020042000000.00050              
0660000000010757011000570100010042000000.56000              
0660000000010757011000570200010042000000.56000              
0660000000010757366024573730000042000029.00000              
06600000000107573660245737300000  000155.50000              
0660000000010757373000573660240042000025.00000              
06600000000120530120145301201300  000000.01600              
0660000000012053012015530120130042000000.01600              
0660000000012053805000538050010042000000.07600              
0660000000012057373000573660240042000004.00000              
0660000000012655810001558100020042000000.00200              
0660000000013057373000573660240042000000.01600              
0660000000013257011001570110000042000000.00460              
0660000000013261045006610450100042000000.04000              
0660000000013453805000538050010042000000.04760              
0660000000081361053000610501000042000000.00500              
0660810000010776024000760250000042000000.06000              
0660810000110776024000760250000042000000.06000              
0688104000010161032005610320060042000000.40000              
0688104000012052162029521620010042000000.01000              
0688104000013853805000538050010042000000.00380              
0720018000010131561000315630000042000000.90000              
0720018000010131561000315630020042000000.90000              
0720018000010131561000315630030042000000.90000              
0720018000010131561000315630040042000000.90000              
0720018000010152380000523800030042000000.60000              
0720018000010152380001523800000042000001.30000              
0720018000010152381000523810010042000000.37500              
0720018000010154641100546410000042000000.30000              
0720018000010155810001558100020042000000.02000              
0720018000010156048001552010000042000003.50000              
0720018000010157105000570100010042000000.75000              
0720018000010157205001572050020042000000.43000              
0720018000010157363000573630050042000001.19000              
0720018000010161032005610320060042000004.00000              
0720018000010161053000610501000042000000.30000              
0720018000010452380000523800030042000000.01000              
0720018000010452380001523800000042000000.02000              
0720018000010555810001558100020042000000.03200              
0720018000010557011001570110000042000001.30000              
0720018000010561045006610450050042000000.01500              
0720018000010576025000539870080042000000.01000              
0720018000010755810001558100020042000000.01000              
0720018000010757011000570100010042002300.15000              
0720018000010757011000570200010042002300.15000              
0720018000010757366024573730000042000022.00000              
0720018000010757373000573660240042000033.00000              
07200180000107573730005736602400  000012.00000              
0720018000010761045006610450050042000000.01000              
0720018000010761053000610501000042000000.00200              
07200180000120530120145301201300  000000.02400              
0720018000012053012015530120130042000000.02400              
0720018000012053805000538050010042000000.11400              
0720018000012057373000573660240042000025.00000              
0720018000012655810001558100020042000000.00300              
0720018000013056177002561610030042000000.01120              
0720018000013057373000573660240042000000.05000              
0720018000013061053000610501000042000000.00250              
0720018000013261045006610450050042000000.01000              
0720018000013455810001558100020042000000.08000              
0720018000013457373000573660240042000003.32500              
0720018000081361053000610501000042000000.00300              
0765000000010131561000315630000042000001.50000              
0765000000010131561000315630020042000001.50000              
0765000000010131561000315630030042000001.50000              
0765000000010131561000315630040042000001.50000              
0765000000010152380000523800030042000000.50000              
0765000000010152380001523800000042000001.12500              
0765000000010152381000523810010042000000.45000              
0765000000010154641100546410000042000001.00000              
0765000000010155810001558100020042000000.01000              
0765000000010156048001552010000042000006.00000              
0765000000010157105000570100010042000002.70000              
0765000000010157205001572050020042000001.10000              
0765000000010157363000573630050042000002.83000              
0765000000010161032005610320060042000006.20000              
0765000000010161053000610501000042000000.60000              
0765000000010555810001558100020042000000.01000              
0765000000010557011001570110000042000000.18000              
0765000000010753805000538050010042000000.01420              
0765000000010755810001558100020042000000.00050              
0765000000010757011000570100010042000000.10000              
0765000000010757011000570200010042000000.10000              
0765000000010757366024573730000042000025.00000              
07650000000107573730005736602400  000018.00000              
0765000000010827802120278011200042000000.01000              
0765000000010857350001573510230042000006.50000              
0765000000010857373000573660240042000012.00000              
07650000000120530120145301201300  000000.02400              
0765000000012053012015530120130042000000.02400              
0765000000012053805000538050010042000000.11400              
0765000000012655810001558100020042000000.00300              
0765000000013057373000573660240042000000.00560              
0765000000013257011001570110000042000000.00400              
0765000000013261045006610450100042000000.04000              
0765000000013455810001558100020042000000.04000              
0765000000013457373000573660240042000003.80000              
0765000000081361053000610501000042000000.00500              
0765000000110131561000315630000042000001.50000              
0765000000110131561000315630020042000001.50000              
0765000000110131561000315630030042000001.50000              
0765000000110131561000315630040042000001.50000              
0765000000110152380000523800030042000000.50000              
0765000000110152380001523800000042000001.12500              
0765000000110152381000523810010042000000.45000              
0765000000110154641100546410000042000001.00000              
0765000000110155810001558100020042000000.01000              
0765000000110156048001552010000042000006.00000              
0765000000110157105000570100010042000002.70000              
0765000000110157205001572050020042000001.10000              
0765000000110157363000573630050042000002.83000              
0765000000110161032005610320060042000006.20000              
0765000000110161053000610501000042000000.60000              
0765000000110555810001558100020042000000.01000              
0765000000110557011001570110000042000000.18000              
0765000000110753805000538050010042000000.01420              
0765000000110755810001558100020042000000.00050              
0765000000110757011000570100010042000000.10000              
0765000000110757011000570200010042000000.10000              
0765000000110757366024573730000042000025.00000              
0765000000110827802120278011200042000000.01000              
0765000000110857350001573510230042000006.50000              
0765000000110857366024573730000042000030.40000              
0765000000110857373000573660240042000012.00000              
07650000001120530120145301201300  000000.02400              
0765000000112053012015530120130042000000.02400              
0765000000112053805000538050010042000000.11400              
0765000000112655810001558100020042000000.00300              
0765000000113057373000573660240042000000.03500              
0765000000113257011001570110000042000000.00400              
0765000000113261045006610450100042000000.04000              
0765000000113455810001558100020042000000.04000              
0765000000113457373000573660240042000003.80000              
0765000000181361053000610501000042000000.00500              
0786704000010161032005610320060042000000.14500              
0786704000012057366024573730000042000000.15000              
0786704000013657334000573320000042000000.03000              
0786787000310161032005610320060042000000.14500              
0786787000313657334000573320000042000000.03000              
0787002000010131561000315630000042000007.00000              
0787002000010131561000315630020042000007.00000              
0787002000010131561000315630030042000007.00000              
0787002000010131561000315630040042000007.00000              
0787002000010152380000523800030042000000.68000              
0787002000010152380001523800000042000001.50000              
0787002000010152381000523810010042000000.40000              
0787002000010154641100546410000042000125.00000              
0787002000010155810001558100020042000000.03000              
0787002000010156048001552010000042000003.70000              
0787002000010157105000570100010042000003.70000              
0787002000010157205001572050020042000000.50000              
0787002000010157363000573630050042000001.96000              
0787002000010161032005610320060042000004.00000              
0787002000010161053000610501000042000007.00000              
0787002000010452380000523800030042000000.01000              
0787002000010452380001523800000042000000.02000              
0787002000010555810001558100020042000000.03000              
0787002000010557011001570110000042000001.30000              
0787002000010561045006610450050042000000.01500              
0787002000010576025000539870080042000000.01000              
0787002000010755810001558100020042000000.01000              
0787002000010757011000570100010042002300.15000              
0787002000010757011000570200010042002300.15000              
0787002000010757366024573730000042000022.00000              
0787002000010757373000573660240042000033.00000              
0787002000010761045006610450050042000000.01000              
07870020000120530120145301201300  000000.02400              
0787002000012053012015530120130042000000.02400              
0787002000012053805000538050010042000000.11400              
0787002000012057373000573660240042000025.00000              
0787002000012655810001558100020042000000.00300              
0787002000013056177002561610030042000000.01120              
0787002000013057373000573660240042000000.00800              
0787002000013061053000610501000042000000.00500              
0787002000013261045006610450050042000000.01000              
0787002000013455810001558100020042000000.08000              
0787002000013457373000573660240042000003.32500              
0787002000081361053000610501000042000000.00500              
0880808000010776024000760250000042000000.00300              
0880808000012076025000760240000042000000.00300              
1001600000010152380000523800030042000000.09000              
1001600000010152380001523800000042000000.20000              
1001600000010152381000523810010042000000.10000              
1001600000010154641100546410000042000015.00000              
1001600000010155810001558100020042000000.02000              
1001600000010157105000570110000042000001.01000              
1001600000010157363000573000010042000002.00000              
1001600000010557011001570110000042000000.50000              
1001600000010557363000573000010042000000.95000              
1001600000010757105000570110000042000000.80000              
1001600000010757373000573660240042000003.00000              
1001600000010776029003760190010042000000.03000              
1001600000011876029003760190010042000000.25000              
1001600000012052380000523800030042000000.02000              
1001600000012053012015530120130042000000.01000              
1001600000012057373000573660240042000003.00000              
1001600000013057363000573000010042000000.35000              
1001600000013253012015530120130042000000.02000              
1001600000013457011001570110000042000000.80000              
1001600000013457363000573000010042000000.30000              
1001600000013653012015530120130042000000.10000              
1001600000013657363000573000010042000000.35000              
1001609000010776024000760250000042000000.06000              
1001609000011451702006520850080042000000.02000              
1005160000010152380000523800030042000000.02000              
1005160000010557011001570110000042000000.50000              
1005160000010753012015530120130042000000.01000              
1005160000010757373000573660240042000002.00000              
1005160000012052380000523800030042000000.02000              
1005160000013253012015530120130042000000.02000              
1005160000013457011001570110000042000000.20000              
1005160000013653012015530120130042000000.10000              
1005169000010752085008517020060042000000.01000              
1005169000010776024000760250000042000000.18000              
1005169000011452085008517020060042000000.05000              
1005169000011476025000760240000042000000.03000              
1005170000010152380000523800030042000000.01000              
1005170000010553012015530120130042000000.01000              
1005170000010557011001570110000042000000.50000              
1005170000010753012015530120130042000000.01000              
1005170000010757373000573660240042000002.50000              
1005170000010761045006610450050042000000.01000              
1005170000012052380000523800030042000000.02000              
1005170000013457011001570110000042000000.50000              
1005170000013653012015530120130042000000.10000              
1005179000010751702003520850080042000000.01500              
1005179000010776024000760250000042000000.06000              
1005179000011451702003520850080042000001.10000              
1005179000011476025000760240000042000000.01000              
1170000000110557011001570110000042000010.00000              
1170000000110761045006610450100042000000.00500              
1170000000112052162029521620010035000000.00500              
1170000000113057373000573660240042000000.00750              
1170000000113257011001570110000042000000.02000              
1170000000113261045006610450100042000000.05500              
11700000002130530120145301201300  000000.00400              
1170000000213053012015530120130042000000.00500              
1170010000010152380000523800030042000000.34000              
1170010000010161032005610320060042000007.70000              
1170010000010451041815510380080042000000.08000              
1170010000010451338012513110070042000000.00035              
1170010000010452162024521620010042000000.00210              
1170010000010452162029521620010042000000.00490              
1170010000012052162029521620010042000000.00500              
1170010000012053805000538050010042000000.05070              
1170010000012053989011539200000042000000.00500              
1170010000012371850011718500410015000046.00000              
11700100000130530120145301201300  000000.00400              
1170010000013053012015530120130042000000.00500              
1170010000013057373000573660240042000000.00750              
1170010000013453805000538050010042000000.00476              
1170010000013853805000538050010042000000.00710              
1170020000012053805000538050010042000000.05070              
1172100000010152380000523800030042000000.40000              
1172100000010161032005610320060042000006.50000              
1172100000010451041815510380080042000000.24000              
1172100000010452162024521620010042000000.00063              
11721000000104521620295216200100  000000.00147              
1172100000010557011001570110000042000010.00000              
1172100000012053805000538050010042000000.09520              
1172100000012057011001570110000042000322.50000              
1172100000013057373000573660240042000000.00750              
1172100000013257011001570110000042000000.01000              
1172100000013261045006610450100042000000.02800              
1172100300012053805000538050010042000000.09520              
1172110000010152380000523800030042000000.40000              
1172110000010161032005610320060042000006.50000              
1172110000010451041815510380080042000000.24000              
1172110000010452162024521620010042000000.00063              
1172110000010452162029521620010042000000.00147              
1172110000012053805000538050010042000000.09520              
1172167000012076025000760240000042000000.00500              
1172170000012053805000538050010042000000.09520              
1176710000012076025000760240000042000000.02000              
1371500000010152380000523800030042000000.90000              
1371500000010154641100546410000042000005.00000              
1371500000010155201000560480010042000004.49000              
1371500000010155810001558100020042000000.02000              
1371500000010161032005610320060042000000.20000              
1371500000010451798000513600010042000000.17000              
1371500000010557010001570110000042000000.05000              
1371500000010557010001570200010042000000.05000              
1371500000010557011000570100010042000000.05000              
1371500000010557011000570200010042000000.05000              
1371500000010751798000513600010042000000.40000              
1371500000010753012015530120130042000000.03000              
1371500000010755810001558100020042000000.02000              
1371500000010757011000570100010042000002.00000              
1371500000010757011000570200010042000002.00000              
1371500000010757373000573660240042000050.00000              
1371500000010776010001760120010042000000.02000              
1371500000011851798000513600010042000000.03000              
1371500000011853970025539700260042000000.10000              
1371500000011853987025539870260042000000.10000              
1371500000011855201000560480010042000000.10000              
1371500000011855810001558100020042000000.00200              
1371500000011857010001570110000042000000.03000              
1371500000011857010001570200010042000000.03000              
1371500000011857011000570100010042000000.03000              
1371500000011857011000570200010042000000.03000              
1371500000013057373000573660240042000000.02000              
1371500000013461045006610450050042000000.05000              
1371900000010152380000523800030042000000.90000              
1371900000010161032005610320060042000000.20000              
1371900000010557011001570110000042000000.05000              
1371900000010753012015530120130042000000.03000              
1371900000010755810001558100020042000000.02000              
1371900000010757011001570110000042000001.70000              
1371900000010757373000573660240042000050.00000              
1371900000013057373000573660240042000000.02000              
1371900000013457011001570110000042000000.03000              
1371900000013461045006610450050042000000.05000              
1800000000010131561000315630000042000000.50000              
1800000000010131561000315630020042000000.50000              
1800000000010131561000315630030042000000.50000              
1800000000010131561000315630040042000000.50000              
1800000000010154641100546410000042000010.00000              
1800000000010155810001558100020042000000.01000              
1800000000010161053000610501000042000006.00000              
2117173504312076025000760240000042000000.09000              
2260000000010152380000523800030042000000.42000              
2260000000010154641100546410000042000080.00000              
2260000000010155810001558100020042000000.03000              
2260000000010161032005610320060042000000.30000              
2260000000010757366024573730000042000025.00000              
2260000000010757373000573660240042000023.00000              
2260000000010957351006573660240042000001.48600              
2260000000011855810001558100020042000000.05000              
2260000000011857373000573660240042000000.05000              
22600000000120530120145301201300  000000.01800              
2260000000012053012015530120130042000000.01800              
2260000000012053805000538050010042000000.03170              
2260000000013057373000573660240042000000.05000              
22600000000134530120145301201300  000000.30000              
2260000000013453987008539870150042000000.05000              
2260000000013461045006610450050042000000.01000              
2260000000013653012015530120130042000000.30000              
2260000000013657334000573320000042000000.05000              
2260000000013657366024573730000042000000.05000              
2260000000110152380000523800030042000000.42000              
2260000000110161032005610320060042000000.30000              
2260000000110752380000523800030042000000.20000              
2260000000110757366024573730000042000025.00000              
2260000000113057366024573730000042000000.05000              
2260000000113461045006610450050042000000.01000              
2260000000113653012015530120130042000000.30000              
2260000000113657366024573730000042000000.05000              
2260030000010957351006573660240042000001.48600              
2260030000012053805000538050010042000000.03170              
2260030000013453987008539870150042000000.05000              
2260030000013657334000573320000042000000.05000              
2260500000010152380000523800030042000000.05000              
2260500000010152380001523800000042000000.07500              
2260500000010152381000523810010042000000.03800              
2260500000010154641100546410000042000000.50000              
2260500000010155810001558100020042000000.01000              
2260500000010161032005610320060042000000.30000              
2260500000010161053000610501000042000000.30000              
2260500000010757366024573730000042000000.14700              
2260500000010757373000573660240042000000.14700              
22605000000132530120145301201300  000000.00200              
2260801000010776024000760250000042000000.06000              
2260801000011476025000760240000042000000.10000              
2260801007710776024000760250000042000000.06000              
3117001002410152380000523800030042000000.34000              
3117001002410161032005610320060042000007.70000              
3117001002410451041815510380080042000000.08000              
3117001002410452162029521620010042000000.00700              
3117001002412052162029521620010042000000.00500              
3117001002412053805000538050010042000000.05070              
3117001002412053989011539200000042000000.00500              
3117001002413057373000573660240042000000.00750              
3117001002413853805000538050010042000000.00476              
3720024000010131561000315630000042000000.90000              
3720024000010131561000315630020042000000.90000              
3720024000010131561000315630030042000000.90000              
3720024000010131561000315630040042000000.90000              
3720024000010152380000523800030042000000.60000              
3720024000010152380001523800000042000001.30000              
3720024000010152381000523810010042000000.37500              
3720024000010154641100546410000042000000.30000              
3720024000010155810001558100020042000000.02000              
3720024000010156048001552010000042000003.50000              
3720024000010157105000570100010042000000.75000              
3720024000010157205001572050020042000000.22500              
3720024000010157363000573630050042000002.00000              
3720024000010161032005610320060042000004.00000              
3720024000010161053000610501000042000000.30000              
3720024000010452380000523800030042000000.01000              
3720024000010452380001523800000042000000.02000              
3720024000010555810001558100020042000000.03200              
3720024000010557011001570110000042000001.30000              
3720024000010561045006610450050042000000.01500              
3720024000010576025000539870080042000000.01000              
3720024000010755810001558100020042000000.01000              
3720024000010757011000570100010042002300.15000              
3720024000010757011000570200010042002300.15000              
3720024000010757366024573730000042000022.00000              
3720024000010757373000573660240042000047.00000              
3720024000010761045006610450050042000000.01000              
3720024000010761053000610501000042000000.00200              
3720024000012053012015530120130042000000.02400              
3720024000012053805000538070000042000000.18000              
3720024000012057373000573660240042000025.00000              
3720024000012655810001558100020042000000.00300              
3720024000013056177002561610030042000000.01120              
3720024000013057373000573660240042000000.05000              
3720024000013061053000610501000042000000.00250              
3720024000013261045006610450050042000000.01000              
3720024000013455810001558100020042000000.08000              
3720024000013457373000573660240042000105.00000              
3720024000081361053000610501000042000000.00300              
3787006000010131561000315630000042000007.00000              
3787006000010131561000315630020042000007.00000              
3787006000010131561000315630030042000007.00000              
3787006000010131561000315630040042000007.00000              
3787006000010152380000523800030042000000.68000              
3787006000010152380001523800000042000001.30000              
3787006000010152381000523810010042000000.40000              
3787006000010154641100546410000042000125.00000              
3787006000010155810001558100020042000000.03000              
3787006000010156048001552010000042000003.50000              
3787006000010157105000570100010042000001.00000              
3787006000010157205001572050020042000000.36000              
3787006000010157363000573630050042000003.00000              
3787006000010161032005610320060042000004.00000              
3787006000010161053000610501000042000007.00000              
3787006000010452380000523800030042000000.01000              
3787006000010452380001523800000042000000.02000              
3787006000010555810001558100020042000000.03000              
3787006000010557011001570110000042000001.30000              
3787006000010561045006610450050042000000.01500              
3787006000010576025000539870080042000000.01000              
3787006000010755810001558100010042000000.01000              
3787006000010757011000570100010042002300.15000              
3787006000010757011000570200010042002300.15000              
3787006000010757366024573730000042000022.00000              
3787006000010757373000573660240042000047.00000              
3787006000010761045006610450050042000000.01000              
3787006000012053012015530120130042000000.02400              
3787006000012053805000538070000042000000.18000              
3787006000012057373000573660240042000025.00000              
3787006000012655810001558100010042000000.00300              
3787006000013056177002561610030042000000.01120              
3787006000013057373000573660240042000000.05000              
3787006000013061053000610501000042000000.00500              
3787006000013257011001570110000042000000.00100              
3787006000013261045006610450050042000000.01000              
3787006000013455810001558100020042000000.08000              
3787006000013457373000573660240042000003.32500              
3787006000081361053000610501000042000000.00500              
8526000010010757312239573270000042000000.07000              
9001700350010757011001570110000042000976.40000              
9001702150010152380000523800030042000000.06500              
9001702150010161032005610320060042000000.50000              
9001702150010451041815510380080042000000.08000              
9001702150010452162024521620010042000000.00210              
9001702150010452162029521620010042000000.00490              
9001702150010557011001570110000042000005.00000              
9001702150012052380000523800030042000000.10000              
9001702150012053805000538050010042000000.05070              
9001702150012053989011539200000042000000.00500              
9001702150013057373000573660240042000000.00750              
9001702150013261045006610450100042000000.02000              
9001702150013657334000573320000042000000.01000              
9001702150013853805000538050010042000000.00476              
9009010000012357011001570110000042000058.25000              
9014000030010131561000315630000042000000.21000              
9014000030010131561000315630020042000000.21000              
9014000030010131561000315630030042000000.21000              
9014000030010131561000315630040042000000.21000              
9014000030010152380000523800030042000000.42000              
9014000030010152380001523800000042000001.00000              
9014000030010152381000523810010042000000.46000              
9014000030010154641100546410000042000000.08500              
9014000030010155810001558100020042000000.00200              
9014000030010156048001552010000042000003.70000              
9014000030010157105000570100010042000000.87000              
9014000030010157205001572050020042000000.32500              
9014000030010157363000573630050042000002.28000              
9014000030010161032005610320060042000000.80000              
9014000030010161053000610501000042000000.25000              
9014000030010452380000523800030042000000.01000              
9014000030010452380001523800000042000000.02000              
9014000030010555810001558100020042000000.01000              
9014000030010576025000539870080042000000.00500              
9014000030010752162029521620010042000000.02000              
9014000030010755810001558100020042000000.01000              
9014000030010757011000570100010042002500.15000              
9014000030010757011000570200010042002500.15000              
9014000030010757366024573730000042000022.00000              
9014000030010757373000573660240042000033.00000              
9014000030010761045006610450050042000000.01000              
90140000300120530120145301201300  000000.02400              
9014000030012053012015530120130042000000.02400              
9014000030012053805000538050010042000000.11400              
9014000030012057373000573660240042000025.00000              
9014000030013055810001558100020042000000.00300              
9014000030013056177002561610030042000000.01120              
9014000030013453805000538050010042000000.04570              
9014000030013455810001558100020042000000.01000              
9014000030013457011001570110000042000000.10000              
9014000030013457373000573660240042000003.32500              
9014000030013653805000538050010042000000.04280              
9014000030081361053000610501000042000000.00500              
9017000240010757011000570100010042003430.00000              
9017000240010757011000570200010042003430.00000              
9017000240010757020001570110000042003430.00000              
9017000240010757301001573000010042000003.00000              
9017001850010451041815510380080042000000.08000              
9017001850010452162024521620010042000000.00210              
9017001850010452162029521620010042000000.00490              
9017001850012052380000523800030042000000.10000              
9017001850012053805000538050010042000000.05080              
9017001850012053989011539200000042000000.00500              
9017001850013657334000573320000042000000.01000              
9017001850013853805000538050010042000000.00476              
9017001940010131561000315630000042000000.01000              
9017001940010131561000315630020042000000.01000              
9017001940010131561000315630030042000000.01000              
9017001940010131561000315630040042000000.01000              
9017001940010152380000523800030042000000.06500              
9017001940010152380001523800000042000000.10500              
9017001940010152381000523810010042000000.05000              
9017001940010155201000552010000042000001.26000              
9017001940010155810001558100020042000000.00100              
9017001940010157105000570100010042000000.10000              
9017001940010157205001572050020042000000.10000              
9017001940010157363000573630050042000000.20000              
9017001940010161032005610320060042000000.50000              
9017001940010161053000610501000042000000.00400              
9017001940010451041815510380080042000000.08000              
9017001940010452162024521620010042000000.00210              
9017001940010452162029521620010042000000.00490              
9017001940010455810001558100020042000000.00030              
9017001940010554641100546410000042000000.01200              
9017001940010557011001570110000042000005.00000              
9017001940010557301000573000010042000000.20000              
9017001940010752380001523800000042000000.12000              
9017001940010757011000570100010042000100.00000              
9017001940010757011000570200010042000100.00000              
9017001940010757301001573000010042000004.76000              
9017001940010757306000573540000042000007.70000              
9017001940010757354000573060000042000007.70000              
9017001940012052380000523800030042000000.10000              
9017001940012053805000538050010042000000.05070              
9017001940012053989011539200000042000000.00500              
9017001940013057373000573660240042000000.00750              
9017001940013261045006610450100042000000.02000              
9017001940013657334000573320000042000000.01000              
9017001940013853805000538050010042000000.00476              
9017001941010131561000315630000042000000.01000              
9017001941010131561000315630020042000000.01000              
9017001941010131561000315630030042000000.01000              
9017001941010131561000315630040042000000.01000              
9017001941010152380000523800030042000000.06500              
9017001941010152380001523800000042000000.10500              
9017001941010152381000523810010042000000.05000              
9017001941010155810001558100020042000000.00100              
9017001941010161032005610320060042000000.50000              
9017001941010161053000610501000042000000.00400              
9017001941010451041815510380080042000000.08000              
9017001941010452162024521620010042000000.00210              
9017001941010452162029521620010042000000.00490              
9017001941010455810001558100020042000000.00030              
9017001941010554641100546410000042000000.01200              
9017001941010557011001570110000042000005.00000              
9017001941010557301000573000010042000000.20000              
9017001941010752380001523800000042000000.12000              
9017001941010757011000570100010042000100.00000              
9017001941010757011000570200010042000100.00000              
9017001941010757301001573000010042000004.76000              
9017001941010757306000573540000042000007.70000              
9017001941010757354000573060000042000007.70000              
9017001941012052380000523800030042000000.10000              
9017001941012053805000538050010042000000.05070              
9017001941012053989011539200000042000000.00500              
9017001941013057373000573660240042000000.00750              
9017001941013261045006610450100042000000.02000              
9017001941013657334000573320000042000000.01000              
9017001941013853805000538050010042000000.00476              
9017002160010131561000315630000042000000.01000              
9017002160010131561000315630020042000000.01000              
9017002160010131561000315630030042000000.01000              
9017002160010131561000315630040042000000.01000              
9017002160010152380000523800030042000000.06500              
9017002160010152380001523800000042000000.10500              
9017002160010152381000523810010042000000.05000              
9017002160010155810001558100020042000000.00100              
9017002160010161032005610320060042000000.50000              
9017002160010161053000610501000042000000.00400              
9017002160010451041815510380080042000000.08000              
9017002160010452162024521620010042000000.00210              
9017002160010452162029521620010042000000.00490              
9017002160010455810001558100020042000000.00030              
9017002160010554641100546410000042000000.01200              
9017002160010557011001570110000042000005.00000              
9017002160010557301000573000010042000000.20000              
9017002160010752380001523800000042000000.12000              
9017002160010757011000570100010042000100.00000              
9017002160010757011000570200010042000100.00000              
9017002160010757301001573000010042000004.76000              
9017002160010757306000573540000042000007.70000              
9017002160010757354000573060000042000007.70000              
9017002160012052380000523800030042000000.10000              
9017002160012053805000538050010042000000.05070              
9017002160012053989011539200000042000000.00500              
9017002160013057373000573660240042000000.00750              
9017002160013261045006610450100042000000.02000              
9017002160013657334000573320000042000000.01000              
9017002160013853805000538050010042000000.00476              
9017002161110131561000315630000042000000.01000              
9017002161110131561000315630020042000000.01000              
9017002161110131561000315630030042000000.01000              
9017002161110131561000315630040042000000.01000              
9017002161110152380000523800030042000000.06500              
9017002161110152380001523800000042000000.10500              
9017002161110152381000523810010042000000.05000              
9017002161110155810001558100020042000000.00100              
9017002161110161032005610320060042000000.50000              
9017002161110161053000610501000042000000.00400              
9017002161110451041815510380080042000000.08000              
9017002161110452162024521620010042000000.00210              
9017002161110452162029521620010042000000.00490              
9017002161110455810001558100020042000000.00030              
9017002161110554641100546410000042000000.01200              
9017002161110557011001570110000042000005.00000              
9017002161110557301000573000010042000000.20000              
9017002161110752380001523800000042000000.12000              
9017002161110757011000570100010042000100.00000              
9017002161110757011000570200010042000100.00000              
9017002161110757301001573000010042000004.76000              
9017002161110757306000573540000042000007.70000              
9017002161110757354000573060000042000007.70000              
9017002161112052380000523800030042000000.10000              
9017002161112053805000538050010042000000.05070              
9017002161112053989011539200000042000000.00500              
9017002161113057373000573660240042000000.00750              
9017002161113261045006610450100042000000.02000              
9017002161113657334000573320000042000000.01000              
9017002161113853805000538050010042000000.00476              
9017003150010152380000523800030042000000.06500              
9017003150010161032005610320060042000000.50000              
9017003150010451041815510380080042000000.08000              
9017003150010452162024521620010042000000.00210              
9017003150010452162029521620010042000000.00490              
9017003150010557011001570110000042000005.00000              
9017003150012052380000523800030042000000.10000              
9017003150012053805000538050010042000000.05070              
9017003150012053989011539200000042000000.00500              
9017003150013057373000573660240042000000.00750              
9017003150013261045006610450100042000000.02000              
9017003150013657334000573320000042000000.01000              
9017003150013853805000538050010042000000.00476              
9017004120010161032005610320060042000000.50000              
9017004120010451041815510380080042000000.08000              
9017004120010452162024521620010042000000.00210              
9017004120010452162029521620010042000000.00490              
9017004120012052380000523800030042000000.10000              
9017004120012053805000538050010042000000.05080              
9017004120012053989011539200000042000000.00500              
9017004120013657334000573320000042000000.01000              
9017004120013853805000538050010042000000.00476              
9017004190012052380000523800030042000000.10000              
9017004190012053805000538050010042000000.05070              
9017004190013853805000538050010042000000.00476              
9017004220010451041815510380080042000000.08000              
9017004220010452162024521620010042000000.00210              
9017004220010452162029521620010042000000.00490              
9017004220012052380000523800030042000000.10000              
9017004220012053805000538050010042000000.05070              
9017004220012053989011539200000042000000.00500              
9017004220013853805000538050010042000000.00476              
9017004320010451041815510380080042000000.08000              
9017004320010452162024521620010042000000.00210              
9017004320010452162029521620010042000000.00490              
9017004320012052380000523800030042000000.10000              
9017004320012053805000538050010042000000.05070              
9017004320012053989011539200000042000000.00500              
9017004320013853805000538050010042000000.00476              
9022600000010957351006573660240042000077.22000              
9024000030010131561000315630000042000000.18000              
9024000030010131561000315630020042000000.18000              
9024000030010131561000315630030042000000.18000              
9024000030010131561000315630040042000000.18000              
9024000030010152380000523800030042000000.38000              
9024000030010152380001523800000042000000.80000              
9024000030010152381000523810010042000000.37500              
9024000030010154641100546410000042000000.25000              
9024000030010155810001558100020042000000.00200              
9024000030010156048001552010000042000003.50000              
9024000030010157105000570100010042000000.75000              
9024000030010157205001572050020042000000.22500              
9024000030010157363000573630050042000002.00000              
9024000030010161032005610320060042000000.90000              
9024000030010161053000610501000042000000.27000              
9024000030010452380000523800030042000000.01000              
9024000030010452380001523800000042000000.02000              
9024000030010555810001558100020042000000.01000              
9024000030010576025000539870080042000000.00500              
9024000030010752162029521620010042000000.02000              
9024000030010755810001558100020042000000.01000              
9024000030010757011000570100010042002500.15000              
9024000030010757011000570200010042002500.15000              
9024000030010757366024573730000042000022.00000              
9024000030010757373000573660240042000033.00000              
9024000030010761045006610450050042000000.01000              
9024000030010761053000610501000042000000.00200              
90240000300120530120145301201300  000000.02400              
9024000030012053012015530120130042000000.02400              
9024000030012053805000538050010042000000.11400              
9024000030012057373000573660240042000025.00000              
9024000030013055810001558100020042000000.00300              
9024000030013056177002561610030042000000.01120              
9024000030013453805000538050010042000000.04570              
9024000030013455810001558100020042000000.01000              
9024000030013457011001570110000042000000.10000              
9024000030013457373000573660240042000003.32500              
9024000030013653805000538050010042000000.04280              
9024000030081361053000610501000042000000.00300              
9051005001012053805000538050010042000000.06700              
9051005001012053989011539220000042000000.03000              
9051005001013453805000538050010042000000.01428              
9051005001013853805000538050010042000000.00952              
9051005001112053805000538050010042000000.06700              
9051005001113453805000538050010042000000.01428              
9051005001113853805000538050010042000000.00952              
9052601700012052380000523800030042000000.05000              
9054000900010757011001570110000042001320.00000              
9054001001012052162029521620010042000000.01000              
9054001001012052380000523800030042000000.10000              
9054001001012053805000538050010042000000.12670              
9054001001012053920000539890110042000000.02300              
9054001001012053989011539200000042000000.02300              
9054001001013057373000573660240042000000.08000              
90540010010134530120145301201300  000000.01000              
9054001001013453805000538050010042000000.00095              
90540010010136530120145301201300  000000.01000              
90540010010136530120155301201300  000000.01000              
9054001001013853805000538050010042000000.04280              
9056000020010152380000523800030042000000.04500              
9056000020010152380001523800000042000000.07000              
9056000020010152381000523810010042000000.04000              
9056000020010154641100546410000042000000.60000              
9056000020010155810001558100020042000000.00600              
9056000020010156048001552010000042000001.00000              
9056000020010157105000570100010042000000.18000              
9056000020010157205001572050020042000000.09000              
9056000020010157363000573630050042000000.50000              
9056000020010161032005610320060042000000.90000              
9056000020010161053000610501000042000000.01500              
9056000020010557010001570200010042000000.50000              
9056000020010557011000570100010042000000.50000              
9056000020010557011000570200010042000000.50000              
9056000020010752380001523800000042000000.20000              
9056000020010757010001570200010042000001.53000              
9056000020010757011000570100010042000001.53000              
9056000020010757011000570200010042000001.53000              
9056000020010757300001573010000042000000.25000              
9056000020010757301001573000010042000000.21500              
9056000020010757306000573540000042000000.05000              
9056000020010757354000573060000042000000.05000              
9056000020010857010001570200010042000010.00000              
9056000020010857011000570100010042000010.00000              
9056000020010857011000570200010042000010.00000              
9056000020010857301000573000010042000003.00000              
9056000020010857354000573060000042000007.00000              
9056000020012052380000523800030042000000.20000              
9061000010010555810001558100020042000000.02000              
9062000180010757011000570100010042003000.00000              
9062000180010757011000570200010042003000.00000              
9062000180010857011001570110000042003700.00000              
9062000290010857011001570110000042003000.00000              
9062001290010131561000315630000042000000.01000              
9062001290010131561000315630020042000000.01000              
9062001290010131561000315630030042000000.01000              
9062001290010131561000315630040042000000.01000              
9062001290010152380001523800000042000000.37500              
9062001290010152381000523810010042000000.25000              
9062001290010161053000610501000042000000.01000              
9062001290010752380001523800000042000000.22500              
9062001290010753920000539890100042000000.01300              
9062001290010761053000610501000042000000.08700              
9062001290012653920000539890100042000000.02500              
9062001290012661053000610501000042000000.00100              
9062001290210131561000315630000042000000.01000              
9062001290210131561000315630020042000000.01000              
9062001290210131561000315630030042000000.01000              
9062001290210131561000315630040042000000.01000              
9062001290210152380001523800000042000000.37500              
9062001290210152381000523810010042000000.25000              
9062001290210161053000610501000042000000.01000              
9062001290210752380001523800000042000000.22500              
9062001290210753920000539890100042000000.01300              
9062001290210761053000610501000042000000.08700              
9062001290212653920000539890100042000000.02500              
9062001290212661053000610501000042000000.00100              
9062001291210152380000523800030042000000.17000              
9062001291210154641100546410000042000003.00000              
9062001291210155810001558100020042000000.00025              
9062001291210161032005610320060042000000.90000              
9062001291210452162024521620010042000000.00540              
9062001291210452162029521620010042000000.01260              
9062001291210455810001558100020042000000.00030              
9062001291210753920000539890100042000000.01300              
9062001291210757011000570100010042000066.00000              
9062001291210757011000570200010042000066.00000              
9062001291210757301000573000010042000001.00000              
9062001291210757306000573540000042000024.40000              
9062001291210757354000573060000042000024.40000              
9062001291210761045006610450050042000000.01900              
9062001291212052162029521620010042000000.05000              
9062001291212052380000523800030042000000.20000              
9062001291212053805000538050010042000000.28570              
9062001291212053989011539200000042000000.03800              
9062001291212057301000573000010042000004.80000              
9062001291213053920000539890100042000000.02500              
9062001291213453805000538050010042000000.06090              
9062001291213853805000538050010042000000.01230              
9062001400010131561000315630000042000000.01000              
9062001400010131561000315630020042000000.01000              
9062001400010131561000315630030042000000.01000              
9062001400010131561000315630040042000000.01000              
9062001400010152380001523800000042000000.37500              
9062001400010152381000523810010042000000.25000              
9062001400010161053000610501000042000000.01000              
9062001400010752380001523800000042000000.22500              
9062001400010753920000539890100042000000.01300              
9062001400010761053000610501000042000000.08700              
9062001400012653920000539890100042000000.02500              
9062001400012661053000610501000042000000.00100              
9062001400310131561000315630000042000000.01000              
9062001400310131561000315630020042000000.01000              
9062001400310131561000315630030042000000.01000              
9062001400310131561000315630040042000000.01000              
9062001400310152380001523800000042000000.37500              
9062001400310152381000523810010042000000.25000              
9062001400310161053000610501000042000000.01000              
9062001400310752380001523800000042000000.22500              
9062001400310753920000539890100042000000.01300              
9062001400310761053000610501000042000000.08700              
9062001400312653920000539890100042000000.02500              
9062001400312661053000610501000042000000.00100              
9062001401310152380000523800030042000000.17000              
9062001401310154641100546410000042000003.00000              
9062001401310155810001558100020042000000.00025              
9062001401310156048001552010000042000002.30000              
9062001401310157105000570100010042000000.50000              
9062001401310157205001572050020042000000.20000              
9062001401310157363000573630050042000000.76000              
9062001401310161032005610320060042000000.90000              
9062001401310452162024521620010042000000.00540              
9062001401310452162029521620010042000000.01260              
9062001401310455810001558100020042000000.00030              
9062001401310753920000539890100042000000.01300              
9062001401310757011000570100010042000066.00000              
9062001401310757011000570200010042000066.00000              
9062001401310757301000573000010042000010.50000              
9062001401310757306000573540000042000024.40000              
9062001401310757354000573060000042000024.40000              
9062001401310761045006610450050042000000.01900              
9062001401312052162029521620010042000000.05000              
9062001401312052380000523800030042000000.20000              
9062001401312053805000538050010042000000.28570              
9062001401312053989011539200000042000000.03800              
9062001401312057301000573000010042000008.30000              
9062001401313053920000539890100042000000.02500              
9062001401313453805000538050010042000000.06090              
9062001401313853805000538050010042000000.01230              
9062001500010152380000523800030042000000.17000              
9062001500010154641100546410000042000003.00000              
9062001500010155810001558100020042000000.00025              
9062001500010161032005610320060042000000.90000              
9062001500010161053000610501000042000000.00600              
9062001500010452162024521620010042000000.00540              
9062001500010452162029521620010042000000.01260              
9062001500010455810001558100020042000000.00030              
9062001500010753920000539890100042000000.01300              
9062001500010757011000570100010042000066.00000              
9062001500010757011000570200010042000066.00000              
9062001500010757301000573000010042000006.55000              
9062001500010757306000573540000042000024.40000              
9062001500010757354000573060000042000024.40000              
9062001500010761045006610450050042000000.01900              
9062001500010761053000610501000042000000.08700              
9062001500012052162029521620010042000000.05000              
9062001500012052380000523800030042000000.20000              
9062001500012053805000538050010042000000.28570              
9062001500012053989011539200000042000000.03800              
9062001500012057301000573000010042000004.80000              
9062001500012661053000610501000042000000.00100              
9062001500013053920000539890100042000000.02500              
9062001500013453805000538050010042000000.06090              
9062001500013853805000538050010042000000.01230              
9062001500312052380000523800030042000000.20000              
9062001500312053805000538050010042000000.28570              
9062001500313453805000538050010042000000.06090              
9062001500313853805000538050010042000000.01230              
9062001500412052380000523800030042000000.20000              
9062001500412053805000538050010042000000.28570              
9062001500413453805000538050010042000000.06090              
9062001500413853805000538050010042000000.01230              
9062001510010152380000523800030042000000.14000              
9062001510010154641100546410000042000003.00000              
9062001510010155810001558100020042000000.00025              
9062001510010161032005610320060042000000.90000              
9062001510010452162024521620010042000000.00540              
9062001510010452162029521620010042000000.01260              
9062001510010455810001558100020042000000.00030              
9062001510010753920000539890100042000000.01300              
9062001510010757011000570100010042000066.00000              
9062001510010757011000570200010042000066.00000              
9062001510010757301000573000010042000010.50000              
9062001510010757306000573540000042000024.40000              
9062001510010757354000573060000042000024.40000              
9062001510010761045006610450050042000000.01900              
9062001510012052162029521620010042000000.05000              
9062001510012052380000523800030042000000.20000              
9062001510012053805000538050010042000000.28570              
9062001510012053989011539200000042000000.03800              
9062001510012057301000573000010042000008.30000              
9062001510013053920000539890100042000000.02500              
9062001510013453805000538050010042000000.06090              
9062001510013853805000538050010042000000.01230              
9062001510312052380000523800030042000000.20000              
9062001510312053805000538050010042000000.28570              
9062001510312053989011539200000042000000.03800              
9062001510313453805000538050010042000000.06090              
9062001510313853805000538050010042000000.01230              
9062001510412052380000523800030042000000.20000              
9062001510412053805000538050010042000000.28570              
9062001510412053989011539200000042000000.03800              
9062001510413453805000538050010042000000.06090              
9062001510413853805000538050010042000000.01230              
9063000010010752162024521620010042000000.20000              
9063000010010757373000573660240042000020.00000              
90630000100120530120145301201300  000000.00800              
9063000010012053805000538050010042000000.38000              
9064000010012053805000538050010042000000.03800              
9064000020010752162024521620010042000000.20000              
9064000020010757373000573660240042000020.00000              
90640000200120530120145301201300  000000.00800              
9065001002010757011001570110000042000050.00000              
9065001002010757301000573000010042000001.00000              
9065001002012057373000573660240042000000.50000              
9066000010010161032005610320060042000002.20000              
9066000010010752162029521620010042000000.30000              
9066000010010757373000573660240042000025.00000              
90660000100120530120145301201300  000000.01600              
9066000010012053012015530120130042000000.01600              
9066000010012053805000538050010042000000.03800              
9066000010013453805000538050010042000000.04570              
9066000010013653805000538050010042000000.04280              
9072000010010757011000570100010042100000.00000              
9072000010010757011000570200010042100000.00000              
9072000010010757373000573660240042000105.00000              
9072000010012057373000573660240042000105.00000              
9170021000010757011001570110000042001401.20000              
9202000040010451338012513110070042000000.00502              
9202000040010461053000610501000042000000.01000              
9202000040010557011001570110000042000000.08000              
9202000040010557301000573000010042000000.08500              
9202000040010752380001523800000042000000.01620              
9202000040010755810001558100020042000000.00002              
9202000040012052162029521620010042000000.01300              
9202000040012052380000523800030042000000.08620              
92020000400120530120145301201300  000000.00500              
9202000040012053012015530120130042000000.00500              
9202000040012057503000575250010042000001.30000              
9202000040012058050001580500000042000000.02000              
9202000040013053012015530120130042000000.00140              
9202000040013056177002561610030042000000.01000              
92020000400138530120145301201300  000000.00140              
9202000040081361053000610501000042000000.00240              
9202000040110461053000610501000042000000.01000              
9202000040110557301000573000010042000000.00400              
9202000040110752380001523800000042000000.01620              
9202000040110755810001558100020042000000.00002              
9202000040110757301000573000010042000000.20000              
9202000040112052162029521620010042000005.00000              
9202000040112052380000523800030042000000.01620              
92020000401120530120145301201300  000000.00500              
9202000040112053012015530120130042000000.00500              
9202000040112057503000575250010042000001.30000              
9202000040112058050001580500000042000000.02000              
9202000040181361053000610501000042000000.00240              
9202000370010827801080278020800042000000.15000              
9202000370010827801100278021000042000000.20000              
9202000370010827801140278021400042000000.25000              
9202000370010827801200278022000042000000.33000              
9202000370010827802120278011200042000000.20000              
9202000370010855810001558100020042000000.12000              
9202000480010827801080278020800042000000.15000              
9202000480010827801100278021000042000000.20000              
9202000480010827801140278021400042000000.25000              
9202000480010827801200278022000042000000.33000              
9202000480010827802120278011200042000000.20000              
9202000480010855810001558100020042000000.12000              
9202000590010827801080278020800042000000.04000              
9202000590010827801100278021000042000000.10000              
9202000590010827801140278021400042000000.10000              
9202000590010827801200278022000042000000.33000              
9202000590010827802120278011200042000000.10000              
9202000590010855810001558100020042000000.08000              
9202000590010871100004711050400042000000.30000              
9202000700010752162024521620010042000004.00000              
9202000700010827801100278021000042000000.05000              
9202000700010827801140278021400042000000.10000              
9202000810010827801080278020800042000000.05000              
9202000810010827801100278021000042000000.05000              
9202000810010827801140278021400042000000.05000              
9202000810010855810001558100020042000000.02500              
9202000810010871100004711050400042000000.30000              
9202000920010827801080278020800042000000.05000              
9202000920010827801100278021000042000000.05000              
9202000920010827801140278021400042000000.05000              
9202000920010855810001558100020042000000.02500              
9212000030010131561000315630000042000000.80000              
9212000030010131561000315630020042000000.80000              
9212000030010131561000315630030042000000.80000              
9212000030010131561000315630040042000000.80000              
9212000030010152380000523800030042000000.03750              
9212000030010152380001523800000042000000.03750              
9212000030010152381000523810010042000000.06500              
9212000030010154641100546410000042000003.00000              
9212000030010155810001558100020042000000.00400              
9212000030010161053000610501000042000000.10000              
9212000030010452162024521620010042000000.01620              
92120000300104521620295216200100  000000.03780              
9212000030010557011001570110000042000000.12000              
9212000030010757312239573270000042000008.00000              
92120000300120530120145301201300  000000.00800              
9212000030012053012015530120130042000000.00800              
9212000030012053805000538050010042000000.03800              
9212000030012357311001580600020042000000.01500              
9212000030012655810001558100020042000000.00100              
9212000030013053012014530120130042000000.00140              
92120000300132530120145301201300  000000.00140              
9212000030013253012015530120130042000000.00140              
9212000030013256161003561770020042000000.00050              
9212000030013455810001558100020042000000.05000              
9212000030081361053000610501000042000000.00240              
9212000700010131561000315630000042000000.30000              
9212000700010131561000315630020042000000.30000              
9212000700010131561000315630030042000000.30000              
9212000700010131561000315630040042000000.30000              
9212000700010152380000523800030042000000.03750              
9212000700010152380001523800000042000000.03750              
9212000700010152381000523810010042000000.07500              
9212000700010154641100546410000042000001.00000              
9212000700010155810001558100020042000000.00100              
9212000700010161053000610501000042000000.05000              
92120007000104521620245216200100  000000.01620              
9212000700010452162029521620010042000000.03870              
9212000700010555810001558100020042000000.02000              
9212000700010752162024521620010042000000.03500              
9212000700010757312239573270000042000008.00000              
92120007000120530120145301201300  000000.00800              
9212000700012053012015530120130042000000.00800              
9212000700012053805000538050000042000000.03800              
9212008000010751338012517020060042000000.08500              
9212008000010751702006513380120042000000.00500              
9212008000012076025000760240000042000000.01000              
9212008007710151338012517020060042000000.00500              
9212008007710751338012517020060042000000.00500              
9212008007712076025000760240000042000000.01000              
9215000060010131561000315630000042000000.50000              
9215000060010131561000315630020042000000.50000              
9215000060010131561000315630030042000000.50000              
9215000060010131561000315630040042000000.50000              
9215000060010154641100546410000042000000.80000              
9215000060010155810001558100020042000000.00400              
9215000060010161053000610501000042000000.16000              
9215000060010452162024521620010042000000.00180              
9215000060010452162029521620010042000000.00420              
9215000060010757312239573270000042000002.85000              
92150000600120530120145301201300  000000.00800              
9215000060012053012015530120130042000000.00800              
9215000060012053805000538050010042000000.03800              
9215000060012655810001558100020042000000.00100              
9215000060013053012014530120130042000000.00140              
92150000600132530120145301201300  000000.00140              
9215000060013253012015530120130042000000.00140              
9215000060013256161003561770020042000000.01170              
9215000060013455810001558100020042000000.04000              
9215000060013661045006610450050042000000.01900              
9215000060081361053000610501000042000000.00240              
9215000060110131561000315630000042000000.09500              
9215000060110131561000315630020042000000.09500              
9215000060110131561000315630030042000000.09500              
9215000060110131561000315630040042000000.09500              
9215000060110161053000610501000042000000.02000              
9215000060110431561000315630020042000000.09500              
9215000060110431561000315630030042000000.09500              
9215000060110431561000315630040042000000.09500              
9215000060110452162024521620010042000000.00180              
9215000060110452162029521620010042000000.00420              
9215000060110752162024521620010042000000.01000              
9215000060110757312239573270000042000002.85000              
92150000601120530120145301201300  000000.00800              
9215000060112053012015530120130042000000.00800              
9215000060112053805000538050010042000000.03800              
9215000060181361053000610501000042000000.00240              
9216000070010161053000610501000042000000.01800              
9216000070010757011001570110000042000000.15000              
9216000070010757312239573270000042000000.36000              
9216000070013256161003561770020042000000.00170              
9216000070081361053000610501000042000000.00040              
9216000070110161053000610501000042000000.00200              
9216000070110752162024521620010042000001.71000              
9216000070110757011001570110000042000000.15000              
9216000070110761045006610450050042000000.04500              
9216000070112357311001580600020042000000.01500              
9216000070181361053000610501000042000000.00040              
9217000200010131561000315630000042000001.00000              
9217000200010131561000315630020042000001.00000              
9217000200010131561000315630030042000001.00000              
9217000200010131561000315630040042000001.00000              
9217000200010152380000523800030042000000.03750              
9217000200010152380001523800000042000000.03750              
9217000200010152381000523810010042000000.06500              
9217000200010154641100546410000042000001.80000              
9217000200010155810001558100020042000000.01200              
9217000200010161053000610501000042000000.38000              
9217000200010557011001570110000042000000.08000              
9217000200010727312239573270000042000003.45000              
9217000200010755810001558100020042000000.00200              
92170002000107573122395732700000  000003.45000              
92170002000120530120145301201300  000000.01600              
9217000200012053012015530120130042000000.01600              
9217000200012053805000538050010042000000.07600              
9217000200012655810001558100020042000000.00200              
92170002000130530120145301201300  000000.00140              
92170002000132530120145301201300  000000.00140              
9217000200013253012015530120130042000000.00140              
9217000200013256161003561770020042000000.00230              
9217000200013655810001558100020042000000.04000              
9217000200081361053000610501000042000000.00240              
9217000200110131561000315630000042000000.90000              
9217000200110131561000315630020042000000.90000              
9217000200110131561000315630030042000000.90000              
9217000200110131561000315630040042000000.90000              
9217000200110152380000523800030042000000.03750              
9217000200110152380001523800000042000000.03750              
9217000200110152381000523810010042000000.07500              
9217000200110154641100546410000042000000.70000              
9217000200110155810001558100020042000000.00500              
9217000200110161053000610501000042000000.10000              
9217000200110752162024521620010042000000.03000              
9217000200110755810001558100020042000000.00200              
9217000200110757312239573270000042000003.45000              
92170002001120530120145301201300  000000.01600              
9217000200112053012015530120130042000000.01600              
9217000200112053805000538050010042000000.07600              
9217000200181361053000610501000042000000.00240              
9217000530010855810001558100020042000000.12000              
9217000530010871100004711050400042000000.30000              
9217000640010827801080278020800042000000.04000              
9217000640010855810001558100020042000000.02000              
9217008000010751338012517020060042000000.08000              
9217008000010751702006513380120042000000.08000              
9217008000012076025000760240000042000000.01000              
9217008007710151338012517020060042000000.01000              
9217008007710751338012517020060042000000.08000              
9217008007712076025000760240000042000000.01000              
9226000000010957351006573660240042000001.48600              
9226000000012053805000538050010042000000.03170              
9226050000010757373000573660240042000000.14700              
9252000010010131561000315630000042000000.20000              
9252000010010131561000315630020042000000.20000              
9252000010010131561000315630030042000000.20000              
9252000010010131561000315630040042000000.20000              
9252000010010152380000523800030042000000.50000              
9252000010010152380001523800000042000000.70000              
9252000010010152381000523810010042000000.40000              
9252000010010154641100546410000042000000.40000              
9252000010010161032005610320060042000002.00000              
9252000010010161053000610501000042000000.10000              
9252000010010555810001558100020042000000.01000              
9252000010010752162029521620010042000000.30000              
9252000010010753805000538050010042000000.01420              
9252000010010755810001558100020042000000.00050              
9252000010010757011000570100010042000001.00000              
9252000010010757011000570200010042000001.00000              
9252000010010757366024573730000042000025.00000              
9252000010010757373000573660240042000023.00000              
9252000010010827802120278011200042000000.01000              
9252000010010857350001573510230042000006.50000              
9252000010010857373000573660240042000012.00000              
92520000100120530120145301201300  000000.02400              
9252000010012053012015530120130042000000.02400              
9252000010012053805000538050010042000000.11400              
9252000010013055810001558100020042000000.00300              
9252000010013453805000538050010042000000.04570              
9252000010013455810001558100020042000000.01000              
9252000010013457373000573660240042000003.32500              
9252000010013653805000538050010042000000.04280              
9252000010081361053000610501000042000000.00500              
9252000010110753805000538050010042000000.01420              
9252000010112053805000538050010042000000.11400              
9252000010113453805000538050010042000000.04570              
9252000010113653805000538050010042000000.04280              
9252000680010827801140278021400042000000.10000              
9252000680010855810001558100020042000000.08000              
9301010830010776024000760250000042000000.01000              
9303100820012076025000760240000042000000.01000              
9318900000012076025000760240000042000000.09000              
9319000000012076025000760240000042000000.09000              
9542170000010152380000523800030042000000.03750              
9542170000010161045006610450050042000000.05000              
9542170000010557011001570110000042000000.08000              
9542170000010757312239573270000042000003.45000              
95421700000120530120145301201300  000000.01600              
9542170000012053012015530120130042000000.01600              
9542170000012053805000538050010042000000.07600              
9542170000013053012014530120130042000000.00140              
9542170000013053012015530120130042000000.01600              
95421700000132530120145301201300  000000.00140              
9542170000013253012015530120130042000000.00140              
9542170000013256161003561770020042000000.00230              
9542190000012057503000575250010042000000.50000              
9542710000010751338012517020060042000000.08000              
9542710000010751702006513380120042000000.08000              
9542710000012076025000760240000042000000.01000              
9560000400010857011000570100010042003200.00000              
9560000400010857011000570200010042003200.00000              
9560000400010857020001570100010042003200.00000              
9560000400010857301000573000010042000001.00000              
9662580500012076024000760250000042000000.06000              
9662580800012076024000760250000042000000.06000              
9787000010010757011000570100010042100000.00000              
9787000010010757011000570200010042100000.00000              
9787000010010757373000573660240042000105.00000              
9787000010012057373000573660240042000105.00000              
9815008000010751338012517020060042000000.07000              
9815008000010751702006513380120042000000.07000              
9815008000012076025000760240000042000000.01000              
9815008007710151338012517020060042000000.01500              
9815008007710751338012517020060042000000.07000              
9815008007712076025000760240000042000000.01000              
9816000020010757011001570110000042000000.15000              
9816000020010757312239573270000042000000.32000              
9816000020012357311001580600020042000000.01500              
9816000020013256161003561770020042000000.00170              
9816000020110752162024521620010042000001.53000              
9816000020110757011001570110000042000000.15000              
9816000020110761045006610450050042000000.04000              
9816000020112357311001580600020042000000.01500              
98160080000101513380125170200600  000000.01500              
9816008000010751338012517020060042000000.08000              
9816008000010751702006513380120042000000.08000              
9816008000012076025000760240000042000000.03000              
9816008007710151338012517020060042000000.01500              
9816008007710751338012517020060042000000.08000              
9816008007712076025000760240000042000000.03000              
9819000160010452162024521620010042000000.00270              
9819000160010452162029521620010042000000.00630              
9819000160010557301000573000010042000000.01500              
9819000160010752380001523800000042000000.01500              
9819000160010755810001558100020042000000.00002              
9819000160010757301000573000010042000000.29200              
9819000160012052162029521620010042000000.00700              
9819000160012052380000523800030042000000.01500              
98190001600120530120145301201300  000000.00500              
9819000160012053012015530120130042000000.00500              
9819000160012057503000575250010042000001.30000              
9819000160012058050001580500000042000000.02000              
9819000160013053012015530120130042000000.00280              
9819000160013056177002561610030042000000.01000              
98190001600138530120145301201300  000000.00280              
9819000160110452162024521620010042000000.00270              
9819000160110452162029521620010042000000.00630              
9819000160110752380001523800000042000000.01500              
9819000160110755810001558100020042000000.00002              
9819000160110757301000573000010042000000.29200              
9819000160112052162029521620010042000005.00000              
9819000160112052380000523800030042000000.01500              
98190001601120530120145301201300  000000.00500              
9819000160112053012015530120130042000000.00500              
9819000160112057503000575250010042000001.30000              
9819000160112058050001580500000042000000.02000              
9819008000010776024000760250000042000000.09000              
9819008000012076025000760240000042000000.09000              
9819008007712076025000760240000042000000.09000              
98260000100107573122395732700000  000000.36000              
9826000010013256161003561770020042000000.00170              
9860000090010452162024521620010042000000.00270              
9860000090010452162029521620010042000000.00630              
9860000090012052162029521620010042000000.00700              
9860000090012052380000523800030042000000.01500              
98600000900120530120145301201300  000000.00500              
9860000090012053012015530120130042000000.00500              
9860000090012057503000575250010042000001.30000              
9860000090012058050001580500000042000000.02000              
9860000090013053012015530120130042000000.00280              
9860000090013056161003561770020042000000.00670              
98600000900138530120145301201300  000000.00280              
9860000090013856161003561770020042000000.00170              
9860018000012076025000760240000042000000.09000              
9915000020010131561000315630000042000000.80000              
9915000020010131561000315630020042000000.80000              
9915000020010131561000315630030042000000.80000              
9915000020010131561000315630040042000000.80000              
9915000020010154641100546410000042000002.20000              
9915000020010155810001558100020042000000.01200              
9915000020010161032005610320060042000000.08000              
9915000020010452162024521620010042000000.00120              
9915000020010452162029521620010042000000.00280              
9915000020010555810001558100020042000000.01000              
9915000020010557011000570100010042000000.10000              
9915000020010557011000570200010042000000.10000              
9915000020010752380001523800000042000000.20000              
9915000020010755810001558100020042000000.00200              
9915000020010757011000570100010042000000.00500              
9915000020010757011000570200010042000000.00500              
9915000020010757373000573660240042000004.30000              
9915000020010827801080278020800042000000.10000              
9915000020010827801100278021000042000000.07000              
9915000020010827802120278011200042000000.10000              
9915000020010857350001573510230042000002.00000              
9915000020010857373000573660240042000005.50000              
99150000200120530120145301201300  000000.00800              
9915000020012053012015530120130042000000.00800              
9915000020012053805000538050010042000000.03800              
9915000020012655810001558100020042000000.00100              
9915000020013256161003561770020042000000.00400              
9915000020013455810001558100020042000000.00500              
9915010000010151338012517020060042000000.30000              
9915010000010751338012517020060042000000.08500              
9915010000010751702006513380120042000000.08500              
9915010000010776024000760250000042000000.01000              
9915010000012076025000760240000042000000.01000              
9915010007710151338012517020060042000000.30000              
9915010007710751338012517020060042000000.08500              
9915010007710776024000760250000042000000.01000              
9915010007712076025000760240000042000000.01000              
9915710180010131561000315630000042000000.09000              
9915710180010131561000315630020042000000.09000              
9915710180010131561000315630030042000000.09000              
9915710180010131561000315630040042000000.09000              
9915710180010152380000523800030042000001.50000              
9915710180010152380001523800000042000002.00000              
9915710180010152381000523810010042000000.50000              
9915710180010154641100546410000042000002.50000              
9915710180010155810001558100020042000000.00500              
9915710180010452162024521620010042000000.00120              
9915710180010452162029521620010042000000.00280              
9915710180010554641100546410000042000000.30000              
9915710180010555810001558100020042000000.01000              
9915710180010557011000570100010042000000.00500              
9915710180010557011000570200010042000000.00500              
9915710180010752162024521620010042000000.10000              
9915710180010752380001523800000042000000.20000              
9915710180010755810001558100020042000000.00200              
9915710180010757011000570100010042000000.00500              
9915710180010757011000570200010042000000.00500              
9915710180010757373000573660240042000004.30000              
9915710180010827801080278020800042000000.12000              
9915710180010827801100278021000042000000.08500              
9915710180010827802120278011200042000000.12000              
9915710180010857350001573510230042000002.00000              
9915710180010857373000573660240042000005.50000              
99157101800120530120145301201300  000000.00800              
9915710180012053012015530120130042000000.00800              
9915710180012053805000538050010042000000.03800              
9915710180012655810001558100020042000000.00100              
9915710180012676015000538060000042000000.08000              
9915710180013256161003561770020042000000.00200              
9915710180013453805000538050010042000000.04470              
9915710180013455810001558100020042000000.01000              
9917000040010131561000315630000042000002.00000              
9917000040010131561000315630020042000002.00000              
9917000040010131561000315630030042000002.00000              
9917000040010131561000315630040042000002.00000              
9917000040010154641100546410000042000005.50000              
9917000040010155810001558100020042000000.03000              
9917000040010161032005610320060042000000.20000              
9917000040010452162024521620010042000000.00270              
9917000040010452162029521620010042000000.00630              
9917000040010555810001558100010042000000.02100              
9917000040010557011000570100010042000000.24000              
9917000040010557011000570200010042000000.24000              
9917000040010752380001523800000042000000.60000              
9917000040010755810001558100020042000000.00300              
9917000040010757011000570100010042000000.01000              
9917000040010757011000570200010042000000.01000              
9917000040010757373000573660240042000010.80000              
9917000040010827801080278020800042000000.24000              
9917000040010827801100278021000042000000.16000              
9917000040010827802120278011200042000000.24000              
9917000040010857350001573510230042000004.90000              
9917000040010857373000573660240042000011.00000              
99170000400120530120145301201300  000000.00800              
9917000040012053012015530120130042000000.00800              
9917000040012053805000538050010042000000.03800              
9917000040012655810001558100020042000000.00100              
9917000040013256161003561770020042000000.01000              
9917000040013455810001558100020042000000.01000              
9917010000010151338012517020060042000000.36000              
9917010000010751338012517020060042000000.08500              
9917010000010751702006513380120042000000.08500              
9917010000012076025000760240000042000000.01500              
9917010007710151338012517020060042000000.36000              
9917010007710751338012517020060042000000.08500              
9917010007712076025000760240000042000000.01500              
9917710100010131561000315630000042000000.13000              
9917710100010131561000315630020042000000.13000              
9917710100010131561000315630030042000000.13000              
9917710100010131561000315630040042000000.13000              
9917710100010152380000523800030042000001.50000              
9917710100010152380001523800000042000002.00000              
9917710100010152381000523810010042000000.50000              
9917710100010154641100546410000042000002.50000              
9917710100010155810001558100010042000000.00500              
9917710100010161032005610320060042000000.02000              
9917710100010452162024521620010042000000.00270              
9917710100010452162029521620010042000000.00630              
9917710100010555810001558100020042000000.01000              
9917710100010752162024521620010042000000.13000              
9917710100010752380000523800030042000002.50000              
9917710100010752380001523800000042000000.70000              
9917710100010755810001558100020042000000.00300              
9917710100010757011000570100010042000000.01000              
9917710100010757011000570200010042000000.01000              
9917710100010757373000573660240042000010.80000              
9917710100010827801080278020800042000000.29000              
9917710100010827801100278021000042000000.19500              
9917710100010827802120278011200042000000.29000              
9917710100010857350001573510230042000004.90000              
9917710100010857373000573660240042000011.00000              
99177101000120530120145301201300  000000.00800              
9917710100012053012015530120130042000000.00800              
9917710100012053805000538050010042000000.03800              
9917710100013453805000538050010042000000.04470              
9917710100013455810001558100020042000000.01000              
9980000780010155810001558100020042000000.00002              
9980000780010161032005610320060042000000.20000              
9980000780012354641100546410000042000000.05000              
9980000780012357011001570110000042000000.11650              
9980000900013261045006610450050042000000.00038              
