0017002000010700518540150042000000.17000          
0017002000010901277060500042000000.01000          
0017002000010901546540000042000000.03000          
0017002000010901546862000033000000.21000          
0017002000010901570110000042000051.00000          
0017002000010901572050010042000001.50000          
0017002000010901573540000042000001.87500          
0017002000010901575160010042000000.00050          
0017002000010901580720020042000000.00400          
0017002000010901610450060042000000.00500          
0017002000010901610530000042000000.00500          
0017002000010901709520000042000000.20000          
0017002000010901719340240050000005.00000          
0017002000010901726480020042000000.00300          
0017002000010901730080110052000000.07000          
0017002000010902277060500042000000.01000          
0017002000010902546001000033000000.12500          
0017002000010902546540000042000000.02000          
0017002000010902546862000033000000.14000          
0017002000010902570110000042000034.00000          
0017002000010902572050010042000001.50000          
0017002000010902573010000042000003.30000          
0017002000010902573540000042000001.87500          
0017002000010902575160010042000000.00050          
0017002000010902580720020042000000.00400          
0017002000010902610530000042000000.00500          
0017002000010902709520000042000000.20000          
0017002000010902719340240050000005.00000          
0017002000010902726480020042000000.00400          
0017002000010902730080110052000000.06000          
0017002000012000277060500042000000.01000          
0017002000012000328020000042000000.00700          
0017002000012000510418150042000000.02500          
0017002000012000513380120042000000.10000          
0017002000012000514090000042000000.01000          
0017002000012000514100050042000000.00300          
0017002000012000514100090042000000.01000          
0017002000012000514100130042000000.02000          
0017002000012000518510040042000001.00000          
0017002000012000520010000042000000.00500          
0017002000012000520640010042000000.01000          
0017002000012000521540000042000000.06000          
0017002000012000521620290035000000.00500          
0017002000012000524060000042000000.00600          
0017002000012000524100010042000000.00300          
0017002000012000528020000042000000.01100          
0017002000012000528040000042000000.00900          
0017002000012000538050000042000000.05070          
0017002000012000539281020042000000.01500          
0017002000012000539281110042000000.02500          
0017002000012000539890110042000000.00500          
0017002000012000546001000033000000.04000          
0017002000012000547800000042000000.01000          
0017002000012000564280010042000000.00100          
0017002000012000564280020042000000.00253          
0017002000012000570110000042000000.35000          
0017002000012000572010000042000000.01100          
0017002000012000572050010042000005.08000          
0017002000012000573060000042000000.04000          
0017002000012000573170170042000000.02000          
0017002000012000573540000042000000.25000          
0017002000012000575160010042000000.02900          
0017002000012000575240070042000000.01000          
0017002000012000580600020042000000.00500          
0017002000012000580720020042000000.00700          
0017002000012000580960010042000000.00050          
0017002000012000657382500042000000.00500          
0017002000012000657400180042000000.00100          
0017002000012000700060010015000001.50000          
0017002000012000700090010015000007.79000          
0017002000012000700510010015000001.50500          
0017002000012000712010010022000002.00000          
0017002000012000718400010015000001.00000          
0017002000012000718500010015000037.50000          
0017002000012000718500110015000050.00000          
0017002000012000719770010042000000.09400          
0017002000012000721040840042000000.42400          
0017002000012000723010030042000000.85000          
0017002000012000737360080050000006.00000          
0017002000012000737360250050000001.00000          
0017002000012000760150000042000000.01500          
0017002000012000760240000042000000.00700          
0017002000012000763020100042000000.01000          
0017002000110700518540150042000000.17000          
0017002000110901277060500042000000.01000          
0017002000110901546540000042000000.03000          
0017002000110901546862000033000000.21000          
0017002000110901570110000042000051.00000          
0017002000110901572050010042000001.50000          
0017002000110901573540000042000001.87500          
0017002000110901575160010042000000.00050          
0017002000110901580720020042000000.00400          
0017002000110901610450060042000000.00500          
0017002000110901610530000042000000.00500          
0017002000110901709520000042000000.20000          
0017002000110901719340240050000005.00000          
0017002000110901726480020042000000.00300          
0017002000110901730080110052000000.07000          
0017002000110902277060500042000000.01000          
0017002000110902546001000033000000.12500          
0017002000110902546540000042000000.02000          
0017002000110902546862000033000000.14000          
0017002000110902570110000042000034.00000          
0017002000110902572050010042000001.50000          
0017002000110902573010000042000003.30000          
0017002000110902573540000042000001.87500          
0017002000110902575160010042000000.00050          
0017002000110902580720020042000000.00400          
0017002000110902610450060042000000.00500          
0017002000110902610530000042000000.00500          
0017002000110902709520000042000000.20000          
0017002000110902719340240050000005.00000          
0017002000110902726480020042000000.00400          
0017002000110902730080110052000000.06000          
0017002000112000277060500042000000.01000          
0017002000112000328020000042000000.00700          
0017002000112000510418150042000000.02500          
0017002000112000513380120042000000.10000          
0017002000112000514090000042000000.01000          
0017002000112000514100050042000000.00300          
0017002000112000514100090042000000.01000          
0017002000112000514100130042000000.02000          
0017002000112000518510040042000001.00000          
0017002000112000520010000042000000.00500          
0017002000112000520640010042000000.01000          
0017002000112000521540000042000000.06000          
0017002000112000521620290035000000.00500          
0017002000112000524060000042000000.00600          
0017002000112000524100010042000000.00300          
0017002000112000528020000042000000.01100          
0017002000112000528040000042000000.00900          
0017002000112000538050000042000000.05070          
0017002000112000539281020042000000.01500          
0017002000112000539281110042000000.02500          
0017002000112000539890110042000000.00500          
0017002000112000547800000042000000.01000          
0017002000112000564280010042000000.00100          
0017002000112000564280020042000000.00253          
0017002000112000570110000042000000.35000          
0017002000112000572010000042000000.01100          
0017002000112000572050010042000005.08000          
0017002000112000573060000042000000.04000          
0017002000112000573170170042000000.02000          
0017002000112000573540000042000000.25000          
0017002000112000575160010042000000.02900          
0017002000112000575240070042000000.01000          
0017002000112000580600020042000000.00500          
0017002000112000580720020042000000.00700          
0017002000112000580960010042000000.00050          
0017002000112000657382500042000000.00500          
0017002000112000657400180042000000.00100          
0017002000112000700060010015000001.50000          
0017002000112000700090010015000007.79000          
0017002000112000700510010015000001.50500          
0017002000112000712010010022000002.00000          
0017002000112000718400010015000001.00000          
0017002000112000718500010015000037.50000          
0017002000112000718500110015000050.00000          
0017002000112000719770010042000000.09400          
0017002000112000721040840042000000.42400          
0017002000112000723010030042000000.85000          
0017002000112000737360080050000006.00000          
0017002000112000737360250050000001.00000          
0017002000112000760150000042000000.01500          
0017002000112000760240000042000000.00700          
0017002000112000763020100042000000.01000          
0017002000210700518540150042000000.17000          
0017002000210901277060500042000000.01000          
0017002000210901546540000042000000.03000          
0017002000210901546862000033000000.21000          
0017002000210901570110000042000051.00000          
0017002000210901572050010042000001.50000          
0017002000210901573540000042000001.87500          
0017002000210901575160010042000000.00050          
0017002000210901580720020042000000.00400          
0017002000210901610450060042000000.00500          
0017002000210901610530000042000000.00500          
0017002000210901709520000042000000.20000          
0017002000210901719340240050000005.00000          
0017002000210901726480020042000000.00300          
0017002000210901730080110052000000.07000          
0017002000210902277060500042000000.01000          
0017002000210902546001000033000000.12500          
0017002000210902546540000042000000.02000          
0017002000210902546862000033000000.14000          
0017002000210902570110000042000034.00000          
0017002000210902572050010042000001.50000          
0017002000210902573010000042000003.30000          
0017002000210902573540000042000001.87500          
0017002000210902575160010042000000.00050          
0017002000210902580720020042000000.00400          
0017002000210902610530000042000000.00500          
0017002000210902709520000042000000.20000          
0017002000210902719340240050000005.00000          
0017002000210902726480020042000000.00400          
0017002000210902730080110052000000.06000          
0017002000212000277060500042000000.01000          
0017002000212000328020000042000000.00700          
0017002000212000510418150042000000.02500          
0017002000212000513380120042000000.10000          
0017002000212000513480000042000000.00500          
0017002000212000514090000042000000.01000          
0017002000212000514100090042000000.01000          
0017002000212000514100130042000000.02000          
0017002000212000518510040042000001.00000          
0017002000212000520010000042000000.00500          
0017002000212000520640010042000000.01000          
0017002000212000521540000042000000.06000          
0017002000212000521620290035000000.00500          
0017002000212000524060000042000000.00600          
0017002000212000524100010042000000.00300          
0017002000212000528020000042000000.01100          
0017002000212000528040000042000000.00900          
0017002000212000538050000042000000.05070          
0017002000212000539281020042000000.01500          
0017002000212000539281110042000000.02500          
0017002000212000539890110042000000.00500          
0017002000212000546001000033000000.04000          
0017002000212000547800000042000000.01000          
0017002000212000564280010042000000.00100          
0017002000212000564280020042000000.00253          
0017002000212000570110000042000000.35000          
0017002000212000572010000042000000.01100          
0017002000212000572050010042000005.08000          
0017002000212000573060000042000000.04000          
0017002000212000573170170042000000.02000          
0017002000212000573540000042000000.25000          
0017002000212000575160010042000000.02900          
0017002000212000575240070042000000.01000          
0017002000212000580600020042000000.00500          
0017002000212000580720020042000000.00700          
0017002000212000580960010042000000.00050          
0017002000212000657382500042000000.00500          
0017002000212000657400180042000000.00100          
0017002000212000700060010015000001.50000          
0017002000212000700090010015000007.79000          
0017002000212000700510010015000001.50500          
0017002000212000712010010022000002.00000          
0017002000212000718400010015000001.00000          
0017002000212000718500010015000037.50000          
0017002000212000718500110015000050.00000          
0017002000212000719770010042000000.09400          
0017002000212000721040840042000000.42400          
0017002000212000723010030042000000.85000          
0017002000212000737360080050000006.00000          
0017002000212000737360250050000001.00000          
0017002000212000760150000042000000.01500          
0017002000212000760240000042000000.00700          
0017002000212000763020100042000000.01000          
0017002001010700518540150042000000.17000          
0017002001010901277060500042000000.01000          
0017002001010901546540000042000000.03000          
0017002001010901546862000033000000.21000          
0017002001010901570110000042000045.00000          
0017002001010901572050010042000001.50000          
0017002001010901573540000042000001.87500          
0017002001010901575160010042000000.00050          
0017002001010901580720020042000000.00400          
0017002001010901610450060042000000.00500          
0017002001010901610530000042000000.00500          
0017002001010901709520000042000000.20000          
0017002001010901719340240050000005.00000          
0017002001010901726480020042000000.00300          
0017002001010901730080110052000000.07000          
0017002001010902277060500042000000.01000          
0017002001010902546001000033000000.12500          
0017002001010902546540000042000000.02000          
0017002001010902546862000033000000.14000          
0017002001010902570110000042000030.00000          
0017002001010902572050010042000001.50000          
0017002001010902573010000042000003.30000          
0017002001010902573540000042000001.87500          
0017002001010902575160010042000000.00050          
0017002001010902580720020042000000.00400          
0017002001010902610530000042000000.00500          
0017002001010902709520000042000000.20000          
0017002001010902719340240050000005.00000          
0017002001010902726480020042000000.00400          
0017002001010902730080110052000000.06000          
0017002001012000277060500042000000.01000          
0017002001012000328020000042000000.00700          
0017002001012000510418150042000000.02500          
0017002001012000513380120042000000.10000          
0017002001012000514090000042000000.01000          
0017002001012000514100050042000000.00300          
0017002001012000514100070042000000.00500          
0017002001012000514100090042000000.01000          
0017002001012000514100130042000000.04000          
0017002001012000518510040042000001.00000          
0017002001012000520010000042000000.00500          
0017002001012000520640010042000000.01000          
0017002001012000521540000042000000.06000          
0017002001012000521620290035000000.00500          
0017002001012000524060000042000000.00600          
0017002001012000524100010042000000.00300          
0017002001012000528020000042000000.00200          
0017002001012000528040000042000000.01700          
0017002001012000538050000042000000.05070          
0017002001012000539281020042000000.01500          
0017002001012000539281110042000000.02500          
0017002001012000539890110042000000.00500          
0017002001012000546001000033000000.04000          
0017002001012000547800000042000000.01000          
0017002001012000548700010042000000.01300          
0017002001012000564280010042000000.00100          
0017002001012000564280020042000000.00253          
0017002001012000572010000042000000.01100          
0017002001012000572050010042000005.08000          
0017002001012000573170170042000000.02000          
0017002001012000573540000042000000.25000          
0017002001012000575160010042000000.02900          
0017002001012000575240070042000000.01000          
0017002001012000580600020042000000.00500          
0017002001012000580720020042000000.00700          
0017002001012000580960010042000000.00050          
0017002001012000657382500042000000.00500          
0017002001012000657400180042000000.00100          
0017002001012000700060010015000001.50000          
0017002001012000700090010015000007.79000          
0017002001012000700510010015000001.50500          
0017002001012000712010010022000002.00000          
0017002001012000718400010015000001.00000          
0017002001012000718500010015000037.50000          
0017002001012000718500110015000050.00000          
0017002001012000719770010042000000.09400          
0017002001012000721040840042000000.42400          
0017002001012000723010030042000000.85000          
0017002001012000737360080050000006.00000          
0017002001012000737360250050000001.00000          
0017002001012000760120050042000000.03340          
0017002001012000760150000042000000.01500          
0017002001012000760240000042000000.00700          
0017002001012000763020100042000000.01000          
0170001009010900277060500042000000.01000          
0170001009010900546540000042000000.03000          
0170001009010900546862000033000000.21000          
0170001009010900570110000042000023.80000          
0170001009010900572050010042000001.50000          
0170001009010900573540000042000002.00000          
0170001009010900575160010042000000.00050          
0170001009010900580720020042000000.00400          
0170001009010900709520000042000000.20000          
0170001009010900719340240050000005.00000          
0170001009010900726480020042000000.02000          
0170001009010900730080110052000000.06000          
0170001009110900277060500042000000.01000          
0170001009110900546540000042000000.03000          
0170001009110900546862000033000000.21000          
0170001009110900570110000042000067.10000          
0170001009110900572050010042000001.50000          
0170001009110900573540000042000002.00000          
0170001009110900575160010042000000.00050          
0170001009110900580720020042000000.00400          
0170001009110900709520000042000000.20000          
0170001009110900719340240050000005.00000          
0170001009110900726480020042000000.02000          
0170001009110900730080110052000000.06000          
0170001009210900277060500042000000.01000          
0170001009210900546540000042000000.03000          
0170001009210900546862000033000000.21000          
0170001009210900570110000042000025.60000          
0170001009210900572050010042000001.50000          
0170001009210900573540000042000002.00000          
0170001009210900575160010042000000.00050          
0170001009210900580720020042000000.00400          
0170001009210900709520000042000000.20000          
0170001009210900719340240050000005.00000          
0170001009210900726480020042000000.02000          
0170001009210900730080110052000000.06000          
0170002000010700518540150042000000.17000          
0170002000010901277060500042000000.01000          
0170002000010901546540000042000000.03000          
0170002000010901546862000033000000.21000          
0170002000010901570110000042000051.00000          
0170002000010901572050010042000001.50000          
0170002000010901573540000042000001.87500          
0170002000010901575160010042000000.00050          
0170002000010901580720020042000000.00400          
0170002000010901610450060042000000.00500          
0170002000010901610530000042000000.00500          
0170002000010901709520000042000000.20000          
0170002000010901719340240050000005.00000          
0170002000010901726480020042000000.00300          
0170002000010901730080110052000000.07000          
0170002000010902277060500042000000.01000          
0170002000010902546001000033000000.12500          
0170002000010902546540000042000000.02000          
0170002000010902546862000033000000.14000          
0170002000010902570110000042000034.00000          
0170002000010902572050010042000001.50000          
0170002000010902573010000042000003.30000          
0170002000010902573540000042000001.87500          
0170002000010902575160010042000000.00050          
0170002000010902580720020042000000.00400          
0170002000010902610530000042000000.00500          
0170002000010902709520000042000000.20000          
0170002000010902719340240050000005.00000          
0170002000010902726480020042000000.00400          
0170002000010902730080110052000000.06000          
0170002000012000277060500042000000.01000          
0170002000012000305060080042000000.00500          
0170002000012000328020000042000000.00700          
0170002000012000510418150042000000.02500          
0170002000012000513380120042000000.10000          
0170002000012000513480000042000000.00500          
0170002000012000514090000042000000.01000          
0170002000012000514100050042000000.00300          
0170002000012000514100090042000000.01000          
0170002000012000514100130042000000.02000          
0170002000012000518510040042000001.00000          
0170002000012000520010000042000000.00500          
0170002000012000520640010042000000.01000          
0170002000012000521540000042000000.06000          
0170002000012000521620290035000000.00500          
0170002000012000524060000042000000.00600          
0170002000012000524100010042000000.00300          
0170002000012000528020000042000000.01100          
0170002000012000528040000042000000.00900          
0170002000012000538050000042000000.05070          
0170002000012000539281020042000000.01500          
0170002000012000539281110042000000.02500          
0170002000012000539890110042000000.00500          
0170002000012000546001000033000000.04000          
0170002000012000547800000042000000.01000          
0170002000012000564280010042000000.00100          
0170002000012000564280020042000000.00253          
0170002000012000570110000042000000.35000          
0170002000012000572010000042000000.01100          
0170002000012000572050010042000005.08000          
0170002000012000573060000042000000.04000          
0170002000012000573170170042000000.02000          
0170002000012000573540000042000000.25000          
0170002000012000575160010042000000.02900          
0170002000012000575240070042000000.01000          
0170002000012000580600020042000000.00500          
0170002000012000580720020042000000.00700          
0170002000012000580960010042000000.00050          
0170002000012000657382500042000000.00500          
0170002000012000657400180042000000.00100          
0170002000012000700060010015000001.50000          
0170002000012000700090010015000007.79000          
0170002000012000700510010015000001.50500          
0170002000012000712010010022000002.00000          
0170002000012000718400010015000001.00000          
0170002000012000718500010015000037.50000          
0170002000012000718500110015000050.00000          
0170002000012000719770010042000000.09400          
0170002000012000721040840042000000.42400          
0170002000012000723010030042000000.85000          
0170002000012000737360080050000006.00000          
0170002000012000737360250050000001.00000          
0170002000012000760120050042000000.03340          
0170002000012000760150000042000000.01500          
0170002000012000760240000042000000.00700          
0170002000012000763020100042000000.01000          
0170002000110700518540150042000000.17000          
0170002000110901277060500042000000.01000          
0170002000110901546540000042000000.03000          
0170002000110901546862000033000000.21000          
0170002000110901570110000042000051.00000          
0170002000110901572050010042000001.50000          
0170002000110901573540000042000001.87500          
0170002000110901575160010042000000.00050          
0170002000110901580720020042000000.00400          
0170002000110901610450060042000000.00500          
0170002000110901610530000042000000.00500          
0170002000110901709520000042000000.20000          
0170002000110901719340240050000005.00000          
0170002000110901726480020042000000.00300          
0170002000110901730080110052000000.07000          
0170002000110902277060500042000000.01000          
0170002000110902546001000033000000.12500          
0170002000110902546540000042000000.02000          
0170002000110902546862000033000000.14000          
0170002000110902570110000042000034.00000          
0170002000110902572050010042000001.50000          
0170002000110902573010000042000003.30000          
0170002000110902573540000042000001.87500          
0170002000110902575160010042000000.00050          
0170002000110902580720020042000000.00400          
0170002000110902610530000042000000.00500          
0170002000110902709520000042000000.20000          
0170002000110902719340240050000005.00000          
0170002000110902726480020042000000.00400          
0170002000110902730080110052000000.06000          
0170002000112000277060500042000000.01000          
0170002000112000328020000042000000.00700          
0170002000112000510418150042000000.02500          
0170002000112000513380120042000000.10000          
0170002000112000514090000042000000.01000          
0170002000112000514100050042000000.00300          
0170002000112000514100090042000000.01000          
0170002000112000514100130042000000.02000          
0170002000112000518510040042000001.00000          
0170002000112000520010000042000000.00500          
0170002000112000520640010042000000.01000          
0170002000112000521540000042000000.06000          
0170002000112000521620290035000000.00500          
0170002000112000524060000042000000.00600          
0170002000112000524100010042000000.00300          
0170002000112000528020000042000000.01100          
0170002000112000528040000042000000.00900          
0170002000112000538050000042000000.05070          
0170002000112000539281020042000000.01500          
0170002000112000539281110042000000.02500          
0170002000112000539890110042000000.00500          
0170002000112000546001000033000000.04000          
0170002000112000547800000042000000.01000          
0170002000112000564280010042000000.00100          
0170002000112000564280020042000000.00253          
0170002000112000570110000042000000.35000          
0170002000112000572010000042000000.01100          
0170002000112000572050010042000005.08000          
0170002000112000573060000042000000.04000          
0170002000112000573170170042000000.02000          
0170002000112000573540000042000000.25000          
0170002000112000575160010042000000.02900          
0170002000112000575240070042000000.01000          
0170002000112000580600020042000000.00500          
0170002000112000580720020042000000.00700          
0170002000112000580960010042000000.00050          
0170002000112000657382500042000000.00500          
0170002000112000657400180042000000.00100          
0170002000112000700060010015000001.50000          
0170002000112000700090010015000007.79000          
0170002000112000700510010015000001.50500          
0170002000112000712010010022000002.00000          
0170002000112000718400010015000001.00000          
0170002000112000718500010015000037.50000          
0170002000112000718500110015000050.00000          
0170002000112000719770010042000000.09400          
0170002000112000721040840042000000.42400          
0170002000112000723010030042000000.85000          
0170002000112000737360080050000006.00000          
0170002000112000737360250050000001.00000          
0170002000112000760150000042000000.01500          
0170002000112000760240000042000000.00700          
0170002000112000763020100042000000.01000          
0170002000210700518540150042000000.17000          
0170002000210901277060500042000000.01000          
0170002000210901546540000042000000.03000          
0170002000210901546862000033000000.21000          
0170002000210901570110000042000051.00000          
0170002000210901572050010042000001.50000          
0170002000210901573540000042000001.87500          
0170002000210901575160010042000000.00050          
0170002000210901580720020042000000.00400          
0170002000210901610450060042000000.00500          
0170002000210901610530000042000000.00500          
0170002000210901709520000042000000.20000          
0170002000210901719340240050000005.00000          
0170002000210901726480020042000000.00300          
0170002000210901730080110052000000.07000          
0170002000210902277060500042000000.01000          
0170002000210902546001000033000000.12500          
0170002000210902546540000042000000.02000          
0170002000210902546862000033000000.14000          
0170002000210902570110000042000034.00000          
0170002000210902572050010042000001.50000          
0170002000210902573010000042000003.30000          
0170002000210902573540000042000001.87500          
0170002000210902575160010042000000.00050          
0170002000210902580720020042000000.00400          
0170002000210902610530000042000000.00500          
0170002000210902709520000042000000.20000          
0170002000210902719340240050000005.00000          
0170002000210902726480020042000000.00400          
0170002000210902730080110052000000.06000          
0170002000212000277060500042000000.01000          
0170002000212000328020000042000000.00700          
0170002000212000510418150042000000.02500          
0170002000212000513380120042000000.10000          
0170002000212000514090000042000000.01000          
0170002000212000514100050042000000.00300          
0170002000212000514100090042000000.01000          
0170002000212000514100130042000000.02000          
0170002000212000518510040042000001.00000          
0170002000212000520010000042000000.00500          
0170002000212000520640010042000000.01000          
0170002000212000521540000042000000.06000          
0170002000212000521620290035000000.00500          
0170002000212000524060000042000000.00600          
0170002000212000524100010042000000.00300          
0170002000212000528020000042000000.01100          
0170002000212000528040000042000000.00900          
0170002000212000538050000042000000.05070          
0170002000212000539281020042000000.01500          
0170002000212000539281110042000000.02500          
0170002000212000539890110042000000.00500          
0170002000212000546001000033000000.04000          
0170002000212000547800000042000000.01000          
0170002000212000564280010042000000.00100          
0170002000212000564280020042000000.00253          
0170002000212000570110000042000000.35000          
0170002000212000572010000042000000.01100          
0170002000212000572050010042000005.08000          
0170002000212000573060000042000000.04000          
0170002000212000573170170042000000.02000          
0170002000212000573540000042000000.25000          
0170002000212000575160010042000000.02900          
0170002000212000575240070042000000.01000          
0170002000212000580600020042000000.00500          
0170002000212000580720020042000000.00700          
0170002000212000580960010042000000.00050          
0170002000212000657382500042000000.00500          
0170002000212000657400180042000000.00100          
0170002000212000700060010015000001.50000          
0170002000212000700090010015000007.79000          
0170002000212000700510010015000001.50500          
0170002000212000712010010022000002.00000          
0170002000212000718400010015000001.00000          
0170002000212000718500010015000037.50000          
0170002000212000718500110015000050.00000          
0170002000212000719770010042000000.09400          
0170002000212000721040840042000000.42400          
0170002000212000723010030042000000.85000          
0170002000212000737360080050000006.00000          
0170002000212000737360250050000001.00000          
0170002000212000760150000042000000.01500          
0170002000212000760240000042000000.00700          
0170002000212000763020100042000000.01000          
0170002001010700518540150042000000.17000          
0170002001010901277060500042000000.01000          
0170002001010901546540000042000000.03000          
0170002001010901546862000033000000.21000          
0170002001010901570110000042000051.00000          
0170002001010901572050010042000001.50000          
0170002001010901573540000042000001.87500          
0170002001010901575160010042000000.00050          
0170002001010901580720020042000000.00400          
0170002001010901610450060042000000.00500          
0170002001010901610530000042000000.00500          
0170002001010901709520000042000000.20000          
0170002001010901719340240050000005.00000          
0170002001010901726480020042000000.00300          
0170002001010901730080110052000000.07000          
0170002001010902277060500042000000.01000          
0170002001010902546001000033000000.12500          
0170002001010902546540000042000000.02000          
0170002001010902546862000033000000.14000          
0170002001010902570110000042000034.00000          
0170002001010902572050010042000001.50000          
0170002001010902573010000042000003.30000          
0170002001010902573540000042000001.87500          
0170002001010902575160010042000000.00050          
0170002001010902580720020042000000.00400          
0170002001010902610530000042000000.00500          
0170002001010902709520000042000000.20000          
0170002001010902719340240050000005.00000          
0170002001010902726480020042000000.00400          
0170002001010902730080110052000000.06000          
0170002001012000277060500042000000.01000          
0170002001012000305060080042000000.00500          
0170002001012000328020000042000000.00700          
0170002001012000510418150042000000.02500          
0170002001012000513380120042000000.10000          
0170002001012000514090000042000000.01000          
0170002001012000514100050042000000.00300          
0170002001012000514100070042000000.00500          
0170002001012000514100090042000000.01000          
0170002001012000514100130042000000.04000          
0170002001012000518510040042000001.00000          
0170002001012000520010000042000000.00500          
0170002001012000520640010042000000.01000          
0170002001012000521540000042000000.06000          
0170002001012000521620290035000000.00500          
0170002001012000524060000042000000.00600          
0170002001012000524100010042000000.00300          
0170002001012000528020000042000000.00200          
0170002001012000528040000042000000.01700          
0170002001012000538050000042000000.05070          
0170002001012000539281020042000000.01500          
0170002001012000539281110042000000.02500          
0170002001012000539890110042000000.00500          
0170002001012000546001000033000000.04000          
0170002001012000547800000042000000.01000          
0170002001012000548700010042000000.01300          
0170002001012000564280010042000000.00100          
0170002001012000564280020042000000.00253          
0170002001012000572010000042000000.01100          
0170002001012000572050010042000005.08000          
0170002001012000573170170042000000.02000          
0170002001012000573540000042000000.25000          
0170002001012000575160010042000000.02900          
0170002001012000575240070042000000.01000          
0170002001012000580600020042000000.00500          
0170002001012000580720020042000000.00700          
0170002001012000580960010042000000.00050          
0170002001012000657382500042000000.00500          
0170002001012000657400180042000000.00100          
0170002001012000700060010015000001.50000          
0170002001012000700090010015000007.79000          
0170002001012000700510010015000001.50500          
0170002001012000712010010022000002.00000          
0170002001012000718400010015000001.00000          
0170002001012000718500010015000037.50000          
0170002001012000718500110015000050.00000          
0170002001012000719770010042000000.09400          
0170002001012000721040840042000000.42400          
0170002001012000723010030042000000.85000          
0170002001012000737360080050000006.00000          
0170002001012000737360250050000001.00000          
0170002001012000760120050042000000.03340          
0170002001012000760150000042000000.01500          
0170002001012000760240000042000000.00700          
0170002001012000763020100042000000.01000          
0170002001110700518540150042000000.17000          
0170002001110901277060500042000000.01000          
0170002001110901546540000042000000.03000          
0170002001110901546862000033000000.21000          
0170002001110901570110000042000051.00000          
0170002001110901572050010042000001.50000          
0170002001110901573540000042000001.87500          
0170002001110901575160010042000000.00050          
0170002001110901580720020042000000.00400          
0170002001110901610450060042000000.00500          
0170002001110901610530000042000000.00500          
0170002001110901709520000042000000.20000          
0170002001110901719340240050000005.00000          
0170002001110901726480020042000000.00300          
0170002001110901730080110052000000.07000          
0170002001110902277060500042000000.01000          
0170002001110902546001000033000000.12500          
0170002001110902546540000042000000.02000          
0170002001110902546862000033000000.14000          
0170002001110902570110000042000034.00000          
0170002001110902572050010042000001.50000          
0170002001110902573010000042000003.30000          
0170002001110902573540000042000001.87500          
0170002001110902575160010042000000.00050          
0170002001110902580720020042000000.00400          
0170002001110902610530000042000000.00500          
0170002001110902709520000042000000.20000          
0170002001110902719340240050000005.00000          
0170002001110902726480020042000000.00400          
0170002001110902730080110052000000.06000          
0170002001112000277060500042000000.01000          
0170002001112000328020000042000000.00700          
0170002001112000510418150042000000.02500          
0170002001112000513380120042000000.10000          
0170002001112000514090000042000000.01000          
0170002001112000514100050042000000.00300          
0170002001112000514100070042000000.00500          
0170002001112000514100090042000000.01000          
0170002001112000514100130042000000.04000          
0170002001112000518510040042000001.00000          
0170002001112000520010000042000000.00500          
0170002001112000520640010042000000.01000          
0170002001112000521540000042000000.06000          
0170002001112000521620290035000000.00500          
0170002001112000524060000042000000.00600          
0170002001112000524100010042000000.00300          
0170002001112000528020000042000000.00200          
0170002001112000528040000042000000.01700          
0170002001112000538050000042000000.05070          
0170002001112000539281020042000000.01500          
0170002001112000539281110042000000.02500          
0170002001112000539890110042000000.00500          
0170002001112000546001000033000000.04000          
0170002001112000547800000042000000.01000          
0170002001112000548700010042000000.01300          
0170002001112000564280010042000000.00100          
0170002001112000564280020042000000.00253          
0170002001112000572010000042000000.01100          
0170002001112000572050010042000005.08000          
0170002001112000573170170042000000.02000          
0170002001112000573540000042000000.25000          
0170002001112000575160010042000000.02900          
0170002001112000575240070042000000.01000          
0170002001112000580600020042000000.00500          
0170002001112000580720020042000000.00700          
0170002001112000580960010042000000.00050          
0170002001112000657382500042000000.00500          
0170002001112000657400180042000000.00100          
0170002001112000700060010015000001.50000          
0170002001112000700090010015000007.79000          
0170002001112000700510010015000001.50500          
0170002001112000712010010022000002.00000          
0170002001112000718400010015000001.00000          
0170002001112000718500010015000037.50000          
0170002001112000718500110015000050.00000          
0170002001112000719770010042000000.09400          
0170002001112000721040840042000000.42400          
0170002001112000723010030042000000.85000          
0170002001112000737360080050000006.00000          
0170002001112000737360250050000001.00000          
0170002001112000760120050042000000.03340          
0170002001112000760150000042000000.01500          
0170002001112000760240000042000000.00700          
0170002001112000763020100042000000.01000          
0170017000012000528020000042000000.01100          
0170019000010700518540150042000000.17000          
0170019000010901277060500042000000.01000          
0170019000010901546540000042000000.03000          
0170019000010901546862000033000000.21000          
0170019000010901570110000042000042.00000          
0170019000010901572050010042000001.50000          
0170019000010901573540000042000001.87500          
0170019000010901575160010042000000.00050          
0170019000010901580720020042000000.00400          
0170019000010901610450060042000000.00500          
0170019000010901610530000042000000.00500          
0170019000010901709520000042000000.20000          
0170019000010901719340240050000005.00000          
0170019000010901726480020042000000.00300          
0170019000010901730080110052000000.07000          
0170019000010902277060500042000000.01000          
0170019000010902546001000033000000.12500          
0170019000010902546540000042000000.02000          
0170019000010902546862000033000000.14000          
0170019000010902570110000042000028.00000          
0170019000010902572050010042000001.50000          
0170019000010902573010000042000003.30000          
0170019000010902573540000042000001.87500          
0170019000010902575160010042000000.00050          
0170019000010902580720020042000000.00400          
0170019000010902610530000042000000.00500          
0170019000010902709520000042000000.20000          
0170019000010902719340240050000005.00000          
0170019000010902726480020042000000.00400          
0170019000010902730080110052000000.06000          
0170019000012000277060500042000000.01000          
0170019000012000277060600042000000.00050          
0170019000012000328020000042000000.00700          
0170019000012000510418150042000000.02500          
0170019000012000513380120042000000.10000          
0170019000012000514090000042000000.01000          
0170019000012000514100050042000000.00300          
0170019000012000514100090042000000.01000          
0170019000012000514100130042000000.02000          
0170019000012000518510040042000001.00000          
0170019000012000520010000042000000.00500          
0170019000012000520640010042000000.01000          
0170019000012000521540000042000000.06000          
0170019000012000521620290035000000.00500          
0170019000012000524060000042000000.00600          
0170019000012000524100010042000000.00300          
0170019000012000528020000042000000.01100          
0170019000012000528040000042000000.00900          
0170019000012000538050000042000000.05070          
0170019000012000539281020042000000.01500          
0170019000012000539281110042000000.02500          
0170019000012000539890110042000000.00500          
0170019000012000546001000033000000.04000          
0170019000012000547800000042000000.01000          
0170019000012000548700010042000000.01300          
0170019000012000564280010042000000.00100          
0170019000012000564280020042000000.00253          
0170019000012000572010000042000000.01100          
0170019000012000572050010042000005.08000          
0170019000012000573170170042000000.02000          
0170019000012000573540000042000000.25000          
0170019000012000575160010042000000.02900          
0170019000012000575240070042000000.01000          
0170019000012000580600020042000000.00500          
0170019000012000580720020042000000.00700          
0170019000012000580960010042000000.00050          
0170019000012000657382500042000000.00500          
0170019000012000657400180042000000.00100          
0170019000012000700060010015000001.50000          
0170019000012000700090010015000007.79000          
0170019000012000700510010015000001.50500          
0170019000012000712010010022000002.00000          
0170019000012000718400010015000001.00000          
0170019000012000718500010015000037.50000          
0170019000012000718500110015000050.00000          
0170019000012000719770010042000000.09400          
0170019000012000721040840042000000.42400          
0170019000012000723010030042000000.85000          
0170019000012000737360080050000006.00000          
0170019000012000737360250050000001.00000          
0170019000012000760120050042000000.03340          
0170019000012000760150000042000000.01500          
0170019000012000760240000042000000.00700          
0170019000012000763020100042000000.01000          
0170019000110700518540150042000000.17000          
0170019000110901277060500042000000.01000          
0170019000110901546540000042000000.03000          
0170019000110901546862000033000000.21000          
0170019000110901570110000042000051.00000          
0170019000110901572050010042000001.50000          
0170019000110901573540000042000001.87500          
0170019000110901575160010042000000.00050          
0170019000110901580720020042000000.00400          
0170019000110901610450060042000000.00500          
0170019000110901610530000042000000.00500          
0170019000110901709520000042000000.20000          
0170019000110901719340240050000005.00000          
0170019000110901726480020042000000.00300          
0170019000110901730080110052000000.07000          
0170019000110902277060500042000000.01000          
0170019000110902546001000033000000.12500          
0170019000110902546540000042000000.02000          
0170019000110902546862000033000000.14000          
0170019000110902570110000042000034.00000          
0170019000110902572050010042000001.50000          
0170019000110902573010000042000003.30000          
0170019000110902573540000042000001.87500          
0170019000110902575160010042000000.00050          
0170019000110902580720020042000000.00400          
0170019000110902610530000042000000.00500          
0170019000110902709520000042000000.20000          
0170019000110902719340240050000005.00000          
0170019000110902726480020042000000.00400          
0170019000110902730080110052000000.06000          
0170019000112000277060500042000000.01000          
0170019000112000305060080042000000.00500          
0170019000112000328020000042000000.00700          
0170019000112000510418150042000000.02500          
0170019000112000513380120042000000.10000          
0170019000112000513480000042000000.00500          
0170019000112000514090000042000000.01000          
0170019000112000514100050042000000.00300          
0170019000112000514100090042000000.01000          
0170019000112000514100130042000000.02000          
0170019000112000518510040042000001.00000          
0170019000112000520010000042000000.00500          
0170019000112000520640010042000000.01000          
0170019000112000521540000042000000.06000          
0170019000112000521620290035000000.00500          
0170019000112000524060000042000000.00600          
0170019000112000524100010042000000.00300          
0170019000112000528020000042000000.01100          
0170019000112000528040000042000000.00900          
0170019000112000538050000042000000.05070          
0170019000112000539281020042000000.01500          
0170019000112000539281110042000000.02500          
0170019000112000539890110042000000.00500          
0170019000112000546001000033000000.04000          
0170019000112000547800000042000000.01000          
0170019000112000548700010042000000.01300          
0170019000112000564280010042000000.00100          
0170019000112000564280020042000000.00253          
0170019000112000572010000042000000.01100          
0170019000112000572050010042000005.08000          
0170019000112000573170170042000000.02000          
0170019000112000573540000042000000.25000          
0170019000112000575160010042000000.02900          
0170019000112000575240070042000000.01000          
0170019000112000580600020042000000.00500          
0170019000112000580720020042000000.00700          
0170019000112000580960010042000000.00050          
0170019000112000657382500042000000.00500          
0170019000112000657400180042000000.00100          
0170019000112000700060010015000001.50000          
0170019000112000700090010015000007.79000          
0170019000112000700510010015000001.50500          
0170019000112000712010010022000002.00000          
0170019000112000718400010015000001.00000          
0170019000112000718500010015000037.50000          
0170019000112000718500110015000050.00000          
0170019000112000719770010042000000.09400          
0170019000112000721040840042000000.42400          
0170019000112000723010030042000000.85000          
0170019000112000737360080050000006.00000          
0170019000112000737360250050000001.00000          
0170019000112000760120050042000000.03340          
0170019000112000760150000042000000.01500          
0170019000112000760240000042000000.00700          
0170019000112000763020100042000000.01000          
0170019000210700518540150042000000.17000          
0170019000210901277060500042000000.01000          
0170019000210901546001000033000000.12500          
0170019000210901546540000042000000.03000          
0170019000210901546862000033000000.21000          
0170019000210901570110000042000042.00000          
0170019000210901572050010042000001.50000          
0170019000210901573010000042000003.30000          
0170019000210901573540000042000001.87500          
0170019000210901575160010042000000.00050          
0170019000210901580720020042000000.00400          
0170019000210901610450060042000000.00500          
0170019000210901610530000042000000.00500          
0170019000210901709520000042000000.20000          
0170019000210901719340240050000005.00000          
0170019000210901726480020042000000.00300          
0170019000210901730080110052000000.07000          
0170019000210902277060500042000000.01000          
0170019000210902546001000033000000.12500          
0170019000210902546540000042000000.02000          
0170019000210902546862000033000000.14000          
0170019000210902570110000042000028.00000          
0170019000210902572050010042000001.50000          
0170019000210902573010000042000003.30000          
0170019000210902573540000042000001.87500          
0170019000210902575160010042000000.00050          
0170019000210902580720020042000000.00400          
0170019000210902610450060042000000.00500          
0170019000210902610530000042000000.00500          
0170019000210902709520000042000000.20000          
0170019000210902719340240050000005.00000          
0170019000210902726480020042000000.00400          
0170019000210902730080110052000000.06000          
0170019000212000277060500042000000.01000          
0170019000212000277060600042000000.00050          
0170019000212000305060080042000000.00500          
0170019000212000328020000042000000.00700          
0170019000212000471120180015000000.80000          
0170019000212000510418150042000000.02500          
0170019000212000513380120042000000.10000          
0170019000212000514090000042000000.01000          
0170019000212000514100050042000000.00300          
0170019000212000514100090042000000.01000          
0170019000212000514100130042000000.02000          
0170019000212000518510040042000001.00000          
0170019000212000520010000042000000.00500          
0170019000212000520640010042000000.01000          
0170019000212000521540000042000000.06000          
0170019000212000521620290035000000.00500          
0170019000212000524060000042000000.00600          
0170019000212000524100010042000000.00300          
0170019000212000528020000042000000.01100          
0170019000212000528040000042000000.00900          
0170019000212000538050000042000000.05070          
0170019000212000539281020042000000.01500          
0170019000212000539281110042000000.02500          
0170019000212000539890110042000000.00500          
0170019000212000546001000033000000.04000          
0170019000212000547800000042000000.01000          
0170019000212000548700010042000000.01300          
0170019000212000564280010042000000.00100          
0170019000212000564280020042000000.00253          
0170019000212000572010000042000000.01100          
0170019000212000572050010042000005.08000          
0170019000212000573170170042000000.02000          
0170019000212000573540000042000000.25000          
0170019000212000575160010042000000.02900          
0170019000212000575240070042000000.01000          
0170019000212000580600020042000000.00500          
0170019000212000580720020042000000.00700          
0170019000212000580960010042000000.00050          
0170019000212000610530000042000000.00100          
0170019000212000641440010023000000.05000          
0170019000212000657382500042000000.00500          
0170019000212000657400180042000000.00100          
0170019000212000700060010015000001.50000          
0170019000212000700090010015000007.82000          
0170019000212000700510010015000001.50500          
0170019000212000712010010022000002.00000          
0170019000212000718400010015000001.30000          
0170019000212000718500010015000037.50000          
0170019000212000718500110015000050.00000          
0170019000212000718560020015000001.00000          
0170019000212000719770010042000000.09400          
0170019000212000721040840042000000.42400          
0170019000212000723010030042000000.85000          
0170019000212000737360080050000006.00000          
0170019000212000737360250050000001.00000          
0170019000212000760120050042000000.03340          
0170019000212000760150000042000000.01500          
0170019000212000760240000042000000.00700          
0170019000212000763020100042000000.01000          
0170022000010700518540150042000000.17000          
0170022000010901277060500042000000.01000          
0170022000010901546540000042000000.03000          
0170022000010901546862000033000000.21000          
0170022000010901570110000042000051.00000          
0170022000010901572050010042000001.50000          
0170022000010901573540000042000001.87500          
0170022000010901575160010042000000.00050          
0170022000010901580720020042000000.00400          
0170022000010901610450060042000000.00500          
0170022000010901610530000042000000.00500          
0170022000010901709520000042000000.20000          
0170022000010901719340240050000005.00000          
0170022000010901726480020042000000.00300          
0170022000010901730080110052000000.07000          
0170022000010902277060500042000000.01000          
0170022000010902546001000033000000.12500          
0170022000010902546540000042000000.02000          
0170022000010902546862000033000000.14000          
0170022000010902570110000042000034.00000          
0170022000010902572050010042000001.50000          
0170022000010902573010000042000003.30000          
0170022000010902573540000042000001.87500          
0170022000010902575160010042000000.00050          
0170022000010902580720020042000000.00400          
0170022000010902610530000042000000.00500          
0170022000010902709520000042000000.20000          
0170022000010902719340240050000005.00000          
0170022000010902726480020042000000.00400          
0170022000010902730080110052000000.06000          
0170022000012000277060500042000000.01000          
0170022000012000305060080042000000.00500          
0170022000012000328020000042000000.00700          
0170022000012000510418150042000000.02500          
0170022000012000513380120042000000.10000          
0170022000012000514090000042000000.01000          
0170022000012000514100050042000000.00300          
0170022000012000514100090042000000.01000          
0170022000012000514100130042000000.02000          
0170022000012000518510040042000001.00000          
0170022000012000520010000042000000.00500          
0170022000012000520640010042000000.01000          
0170022000012000521540000042000000.06000          
0170022000012000521620290035000000.00500          
0170022000012000524060000042000000.00600          
0170022000012000524100010042000000.00300          
0170022000012000528020000042000000.01100          
0170022000012000528040000042000000.00900          
0170022000012000538050000042000000.05070          
0170022000012000539281020042000000.01500          
0170022000012000539281110042000000.02500          
0170022000012000539890110042000000.00500          
0170022000012000546001000033000000.04000          
0170022000012000547800000042000000.01000          
0170022000012000548700010042000000.01300          
0170022000012000564280010042000000.00100          
0170022000012000564280020042000000.00253          
0170022000012000572010000042000000.01100          
0170022000012000572050010042000005.08000          
0170022000012000573170170042000000.02000          
0170022000012000573540000042000000.25000          
0170022000012000575160010042000000.02900          
0170022000012000575240070042000000.01000          
0170022000012000580600020042000000.00500          
0170022000012000580720020042000000.00700          
0170022000012000580960010042000000.00050          
0170022000012000641440010023000000.05000          
0170022000012000641490100015000001.00000          
0170022000012000657382500042000000.00500          
0170022000012000657400180042000000.00100          
0170022000012000657450150042000000.05000          
0170022000012000700060010015000001.50000          
0170022000012000700090010015000007.79000          
0170022000012000700510010015000001.50500          
0170022000012000712010010022000002.00000          
0170022000012000718400010015000001.00000          
0170022000012000718500010015000037.50000          
0170022000012000718500110015000050.00000          
0170022000012000718560020015000001.00000          
0170022000012000719770010042000000.09400          
0170022000012000721040840042000000.42400          
0170022000012000723010030042000000.85000          
0170022000012000737360080050000006.00000          
0170022000012000737360250050000001.00000          
0170022000012000760120050042000000.03340          
0170022000012000760150000042000000.04500          
0170022000012000760240000042000000.00700          
0170022000012000763020100042000000.01000          
0170801000012000517020060042000000.06000          
0170801000012000518510040042000000.01500          
0170801000012000539011000042000000.00500          
0170801000012000539660000042000000.00160          
0170801000012000548040000042000002.40000          
0170801000012000548070000042000000.03000          
0170801000012000572050010042000000.02000          
0170801000012000700090010015000000.26000          
0170801000012000760250000042000000.00500          
0170801000112000517020060042000000.06000          
0170801000112000518510040042000000.01500          
0170801000112000539660000042000000.00160          
0170801000112000548040000042000002.40000          
0170801000112000548070000042000000.03000          
0170801000112000572050010042000000.02000          
0170801000112000700090010015000000.26000          
0170801000112000760250000042000000.00500          
0170801007112000517020060042000000.06000          
0170801007112000518510040042000000.01500          
0170801007112000539011000042000000.00500          
0170801007112000539660000042000000.00160          
0170801007112000548040000042000002.40000          
0170801007112000548070000042000000.03000          
0170801007112000572050010042000000.02000          
0170801007112000700090010015000000.26000          
0170801007112000760250000042000000.00500          
0170801007712000517020060042000000.06000          
0170801007712000518510040042000000.01500          
0170801007712000539011000042000000.00500          
0170801007712000539660000042000000.00160          
0170801007712000548040000042000002.40000          
0170801007712000548070000042000000.03000          
0170801007712000572050010042000000.02000          
0170801007712000700090010015000000.26000          
0170801007712000760250000042000000.00500          
0170870000012000278020500042000000.00600          
0170870000012000548040000042000004.80000          
0170870000012000548070000042000000.14000          
0170870000012000726750000042000000.02700          
0382600000010700277040800042000000.27000          
0382600000010700514100030042000001.60000          
0382600000010700514100090042000000.00600          
0382600000010700514100100042000000.03000          
0382600000010700518540150042000008.93000          
0382600000010700521540000042000002.00000          
0382600000010700524060000042000000.00100          
0382600000010700528020000042000000.70550          
0382600000010700530120140042000000.01000          
0382600000010700538050000042000000.23800          
0382600000010700539281110042000000.16000          
0382600000010700548040000042000001.00000          
0382600000010700548070000042000000.04400          
0382600000010700548700010042000000.06000          
0382600000010700557050220023000002.24000          
0382600000010700558100020042000000.00850          
0382600000010700564280020042000000.01190          
0382600000010700572050010042000145.42500          
0382600000010700573170170042000000.80000          
0382600000010700573730000042000023.00000          
0382600000010700575060000042000000.01000          
0382600000010700575160010042000000.20000          
0382600000010700580600020042000000.00100          
0382600000010700611010000042000000.00900          
0382600000010700700090010015000019.40000          
0382600000010700709520000042000000.40000          
0382600000010700712010010022000005.50000          
0382600000010700719340240050000050.00000          
0382600000010700719770040042000002.40000          
0382600000010700723010030042000012.80000          
0382600000010700726480020042000000.21600          
0382600000010700729330010054000000.02000          
0382600000010700737360080050000006.00000          
0382600000010700760120050042000000.30000          
0382600000010901550010510035000000.50000          
0382600000010901572050010042000004.00000          
0382600000010901573030000042000000.01000          
0382600000010901573650000042000000.50000          
0382600000010901573730000042000010.00000          
0382600000010901575060000042000000.10000          
0382600000010901575130000042000000.01000          
0382600000010901575160010042000000.05000          
0382600000010901575200000042000000.01000          
0382600000010901575240020042000000.01000          
0382600000010901610450060042000000.01000          
0382600000010901610530000042000000.02000          
0382600000010901709520000042000001.00000          
0382600000010901719340240050000007.00000          
0382600000010901726480020042000000.00500          
0382600000010901730080090052000000.06000          
0382600000010901730080110052000000.06000          
0382600000010902277040800042000000.02000          
0382600000010902550010510035000000.50000          
0382600000010902572050010042000004.00000          
0382600000010902573030000042000000.01000          
0382600000010902573650000042000000.50000          
0382600000010902573730000042000055.00000          
0382600000010902575060000042000000.10000          
0382600000010902575130000042000000.01000          
0382600000010902575160010042000000.05000          
0382600000010902575200000042000000.01000          
0382600000010902575240020042000000.01000          
0382600000010902610450060042000000.05000          
0382600000010902610530000042000000.02000          
0382600000010902709520000042000001.00000          
0382600000010902719340240050000008.00000          
0382600000010902726480020042000000.00500          
0382600000010902730080090052000000.06000          
0382600000010902730080110052000000.06000          
0382600000012000305060000042000000.05000          
0386111000010700277060800042000000.01000          
0386111000010700513380120042000000.01000          
0386111000010700539660000042000000.01000          
0386111000010700548040000042000043.00000          
0386111000010700548070000042000000.03000          
0386111000010700719340240050000001.00000          
0386111000010700721040840042000000.05000          
0386111000012000539011000042000000.00500          
0386111000012000539660000042000000.00170          
0386111000012000572050010042000000.30000          
0386111000012000572050010042000000.20000          
0386111000012000700090010015000001.30000          
0386111000012000760250000042000000.06000          
0500001001010700518540150042000000.01500          
0500001001010700760100010042000000.05000          
0500001001010901277040600042000000.00500          
0500001001010901277040800042000000.00500          
0500001001010901539281020042000000.00300          
0500001001010901546001000033000000.03000          
0500001001010901546862000033000000.00900          
0500001001010901570110000042000015.90000          
0500001001010901572050010042000002.10000          
0500001001010901573010000042000003.00000          
0500001001010901573540000042000006.00000          
0500001001010901573650000042000001.20000          
0500001001010901575060000042000000.06510          
0500001001010901575160010042000000.00150          
0500001001010901610530000042000000.00300          
0500001001010901709520000042000000.17400          
0500001001010901719340240050000006.00000          
0500001001010901726480020042000000.00600          
0500001001010902277040600042000000.00500          
0500001001010902277040800042000000.00500          
0500001001010902539281020042000000.00700          
0500001001010902546001000033000000.07000          
0500001001010902546862000033000000.02100          
0500001001010902570110000042000037.10000          
0500001001010902572050010042000004.90000          
0500001001010902573010000042000007.00000          
0500001001010902573540000042000014.00000          
0500001001010902573650000042000002.80000          
0500001001010902575060000042000000.15190          
0500001001010902575160010042000000.00350          
0500001001010902610530000042000000.00700          
0500001001010902709520000042000000.40600          
0500001001010902719340240050000014.00000          
0500001001010902726480020042000000.01400          
0500001001012000277040600042000000.01000          
0500001001012000277040800042000000.01000          
0500001001012000277060500042000000.19000          
0500001001012000324010020042000000.00375          
0500001001012000324101810042000000.01250          
0500001001012000328020000042000000.01000          
0500001001012000510330000042000000.05000          
0500001001012000510418150042000000.00100          
0500001001012000514090000042000000.04000          
0500001001012000514100010042000000.01000          
0500001001012000514100090042000000.06000          
0500001001012000514100100042000000.00100          
0500001001012000514100130042000000.08000          
0500001001012000517020060042000000.05000          
0500001001012000518510040042000002.00000          
0500001001012000518540150042000000.07000          
0500001001012000520010000042000000.03000          
0500001001012000520640010042000000.00600          
0500001001012000521620290035000000.01000          
0500001001012000523800000042000000.10000          
0500001001012000524060000042000000.00100          
0500001001012000524100010042000000.00100          
0500001001012000528020000042000000.01830          
0500001001012000528040000042000000.03500          
0500001001012000538050000042000000.12670          
0500001001012000539011000042000000.00700          
0500001001012000539281020042000000.00500          
0500001001012000539281110042000000.02000          
0500001001012000539890110042000000.02300          
0500001001012000547800000042000000.03000          
0500001001012000548070000042000000.03000          
0500001001012000548700010042000000.05000          
0500001001012000556000150023000000.51000          
0500001001012000557050220023000000.50000          
0500001001012000564280010042000000.00500          
0500001001012000564280020042000000.00630          
0500001001012000572050010042000041.50000          
0500001001012000573170170042000000.30000          
0500001001012000573540000042000005.00000          
0500001001012000573630000042000001.00000          
0500001001012000575030000042000000.02000          
0500001001012000575110040042000000.01000          
0500001001012000575130000042000000.01000          
0500001001012000575160010042000000.20000          
0500001001012000580600020042000000.00200          
0500001001012000580720020042000000.10000          
0500001001012000580960010042000000.01300          
0500001001012000641180350015000001.00000          
0500001001012000641440010023000000.70000          
0500001001012000650480100015000003.50000          
0500001001012000657382500042000000.04000          
0500001001012000657400120042000000.09000          
0500001001012000657400210042000000.08000          
0500001001012000700060010015000003.00000          
0500001001012000700090010015000026.50000          
0500001001012000712010010022000010.00000          
0500001001012000718390010015000030.00000          
0500001001012000718400010015000004.00000          
0500001001012000718490000042000000.01500          
0500001001012000718500010015000050.00000          
0500001001012000718500110015000002.00000          
0500001001012000719770020042000000.10000          
0500001001012000721040840042000001.50000          
0500001001012000723010030042000002.67000          
0500001001012000737360080050000003.00000          
0500001001012000760120050042000000.12700          
0500001001012000760150000042000000.50000          
0500001001012000763020100042000000.05000          
0500802000012000517020060042000000.05000          
0500802000012000518540150042000000.01000          
0500802000012000539011000042000000.00500          
0500802000012000539660000042000000.00170          
0500802000012000548040000042000000.50000          
0500802000012000548070000042000000.03000          
0500802000012000572050010042000000.03000          
0500802000012000700090010015000000.24000          
0500802000012000760250000042000000.00500          
0500803000012000517020060042000000.05000          
0500803000012000518540150042000000.01000          
0500804000012000517020060042000000.08000          
0500804000012000518510040042000000.02000          
0500804000012000539011000042000000.01000          
0500804000012000548040000042000010.00000          
0500804000012000548070000042000000.03000          
0500804000012000572050010042000000.17000          
0500804000012000700090010015000000.50000          
0500804000012000760250000042000000.05000          
0510005001010700518540150042000000.03700          
0510005001010700572050010042000000.52000          
0510005001010700760100010042000000.12400          
0510005001010801570110000042000050.00000          
0510005001010801572050010042000025.00000          
0510005001010801573010000042000007.65000          
0510005001010801573540000042000016.30000          
0510005001010801573670030042000002.96000          
0510005001010801700040490015000010.00000          
0510005001010801700090010015000010.00000          
0510005001010801730080150023000003.00000          
0510005001010802570110000042000050.00000          
0510005001010802572050010042000025.00000          
0510005001010802573010000042000007.65000          
0510005001010802573540000042000016.30000          
0510005001010802573670030042000004.32000          
0510005001010802700040490015000010.00000          
0510005001010802700090010015000010.00000          
0510005001010802730080150023000003.00000          
0510005001010900277060800042000000.00100          
0510005001010900572050010042000001.00000          
0510005001010900573540000042000004.00000          
0510005001010900575160010042000000.00200          
0510005001010900580720020042000000.03000          
0510005001010900709520000042000000.02000          
0510005001010900719340240050000005.00000          
0510005001012000277041000042000000.01000          
0510005001012000277060500042000000.12000          
0510005001012000277060600042000000.01400          
0510005001012000277060800042000000.14900          
0510005001012000305060080042000000.01000          
0510005001012000328020000042000000.01100          
0510005001012000510418150042000000.00100          
0510005001012000513380120042000000.00500          
0510005001012000514090000042000000.03000          
0510005001012000514100010042000000.01000          
0510005001012000514100090042000000.02500          
0510005001012000514100130042000000.08000          
0510005001012000517020060042000000.03000          
0510005001012000518510040042000002.00000          
0510005001012000521620290035000000.00500          
0510005001012000523800000042000000.20000          
0510005001012000524060000042000000.00400          
0510005001012000524100010042000000.00100          
0510005001012000528020000042000000.02140          
0510005001012000528040000042000000.03430          
0510005001012000530120140042000000.01000          
0510005001012000538050000042000000.12670          
0510005001012000539281020042000000.01500          
0510005001012000539281110042000000.13000          
0510005001012000539281120042000000.10000          
0510005001012000539890110042000000.06300          
0510005001012000547800000042000000.03000          
0510005001012000548700010042000000.06000          
0510005001012000556000150023000000.01000          
0510005001012000557050220023000000.40000          
0510005001012000558100020042000000.00120          
0510005001012000564280010042000000.00400          
0510005001012000564280020042000000.00630          
0510005001012000572050010042000051.95000          
0510005001012000573170170042000000.32000          
0510005001012000573540000042000005.10000          
0510005001012000573630000042000001.00000          
0510005001012000575030000042000000.03500          
0510005001012000575130000042000000.01000          
0510005001012000575160010042000000.20000          
0510005001012000575240070042000000.01000          
0510005001012000575270000042000000.01400          
0510005001012000580600020042000000.00500          
0510005001012000580960010042000000.01100          
0510005001012000611010000042000000.00850          
0510005001012000650480100015000003.50000          
0510005001012000700060010015000005.00000          
0510005001012000700090010015000016.70000          
0510005001012000712010010022000001.70000          
0510005001012000718390010015000040.00000          
0510005001012000718400010015000002.50000          
0510005001012000718490000042000000.01500          
0510005001012000718500010015000054.50000          
0510005001012000718500110015000001.50000          
0510005001012000719770020042000000.15000          
0510005001012000721040840042000000.93000          
0510005001012000723010030042000002.42000          
0510005001012000737360080050000006.00000          
0510005001012000760120050042000000.15300          
0510005001012000760150000042000000.40000          
0510005001012000760240000042000000.03200          
0510005001510700518540150042000000.03700          
0510005001510700572050010042000000.52000          
0510005001510700760100010042000000.12400          
0510005001510801570110000042000050.00000          
0510005001510801572050010042000025.00000          
0510005001510801573010000042000007.65000          
0510005001510801573540000042000016.30000          
0510005001510801573670030042000002.96000          
0510005001510801700040490015000010.00000          
0510005001510801700090010015000010.00000          
0510005001510801730080150023000003.00000          
0510005001510802570110000042000050.00000          
0510005001510802572050010042000025.00000          
0510005001510802573010000042000007.65000          
0510005001510802573540000042000016.30000          
0510005001510802573670030042000004.32000          
0510005001510802700040490015000010.00000          
0510005001510802700090010015000010.00000          
0510005001510802730080150023000003.00000          
0510005001510900277060800042000000.00100          
0510005001510900572050010042000001.00000          
0510005001510900573540000042000004.00000          
0510005001510900575160010042000000.00200          
0510005001510900580720020042000000.03000          
0510005001510900709520000042000000.02000          
0510005001510900719340240050000005.00000          
0510005001510901546001000033000000.06000          
0510005001510901546862000033000000.04500          
0510005001510901570110000042000027.20000          
0510005001510901572050010042000001.30000          
0510005001510901573010000042000003.20000          
0510005001510901573540000042000010.00000          
0510005001510901573650000042000002.10000          
0510005001510901575160010042000000.00250          
0510005001510901610530000042000000.04400          
0510005001510901709520000042000000.10000          
0510005001510901719340240050000005.00000          
0510005001510902546001000033000000.06000          
0510005001510902546862000033000000.04500          
0510005001510902570110000042000030.80000          
0510005001510902572050010042000001.30000          
0510005001510902573010000042000003.40000          
0510005001510902573540000042000007.30000          
0510005001510902573650000042000002.10000          
0510005001510902575160010042000000.00250          
0510005001510902610530000042000000.04400          
0510005001510902709520000042000000.10000          
0510005001510902719340240050000005.00000          
0510005001512000277040800042000000.02200          
0510005001512000277041000042000000.01000          
0510005001512000277060500042000000.12000          
0510005001512000277060600042000000.01400          
0510005001512000277060800042000000.12800          
0510005001512000328020000042000000.01100          
0510005001512000510418150042000000.00100          
0510005001512000513380120042000000.00500          
0510005001512000514090000042000000.03000          
0510005001512000514100010042000000.01000          
0510005001512000514100090042000000.02500          
0510005001512000514100130042000000.08000          
0510005001512000517020060042000000.03000          
0510005001512000518510040042000002.00000          
0510005001512000521620290035000000.00500          
0510005001512000523800000042000000.20000          
0510005001512000524060000042000000.00400          
0510005001512000524100010042000000.00100          
0510005001512000528020000042000000.02140          
0510005001512000528040000042000000.03430          
0510005001512000530120140042000000.01000          
0510005001512000538050000042000000.12670          
0510005001512000539281020042000000.01500          
0510005001512000539281110042000000.13000          
0510005001512000539281120042000000.10000          
0510005001512000539890110042000000.06300          
0510005001512000547800000042000000.03000          
0510005001512000548700010042000000.06000          
0510005001512000556000150023000000.01000          
0510005001512000557050220023000000.40000          
0510005001512000558100020042000000.00120          
0510005001512000564280010042000000.00400          
0510005001512000564280020042000000.00630          
0510005001512000572050010042000051.95000          
0510005001512000573170170042000000.32000          
0510005001512000573540000042000007.10000          
0510005001512000573630000042000001.00000          
0510005001512000575030000042000000.03500          
0510005001512000575130000042000000.01000          
0510005001512000575160010042000000.20000          
0510005001512000575240070042000000.01000          
0510005001512000575270000042000000.01400          
0510005001512000580600020042000000.00500          
0510005001512000580960010042000000.01100          
0510005001512000611010000042000000.00850          
0510005001512000650480100015000003.50000          
0510005001512000700060010015000005.00000          
0510005001512000700090010015000017.20000          
0510005001512000712010010022000001.70000          
0510005001512000718390010015000040.00000          
0510005001512000718400010015000002.50000          
0510005001512000718490000042000000.01500          
0510005001512000718500010015000054.50000          
0510005001512000718500110015000001.50000          
0510005001512000719770020042000000.15000          
0510005001512000721040840042000000.93000          
0510005001512000723010030042000002.42000          
0510005001512000737360080050000006.00000          
0510005001512000760120050042000000.15300          
0510005001512000760150000042000000.40000          
0510005001512000760240000042000000.03200          
0510805000012000517020060042000000.10000          
0510805000012000518540150042000000.02500          
0510805000012000539011000042000000.02000          
0510805000012000539660000042000000.00160          
0510805000012000548040000042000021.00000          
0510805000012000548070000042000000.12000          
0510805000012000572050010042000000.10000          
0510805000012000572050010042000000.07000          
0510805000012000700090010015000000.89000          
0510805000012000760250000042000000.01500          
0510805001512000517020060042000000.10000          
0510805001512000518540150042000000.02500          
0510805001512000539011000042000000.03000          
0510805001512000539660000042000000.00160          
0510805001512000548040000042000022.80000          
0510805001512000548070000042000000.18000          
0510805001512000572050010042000000.10000          
0510805001512000572050010042000000.07000          
0510805001512000700090010015000000.89000          
0510805001512000760250000042000000.01500          
0510805007712000517020060042000000.10000          
0510805007712000518540150042000000.02500          
0510805007712000539011000042000000.02000          
0510805007712000539660000042000000.00160          
0510805007712000548040000042000021.00000          
0510805007712000548070000042000000.12000          
0510805007712000572050010042000000.10000          
0510805007712000572050010042000000.07000          
0510805007712000700090010015000000.89000          
0510805007712000760250000042000000.01500          
0510815000012000517020060042000000.10000          
0510815000012000518540150042000000.02500          
0510815000012000539011000042000000.01500          
0510815000012000539660000042000000.00160          
0510815000012000548040000042000010.00000          
0510815000012000548070000042000000.03000          
0510815000012000572050010042000000.02500          
0510815000012000572050010042000000.01500          
0510815000012000700090010015000000.27000          
0510815000012000718400060015000000.50000          
0510815000012000760250000042000000.01000          
0516610000010900546862000033000000.00100          
0516610000010900570110000042000012.00000          
0516610000010900572050010042000000.50000          
0516610000010900573540000042000001.50000          
0516610000010900573650000042000002.00000          
0516610000010900575160010042000000.00250          
0516610000010900580720020042000000.01500          
0516610000010900610530000042000000.00100          
0516610000010900709520000042000000.00500          
0516610000010900719340240050000003.00000          
0516610000010900726480020042000000.00100          
0516610000012000277060500042000000.01000          
0516610000012000328020000042000000.00500          
0516610000012000514090000042000000.00300          
0516610000012000514100130042000000.01500          
0516610000012000518510040042000001.60000          
0516610000012000523800000042000000.10000          
0516610000012000524060000042000000.00100          
0516610000012000524100010042000000.00100          
0516610000012000528020000042000000.00100          
0516610000012000528040000042000000.00700          
0516610000012000547800000042000000.00600          
0516610000012000548040000042000001.00000          
0516610000012000548070000042000000.03000          
0516610000012000548700010042000000.00900          
0516610000012000572050010042000013.50000          
0516610000012000573170170042000000.10000          
0516610000012000573540000042000004.00000          
0516610000012000575160010042000000.04000          
0516610000012000580600020042000000.00100          
0516610000012000580720020042000000.01000          
0516610000012000700090010015000005.00000          
0516610000012000719770020042000000.02000          
0516610000012000721000600042000000.15000          
0516610000012000723010030042000000.30000          
0516610000012000737360080050000001.00000          
0516610000012000760120050042000000.15000          
0526001700010901546862000033000000.02000          
0526001700010901570110000042000023.00000          
0526001700010901572050010042000002.00000          
0526001700010901573540000042000001.50000          
0526001700010901573650000042000002.00000          
0526001700010901575160010042000000.00300          
0526001700010901580720020042000000.00200          
0526001700010901610530000042000000.00500          
0526001700010901709520000042000000.20000          
0526001700010901719340240050000010.00000          
0526001700010901726480020042000000.00200          
0526001700010902546862000033000000.02000          
0526001700010902570110000042000030.00000          
0526001700010902572050010042000002.00000          
0526001700010902573540000042000001.50000          
0526001700010902573650000042000002.00000          
0526001700010902575160010042000000.00300          
0526001700010902580720020042000000.00200          
0526001700010902610530000042000000.00500          
0526001700010902709520000042000000.20000          
0526001700010902719340240050000010.00000          
0526001700010902726480020042000000.00200          
0526001700012000277060500042000000.05000          
0526001700012000328020000042000000.02000          
0526001700012000514100100042000000.05000          
0526001700012000514100130042000000.04000          
0526001700012000518510040042000000.02200          
0526001700012000523800000042000000.05000          
0526001700012000528020000042000000.01500          
0526001700012000528040000042000000.01200          
0526001700012000548700010042000000.02800          
0526001700012000557050220023000001.00000          
0526001700012000572050010042000005.00000          
0526001700012000573540000042000001.00000          
0526001700012000575160010042000000.05000          
0526001700012000700060010015000000.50000          
0526001700012000700090010015000001.00000          
0526001700012000718490000042000000.01000          
0526001700012000718500200015000100.00000          
0526001700012000737360080050000001.00000          
0526001700012000760120050042000000.07000          
0540001001010700518540150042000000.01500          
0540001001010700760100010042000000.05000          
0540001001010901277040600042000000.00500          
0540001001010901277040800042000000.00500          
0540001001010901539281020042000000.00300          
0540001001010901546001000033000000.03000          
0540001001010901546862000033000000.00900          
0540001001010901570110000042000015.90000          
0540001001010901572050010042000002.10000          
0540001001010901573010000042000003.00000          
0540001001010901573540000042000006.00000          
0540001001010901573650000042000001.20000          
0540001001010901575060000042000000.06510          
0540001001010901575160010042000000.00150          
0540001001010901610530000042000000.00300          
0540001001010901709520000042000000.17400          
0540001001010901719340240050000006.00000          
0540001001010901726480020042000000.00600          
0540001001010902277040600042000000.00500          
0540001001010902277040800042000000.00500          
0540001001010902539281020042000000.00700          
0540001001010902546001000033000000.07000          
0540001001010902546862000033000000.02100          
0540001001010902570110000042000037.10000          
0540001001010902572050010042000004.90000          
0540001001010902573010000042000007.00000          
0540001001010902573540000042000014.00000          
0540001001010902573650000042000002.80000          
0540001001010902575060000042000000.15190          
0540001001010902575160010042000000.00350          
0540001001010902610530000042000000.00700          
0540001001010902709520000042000000.40600          
0540001001010902719340240050000014.00000          
0540001001010902726480020042000000.01400          
0540001001012000277040600042000000.01000          
0540001001012000277040800042000000.01000          
0540001001012000277060500042000000.19000          
0540001001012000324010020042000000.00375          
0540001001012000324101810042000000.01250          
0540001001012000328020000042000000.01000          
0540001001012000510330000042000000.05000          
0540001001012000510418150042000000.00100          
0540001001012000514090000042000000.04000          
0540001001012000514100010042000000.01000          
0540001001012000514100090042000000.06000          
0540001001012000514100100042000000.00100          
0540001001012000514100130042000000.08000          
0540001001012000517020060042000000.05000          
0540001001012000518510040042000002.00000          
0540001001012000520010000042000000.03000          
0540001001012000520640010042000000.00600          
0540001001012000521620290035000000.01000          
0540001001012000523800000042000000.10000          
0540001001012000524060000042000000.00100          
0540001001012000524100010042000000.00100          
0540001001012000528020000042000000.01830          
0540001001012000528040000042000000.03500          
0540001001012000538050000042000000.12670          
0540001001012000539011000042000000.00700          
0540001001012000539281020042000000.00500          
0540001001012000539281110042000000.02000          
0540001001012000539890110042000000.02300          
0540001001012000547800000042000000.03000          
0540001001012000548070000042000000.03000          
0540001001012000548700010042000000.05000          
0540001001012000556000150023000000.51000          
0540001001012000557050220023000000.50000          
0540001001012000564280010042000000.00500          
0540001001012000564280020042000000.00630          
0540001001012000572050010042000041.50000          
0540001001012000573170170042000000.30000          
0540001001012000573540000042000005.00000          
0540001001012000573630000042000001.00000          
0540001001012000575030000042000000.02000          
0540001001012000575110040042000000.01000          
0540001001012000575130000042000000.01000          
0540001001012000575160010042000000.20000          
0540001001012000580600020042000000.00200          
0540001001012000580720020042000000.10000          
0540001001012000580960010042000000.01300          
0540001001012000641180350015000001.00000          
0540001001012000641440010023000000.70000          
0540001001012000650480100015000003.50000          
0540001001012000657382500042000000.04000          
0540001001012000657400120042000000.09000          
0540001001012000700060010015000003.00000          
0540001001012000700090010015000026.50000          
0540001001012000712010010022000010.00000          
0540001001012000718390010015000030.00000          
0540001001012000718400010015000004.00000          
0540001001012000718490000042000000.01500          
0540001001012000718500010015000050.00000          
0540001001012000718500110015000002.00000          
0540001001012000719770020042000000.10000          
0540001001012000721040840042000001.50000          
0540001001012000723010030042000002.67000          
0540001001012000737360080050000003.00000          
0540001001012000760120050042000000.12700          
0540001001012000760150000042000000.50000          
0540001001012000763020100042000000.05000          
0540810000012000517020060042000000.08000          
0540810000012000518510040042000000.01600          
0540810000012000539011000042000000.01000          
0540810000012000539660000042000000.00160          
0540810000012000548040000042000010.20000          
0540810000012000548070000042000000.06000          
0540810000012000572050010042000000.08000          
0540810000012000700090010015000000.51000          
0540810000012000760250000042000000.09000          
0540810007712000517020060042000000.08000          
0540810007712000518510040042000000.01600          
0540810007712000539011000042000000.01000          
0540810007712000539660000042000000.00160          
0540810007712000548040000042000010.20000          
0540810007712000548070000042000000.06000          
0540810007712000572050010042000000.08000          
0540810007712000700090010015000000.19000          
0540810007712000700090010015000000.32000          
0540810007712000760250000042000000.09000          
0560000000110800546001000033000012.00000          
0560000000110800570110000042000010.00000          
0560000000110800572050010042000003.00000          
0560000000110800573010000042000003.00000          
0560000000110800573170170042000000.01500          
0560000000110800573540000042000007.00000          
0560000000110800700090010015000000.95000          
0560000000110800719770040042000000.01000          
0560000000110800723010030042000000.20000          
0560000000110800726480020042000000.02000          
0560000000110800729322500015000005.40000          
0560000000110800730080150023000003.00000          
0560000000112000277040800042000000.01200          
0560000000112000328020000042000000.00140          
0560000000112000517700010042000000.01000          
0560000000112000518510040042000002.97000          
0560000000112000523800000042000000.20000          
0560000000112000539281020042000000.00500          
0560000000112000539281110042000000.00500          
0560000000112000544002000042000000.01000          
0560000000112000547800000042000000.03000          
0560000000112000548040000042000000.07000          
0560000000112000548070000042000000.00500          
0560000000112000557050220023000000.50000          
0560000000112000570110000042000001.30000          
0560000000112000572050010042000017.20000          
0560000000112000573010000042000000.22000          
0560000000112000573170170042000000.01300          
0560000000112000573540000042000000.05000          
0560000000112000575030000042000000.01500          
0560000000112000575130000042000000.02500          
0560000000112000700090010015000002.30000          
0560000000112000700510010015000000.02000          
0560000000112000718490000042000000.01000          
0560000000112000719770040042000000.01000          
0560000000112000721040840042000000.30000          
0560000000112000723010030042000000.20000          
0560000000112000737360080050000001.00000          
0560015000012000277040800042000000.00300          
0560015000012000517020060042000000.03000          
0560015000012000539011000042000000.00500          
0560015000012000539660000042000000.00160          
0560015000012000548040000042000002.10000          
0560015000012000548070000042000000.03000          
0560015000012000572050010042000000.02500          
0560015000012000700090010015000000.25000          
0560015000012000719770050042000000.35000          
0560015000012000723010030042000000.30000          
0560015000012000760250000042000000.01000          
0562500000110800546001000033000012.00000          
0562500000110800570110000042000010.00000          
0562500000110800572050010042000003.00000          
0562500000110800573010000042000003.00000          
0562500000110800573170170042000000.01500          
0562500000110800573540000042000007.00000          
0562500000110800700090010015000000.95000          
0562500000110800719770040042000000.01000          
0562500000110800723010030042000000.20000          
0562500000110800726480020042000000.02000          
0562500000110800729322500015000005.40000          
0562500000110800730080150023000003.00000          
0562500000112000277040800042000000.01200          
0562500000112000328020000042000000.00140          
0562500000112000517700010042000000.01000          
0562500000112000518510040042000002.97000          
0562500000112000523800000042000000.20000          
0562500000112000539281020042000000.00500          
0562500000112000539281110042000000.00500          
0562500000112000544002000042000000.01000          
0562500000112000547800000042000000.03000          
0562500000112000548040000042000000.07000          
0562500000112000548070000042000000.00500          
0562500000112000557050220023000000.50000          
0562500000112000570110000042000001.30000          
0562500000112000572050010042000017.20000          
0562500000112000573010000042000000.22000          
0562500000112000573170170042000000.01300          
0562500000112000573540000042000000.05000          
0562500000112000575030000042000000.01500          
0562500000112000575130000042000000.02500          
0562500000112000700090010015000002.30000          
0562500000112000700510010015000000.02000          
0562500000112000718490000042000000.01000          
0562500000112000719770040042000000.01000          
0562500000112000721040840042000000.30000          
0562500000112000723010030042000000.20000          
0562500000112000737360080050000001.00000          
0562800000212000539281110042000000.00500          
0562800000212000570110000042000001.30000          
0562800000212000572050010042000017.20000          
0562800000212000573170170042000000.01300          
0562800000212000700090010015000002.30000          
0620006001010700518540150042000000.04000          
0620006001010700760100010042000000.07700          
0620006001010900277060500042000000.00100          
0620006001010900572050010042000000.50000          
0620006001010900573540000042000002.00000          
0620006001010900575160010042000000.00100          
0620006001010900709520000042000000.01000          
0620006001010900719340240050000002.00000          
0620006001010901277060500042000000.00800          
0620006001010901546001000033000000.06000          
0620006001010901546862000033000000.04100          
0620006001010901570110000042000027.20000          
0620006001010901572050010042000001.50000          
0620006001010901573010000042000002.40000          
0620006001010901573540000042000011.20000          
0620006001010901573650000042000002.50000          
0620006001010901575160010042000000.00250          
0620006001010901580720020042000000.02500          
0620006001010901610450060042000000.01000          
0620006001010901610530000042000000.02100          
0620006001010901709520000042000000.20000          
0620006001010901719340240050000008.00000          
0620006001010901726480020042000000.03300          
0620006001010902277060500042000000.02200          
0620006001010902546001000033000000.06000          
0620006001010902546862000033000000.04900          
0620006001010902570110000042000030.80000          
0620006001010902572050010042000001.50000          
0620006001010902573010000042000002.40000          
0620006001010902573540000042000008.50000          
0620006001010902573650000042000002.50000          
0620006001010902575160010042000000.00250          
0620006001010902580720020042000000.02500          
0620006001010902610450060042000000.00900          
0620006001010902610530000042000000.02000          
0620006001010902709520000042000000.20000          
0620006001010902719340240050000008.00000          
0620006001010902726480020042000000.03000          
0620006001012000277040600042000000.01400          
0620006001012000277040800042000000.02200          
0620006001012000277041000042000000.01000          
0620006001012000277060500042000000.17000          
0620006001012000328020000042000000.01100          
0620006001012000510418150042000000.00100          
0620006001012000513380120042000000.00500          
0620006001012000514090000042000000.03000          
0620006001012000514100010042000000.01000          
0620006001012000514100060042000000.06000          
0620006001012000514100090042000000.02500          
0620006001012000514100100042000000.00100          
0620006001012000514100130042000000.08000          
0620006001012000517020060042000000.03000          
0620006001012000518510040042000002.00000          
0620006001012000520010000042000000.05000          
0620006001012000520640010042000000.01000          
0620006001012000521540000042000000.16000          
0620006001012000521620290035000000.00500          
0620006001012000523800000042000000.20000          
0620006001012000524060000042000000.00400          
0620006001012000524100010042000000.00100          
0620006001012000528020000042000000.04520          
0620006001012000528040000042000000.03430          
0620006001012000538050000042000000.12670          
0620006001012000539281020042000000.01500          
0620006001012000539281110042000000.13000          
0620006001012000539281120042000000.10000          
0620006001012000539890110042000000.03300          
0620006001012000547800000042000000.03000          
0620006001012000548070000042000000.02500          
0620006001012000556000150023000000.01000          
0620006001012000557050220023000000.40000          
0620006001012000564280010042000000.00400          
0620006001012000564280020042000000.00630          
0620006001012000572050010042000057.75000          
0620006001012000573060000042000000.04000          
0620006001012000573170170042000000.20000          
0620006001012000573540000042000000.30000          
0620006001012000573630000042000001.00000          
0620006001012000575030000042000000.03500          
0620006001012000575110040042000000.01200          
0620006001012000575130000042000000.01000          
0620006001012000575160010042000000.20000          
0620006001012000580600020042000000.00500          
0620006001012000580720020042000000.05000          
0620006001012000580960010042000000.01100          
0620006001012000641440010023000000.80000          
0620006001012000650480100015000003.50000          
0620006001012000657383500042000000.10000          
0620006001012000657450150042000000.20000          
0620006001012000700060010015000005.00000          
0620006001012000700090010015000016.70000          
0620006001012000700510010015000000.09000          
0620006001012000712010010022000001.70000          
0620006001012000718390010015000040.00000          
0620006001012000718400010015000004.75000          
0620006001012000718490000042000000.01500          
0620006001012000718500010015000054.50000          
0620006001012000718500110015000001.50000          
0620006001012000719770020042000000.15000          
0620006001012000721040840042000000.80000          
0620006001012000723010030042000003.34000          
0620006001012000737360080050000006.00000          
0620006001012000760150000042000000.40000          
0620006001012000760240000042000000.03200          
0620006001012000763020100042000000.07500          
0620006001110700518540150042000000.04000          
0620006001110700760100010042000000.07700          
0620006001110900277060500042000000.00100          
0620006001110900572050010042000000.50000          
0620006001110900573540000042000002.00000          
0620006001110900575160010042000000.00100          
0620006001110900709520000042000000.01000          
0620006001110900719340240050000002.00000          
0620006001110901277060500042000000.00750          
0620006001110901546001000033000000.06000          
0620006001110901546862000033000000.04100          
0620006001110901570110000042000027.20000          
0620006001110901572050010042000001.50000          
0620006001110901573010000042000004.10000          
0620006001110901573540000042000010.80000          
0620006001110901573650000042000002.50000          
0620006001110901575160010042000000.00250          
0620006001110901580720020042000000.02500          
0620006001110901610450060042000000.01000          
0620006001110901610530000042000000.02100          
0620006001110901709520000042000000.20000          
0620006001110901719340240050000008.00000          
0620006001110901726480020042000000.03300          
0620006001110902277060500042000000.01750          
0620006001110902546001000033000000.06000          
0620006001110902546862000033000000.04900          
0620006001110902570110000042000030.80000          
0620006001110902572050010042000001.50000          
0620006001110902573010000042000004.20000          
0620006001110902573540000042000008.10000          
0620006001110902573650000042000002.50000          
0620006001110902575160010042000000.00250          
0620006001110902580720020042000000.02500          
0620006001110902610450060042000000.00900          
0620006001110902610530000042000000.02000          
0620006001110902709520000042000000.20000          
0620006001110902719340240050000008.00000          
0620006001110902726480020042000000.03000          
0620006001112000277040600042000000.01400          
0620006001112000277040800042000000.02200          
0620006001112000277041000042000000.01000          
0620006001112000277060500042000000.15000          
0620006001112000328020000042000000.01100          
0620006001112000510418150042000000.00100          
0620006001112000513380120042000000.00500          
0620006001112000514090000042000000.03000          
0620006001112000514100010042000000.01000          
0620006001112000514100060042000000.06000          
0620006001112000514100090042000000.02500          
0620006001112000514100100042000000.00100          
0620006001112000514100130042000000.08000          
0620006001112000517020060042000000.03000          
0620006001112000518510040042000002.00000          
0620006001112000520010000042000000.05000          
0620006001112000520640010042000000.01000          
0620006001112000521540000042000000.16000          
0620006001112000521620290035000000.00500          
0620006001112000523800000042000000.20000          
0620006001112000524060000042000000.00400          
0620006001112000524100010042000000.00100          
0620006001112000528020000042000000.04520          
0620006001112000528040000042000000.03430          
0620006001112000538050000042000000.12670          
0620006001112000539281020042000000.01500          
0620006001112000539281110042000000.13000          
0620006001112000539281120042000000.10000          
0620006001112000539890110042000000.03300          
0620006001112000547800000042000000.03000          
0620006001112000548070000042000000.02500          
0620006001112000556000150023000000.01000          
0620006001112000557050220023000000.40000          
0620006001112000564280010042000000.00400          
0620006001112000564280020042000000.00630          
0620006001112000572050010042000057.75000          
0620006001112000573060000042000000.04000          
0620006001112000573170170042000000.20000          
0620006001112000573540000042000000.30000          
0620006001112000573630000042000001.00000          
0620006001112000575030000042000000.03500          
0620006001112000575110040042000000.01200          
0620006001112000575130000042000000.01000          
0620006001112000575160010042000000.20000          
0620006001112000580600020042000000.00500          
0620006001112000580720020042000000.05000          
0620006001112000580960010042000000.01100          
0620006001112000641440010023000000.80000          
0620006001112000650480100015000003.50000          
0620006001112000657383500042000000.10000          
0620006001112000657450150042000000.20000          
0620006001112000700060010015000005.00000          
0620006001112000700090010015000016.70000          
0620006001112000700510010015000000.09000          
0620006001112000712010010022000001.70000          
0620006001112000718390010015000040.00000          
0620006001112000718400010015000004.75000          
0620006001112000718490000042000000.01500          
0620006001112000718500010015000054.50000          
0620006001112000718500110015000001.50000          
0620006001112000719770020042000000.15600          
0620006001112000721040840042000000.80000          
0620006001112000723010030042000003.34000          
0620006001112000737360080050000006.00000          
0620006001112000760150000042000000.40000          
0620006001112000760240000042000000.03200          
0620006001112000763020100042000000.07500          
0620006001210700518540150042000000.04000          
0620006001210700760100010042000000.07700          
0620006001210900277060500042000000.00100          
0620006001210900572050010042000000.50000          
0620006001210900573540000042000002.00000          
0620006001210900575160010042000000.00100          
0620006001210900709520000042000000.01000          
0620006001210900719340240050000002.00000          
0620006001210901277060500042000000.00800          
0620006001210901546001000033000000.06000          
0620006001210901546862000033000000.04100          
0620006001210901570110000042000027.20000          
0620006001210901572050010042000001.50000          
0620006001210901573010000042000002.40000          
0620006001210901573540000042000011.20000          
0620006001210901573650000042000002.50000          
0620006001210901575160010042000000.00250          
0620006001210901580720020042000000.02500          
0620006001210901610450060042000000.01000          
0620006001210901610530000042000000.02100          
0620006001210901709520000042000000.20000          
0620006001210901719340240050000008.00000          
0620006001210901726480020042000000.03300          
0620006001210902277060500042000000.02200          
0620006001210902546001000033000000.06000          
0620006001210902546862000033000000.04900          
0620006001210902570110000042000030.80000          
0620006001210902572050010042000001.50000          
0620006001210902573010000042000002.40000          
0620006001210902573540000042000008.50000          
0620006001210902573650000042000002.50000          
0620006001210902575160010042000000.00250          
0620006001210902580720020042000000.02500          
0620006001210902610450060042000000.00900          
0620006001210902610530000042000000.02000          
0620006001210902709520000042000000.20000          
0620006001210902719340240050000008.00000          
0620006001210902726480020042000000.03000          
0620006001212000277040600042000000.01400          
0620006001212000277040800042000000.02200          
0620006001212000277041000042000000.01000          
0620006001212000277060500042000000.17000          
0620006001212000328020000042000000.01100          
0620006001212000510418150042000000.00100          
0620006001212000513380120042000000.00500          
0620006001212000514090000042000000.03000          
0620006001212000514100010042000000.01000          
0620006001212000514100060042000000.06000          
0620006001212000514100090042000000.02500          
0620006001212000514100100042000000.00100          
0620006001212000514100130042000000.08000          
0620006001212000517020060042000000.03000          
0620006001212000518510040042000002.00000          
0620006001212000520010000042000000.05000          
0620006001212000520640010042000000.01000          
0620006001212000521540000042000000.16000          
0620006001212000521620290035000000.00500          
0620006001212000523800000042000000.20000          
0620006001212000524060000042000000.00400          
0620006001212000524100010042000000.00100          
0620006001212000528020000042000000.04520          
0620006001212000528040000042000000.03430          
0620006001212000538050000042000000.12670          
0620006001212000539281020042000000.01500          
0620006001212000539281110042000000.13000          
0620006001212000539281120042000000.10000          
0620006001212000539890110042000000.03300          
0620006001212000547800000042000000.03000          
0620006001212000548070000042000000.02500          
0620006001212000548700010042000000.06000          
0620006001212000556000150023000000.01000          
0620006001212000557050220023000000.40000          
0620006001212000564280010042000000.00400          
0620006001212000564280020042000000.00630          
0620006001212000572050010042000057.75000          
0620006001212000573060000042000000.04000          
0620006001212000573170170042000000.20000          
0620006001212000573540000042000000.30000          
0620006001212000573630000042000001.00000          
0620006001212000575030000042000000.03500          
0620006001212000575110040042000000.01200          
0620006001212000575130000042000000.01000          
0620006001212000575160010042000000.20000          
0620006001212000580600020042000000.00500          
0620006001212000580720020042000000.05000          
0620006001212000580960010042000000.01100          
0620006001212000641440010023000000.80000          
0620006001212000650480100015000003.50000          
0620006001212000657383500042000000.10000          
0620006001212000657450150042000000.20000          
0620006001212000700060010015000005.00000          
0620006001212000700090010015000016.70000          
0620006001212000700510010015000000.09000          
0620006001212000712010010022000001.70000          
0620006001212000718390010015000040.00000          
0620006001212000718400010015000004.75000          
0620006001212000718490000042000000.01500          
0620006001212000718500010015000054.50000          
0620006001212000718500110015000001.50000          
0620006001212000719770020042000000.15600          
0620006001212000721040840042000000.80000          
0620006001212000723010030042000003.34000          
0620006001212000737360080050000006.00000          
0620006001212000760120050042000000.15300          
0620006001212000760150000042000000.40000          
0620006001212000760240000042000000.03200          
0620006001212000763020100042000000.07500          
0620006001310700518540150042000000.04000          
0620006001310700760100010042000000.07700          
0620006001310900277060500042000000.00100          
0620006001310900572050010042000000.50000          
0620006001310900573540000042000002.00000          
0620006001310900575160010042000000.00100          
0620006001310900709520000042000000.01000          
0620006001310900719340240050000002.00000          
0620006001310901277060500042000000.00750          
0620006001310901546001000033000000.06000          
0620006001310901546862000033000000.04100          
0620006001310901570110000042000027.20000          
0620006001310901572050010042000001.50000          
0620006001310901573010000042000004.10000          
0620006001310901573540000042000010.80000          
0620006001310901573650000042000002.50000          
0620006001310901575160010042000000.00250          
0620006001310901580720020042000000.02500          
0620006001310901610450060042000000.01000          
0620006001310901610530000042000000.02100          
0620006001310901709520000042000000.20000          
0620006001310901719340240050000008.00000          
0620006001310901726480020042000000.03300          
0620006001310902277060500042000000.01750          
0620006001310902546001000033000000.06000          
0620006001310902546862000033000000.04900          
0620006001310902570110000042000030.80000          
0620006001310902572050010042000001.50000          
0620006001310902573010000042000004.20000          
0620006001310902573540000042000008.10000          
0620006001310902573650000042000002.50000          
0620006001310902575160010042000000.00250          
0620006001310902580720020042000000.02500          
0620006001310902610450060042000000.00900          
0620006001310902610530000042000000.02000          
0620006001310902709520000042000000.20000          
0620006001310902719340240050000008.00000          
0620006001310902726480020042000000.03000          
0620006001312000277040600042000000.01400          
0620006001312000277040800042000000.02200          
0620006001312000277041000042000000.01000          
0620006001312000277060500042000000.15000          
0620006001312000328020000042000000.01100          
0620006001312000510418150042000000.00100          
0620006001312000513380120042000000.00500          
0620006001312000514090000042000000.03000          
0620006001312000514100010042000000.01000          
0620006001312000514100060042000000.06000          
0620006001312000514100090042000000.02500          
0620006001312000514100100042000000.00100          
0620006001312000514100130042000000.08000          
0620006001312000517020060042000000.03000          
0620006001312000518510040042000002.00000          
0620006001312000520010000042000000.05000          
0620006001312000520640010042000000.01000          
0620006001312000521540000042000000.16000          
0620006001312000521620290035000000.00500          
0620006001312000523800000042000000.20000          
0620006001312000524060000042000000.00400          
0620006001312000524100010042000000.00100          
0620006001312000528020000042000000.04520          
0620006001312000528040000042000000.03430          
0620006001312000538050000042000000.12670          
0620006001312000539281020042000000.01500          
0620006001312000539281110042000000.13000          
0620006001312000539281120042000000.10000          
0620006001312000539890110042000000.03300          
0620006001312000547800000042000000.03000          
0620006001312000548070000042000000.02500          
0620006001312000548700010042000000.06000          
0620006001312000556000150023000000.01000          
0620006001312000557050220023000000.40000          
0620006001312000564280010042000000.00400          
0620006001312000572050010042000057.75000          
0620006001312000573060000042000000.04000          
0620006001312000573170170042000000.20000          
0620006001312000573540000042000000.30000          
0620006001312000573630000042000001.00000          
0620006001312000575030000042000000.03500          
0620006001312000575110040042000000.01200          
0620006001312000575130000042000000.01000          
0620006001312000575160010042000000.20000          
0620006001312000580600020042000000.00500          
0620006001312000580720020042000000.05000          
0620006001312000580960010042000000.01100          
0620006001312000641440010023000000.80000          
0620006001312000650480100015000003.50000          
0620006001312000657383500042000000.10000          
0620006001312000657450150042000000.20000          
0620006001312000700060010015000005.00000          
0620006001312000700090010015000016.70000          
0620006001312000700510010015000000.09000          
0620006001312000712010010022000001.70000          
0620006001312000718390010015000040.00000          
0620006001312000718400010015000004.75000          
0620006001312000718490000042000000.01500          
0620006001312000718500010015000054.50000          
0620006001312000718500110015000001.50000          
0620006001312000719770020042000000.15600          
0620006001312000721040840042000000.80000          
0620006001312000723010030042000003.34000          
0620006001312000737360080050000006.00000          
0620006001312000760120050042000000.15300          
0620006001312000760150000042000000.40000          
0620006001312000760240000042000000.03200          
0620006001312000763020100042000000.07500          
0620006001410700518540150042000000.04000          
0620006001410700760100010042000000.07700          
0620006001410900277060500042000000.00100          
0620006001410900572050010042000000.50000          
0620006001410900573540000042000002.00000          
0620006001410900575160010042000000.00100          
0620006001410900709520000042000000.01000          
0620006001410900719340240050000002.00000          
0620006001410901277060500042000000.00800          
0620006001410901546001000033000000.06000          
0620006001410901546862000033000000.04100          
0620006001410901570110000042000027.20000          
0620006001410901572050010042000001.50000          
0620006001410901573010000042000002.40000          
0620006001410901573540000042000011.20000          
0620006001410901573650000042000002.50000          
0620006001410901575160010042000000.00250          
0620006001410901580720020042000000.02500          
0620006001410901610450060042000000.01000          
0620006001410901610530000042000000.02100          
0620006001410901709520000042000000.20000          
0620006001410901719340240050000008.00000          
0620006001410901726480020042000000.03300          
0620006001410902277060500042000000.02200          
0620006001410902546001000033000000.06000          
0620006001410902546862000033000000.04900          
0620006001410902570110000042000030.80000          
0620006001410902572050010042000001.50000          
0620006001410902573010000042000002.40000          
0620006001410902573540000042000008.50000          
0620006001410902573650000042000002.50000          
0620006001410902575160010042000000.00250          
0620006001410902580720020042000000.02500          
0620006001410902610450060042000000.00900          
0620006001410902610530000042000000.02000          
0620006001410902709520000042000000.20000          
0620006001410902719340240050000008.00000          
0620006001410902726480020042000000.03000          
0620006001412000277040600042000000.01400          
0620006001412000277040800042000000.02200          
0620006001412000277041000042000000.01000          
0620006001412000277060500042000000.17000          
0620006001412000328020000042000000.01100          
0620006001412000510418150042000000.00100          
0620006001412000513380120042000000.00500          
0620006001412000514090000042000000.03000          
0620006001412000514100010042000000.01000          
0620006001412000514100060042000000.06000          
0620006001412000514100090042000000.02500          
0620006001412000514100100042000000.00100          
0620006001412000514100130042000000.08000          
0620006001412000517020060042000000.03000          
0620006001412000518510040042000002.00000          
0620006001412000520010000042000000.05000          
0620006001412000520640010042000000.01000          
0620006001412000521540000042000000.16000          
0620006001412000521620290035000000.00500          
0620006001412000523800000042000000.20000          
0620006001412000524060000042000000.00400          
0620006001412000524100010042000000.00100          
0620006001412000528020000042000000.04520          
0620006001412000528040000042000000.03430          
0620006001412000538050000042000000.12670          
0620006001412000539281020042000000.01500          
0620006001412000539281110042000000.13000          
0620006001412000539281120042000000.10000          
0620006001412000539890110042000000.03300          
0620006001412000547800000042000000.03000          
0620006001412000548070000042000000.02500          
0620006001412000556000150023000000.01000          
0620006001412000557050220023000000.40000          
0620006001412000564280010042000000.00400          
0620006001412000564280020042000000.00630          
0620006001412000572050010042000057.75000          
0620006001412000573060000042000000.04000          
0620006001412000573170170042000000.20000          
0620006001412000573540000042000000.30000          
0620006001412000573630000042000001.00000          
0620006001412000575030000042000000.03500          
0620006001412000575110040042000000.01200          
0620006001412000575130000042000000.01000          
0620006001412000575160010042000000.20000          
0620006001412000580600020042000000.00500          
0620006001412000580720020042000000.05000          
0620006001412000580960010042000000.01100          
0620006001412000641440010023000000.80000          
0620006001412000650480100015000003.50000          
0620006001412000657383500042000000.10000          
0620006001412000657450150042000000.20000          
0620006001412000700060010015000005.00000          
0620006001412000700090010015000016.70000          
0620006001412000700510010015000000.09000          
0620006001412000712010010022000001.70000          
0620006001412000718390010015000040.00000          
0620006001412000718400010015000004.75000          
0620006001412000718490000042000000.01500          
0620006001412000718500010015000054.50000          
0620006001412000718500110015000001.50000          
0620006001412000719770020042000000.15600          
0620006001412000721040840042000000.80000          
0620006001412000723010030042000003.34000          
0620006001412000737360080050000006.00000          
0620006001412000760150000042000000.40000          
0620006001412000760240000042000000.03200          
0620006001412000763020100042000000.07500          
0620006001510700518540150042000000.04000          
0620006001510700760100010042000000.07700          
0620006001510900277060500042000000.00100          
0620006001510900572050010042000000.50000          
0620006001510900573540000042000002.00000          
0620006001510900575160010042000000.00100          
0620006001510900709520000042000000.01000          
0620006001510900719340240050000002.00000          
0620006001510901277060500042000000.00750          
0620006001510901546001000033000000.06000          
0620006001510901546862000033000000.04100          
0620006001510901570110000042000027.20000          
0620006001510901572050010042000001.50000          
0620006001510901573010000042000004.10000          
0620006001510901573540000042000010.80000          
0620006001510901573650000042000002.50000          
0620006001510901575160010042000000.00250          
0620006001510901580720020042000000.02500          
0620006001510901610450060042000000.01000          
0620006001510901610530000042000000.02100          
0620006001510901709520000042000000.20000          
0620006001510901719340240050000008.00000          
0620006001510901726480020042000000.03300          
0620006001510902277060500042000000.01750          
0620006001510902546001000033000000.06000          
0620006001510902546862000033000000.04900          
0620006001510902570110000042000030.80000          
0620006001510902572050010042000001.50000          
0620006001510902573010000042000004.20000          
0620006001510902573540000042000008.10000          
0620006001510902573650000042000002.50000          
0620006001510902575160010042000000.00250          
0620006001510902580720020042000000.02500          
0620006001510902610450060042000000.00900          
0620006001510902610530000042000000.02000          
0620006001510902709520000042000000.20000          
0620006001510902719340240050000008.00000          
0620006001510902726480020042000000.03000          
0620006001512000277040600042000000.01400          
0620006001512000277040800042000000.02200          
0620006001512000277041000042000000.01000          
0620006001512000277060500042000000.15000          
0620006001512000328020000042000000.01100          
0620006001512000510418150042000000.00100          
0620006001512000513380120042000000.00500          
0620006001512000514090000042000000.03000          
0620006001512000514100010042000000.01000          
0620006001512000514100060042000000.06000          
0620006001512000514100090042000000.02500          
0620006001512000514100100042000000.00100          
0620006001512000514100130042000000.08000          
0620006001512000517020060042000000.03000          
0620006001512000518510040042000002.00000          
0620006001512000520010000042000000.05000          
0620006001512000520640010042000000.01000          
0620006001512000521540000042000000.16000          
0620006001512000521620290035000000.00500          
0620006001512000523800000042000000.20000          
0620006001512000524060000042000000.00400          
0620006001512000524100010042000000.00100          
0620006001512000528020000042000000.04520          
0620006001512000528040000042000000.03430          
0620006001512000538050000042000000.12670          
0620006001512000539281020042000000.01500          
0620006001512000539281110042000000.13000          
0620006001512000539281120042000000.10000          
0620006001512000539890110042000000.03300          
0620006001512000547800000042000000.03000          
0620006001512000548070000042000000.02500          
0620006001512000556000150023000000.01000          
0620006001512000557050220023000000.40000          
0620006001512000564280010042000000.00400          
0620006001512000572050010042000057.75000          
0620006001512000573060000042000000.04000          
0620006001512000573170170042000000.20000          
0620006001512000573540000042000000.30000          
0620006001512000573630000042000001.00000          
0620006001512000575030000042000000.03500          
0620006001512000575110040042000000.01200          
0620006001512000575130000042000000.01000          
0620006001512000575160010042000000.20000          
0620006001512000580600020042000000.00500          
0620006001512000580720020042000000.05000          
0620006001512000580960010042000000.01100          
0620006001512000641440010023000000.80000          
0620006001512000650480100015000003.50000          
0620006001512000657383500042000000.10000          
0620006001512000657450150042000000.20000          
0620006001512000700060010015000005.00000          
0620006001512000700090010015000016.70000          
0620006001512000700510010015000000.09000          
0620006001512000712010010022000001.70000          
0620006001512000718390010015000040.00000          
0620006001512000718400010015000004.75000          
0620006001512000718490000042000000.01500          
0620006001512000718500010015000054.50000          
0620006001512000718500110015000001.50000          
0620006001512000719770020042000000.15600          
0620006001512000721040840042000000.80000          
0620006001512000723010030042000003.34000          
0620006001512000737360080050000006.00000          
0620006001512000760150000042000000.40000          
0620006001512000760240000042000000.03200          
0620006001512000763020100042000000.07500          
0620006001610700518540150042000000.04000          
0620006001610700760100010042000000.07700          
0620006001610900277060500042000000.00100          
0620006001610900572050010042000000.50000          
0620006001610900573540000042000002.00000          
0620006001610900575160010042000000.00100          
0620006001610900709520000042000000.01000          
0620006001610900719340240050000002.00000          
0620006001610901277060500042000000.00800          
0620006001610901546001000033000000.06000          
0620006001610901546862000033000000.04100          
0620006001610901570110000042000027.20000          
0620006001610901572050010042000001.50000          
0620006001610901573010000042000002.40000          
0620006001610901573540000042000011.20000          
0620006001610901573650000042000002.50000          
0620006001610901575160010042000000.00250          
0620006001610901580720020042000000.02500          
0620006001610901610450060042000000.01000          
0620006001610901610530000042000000.02100          
0620006001610901709520000042000000.20000          
0620006001610901719340240050000008.00000          
0620006001610901726480020042000000.03300          
0620006001610902277060500042000000.02200          
0620006001610902546001000033000000.06000          
0620006001610902546862000033000000.04900          
0620006001610902570110000042000030.80000          
0620006001610902572050010042000001.50000          
0620006001610902573010000042000002.40000          
0620006001610902573540000042000008.50000          
0620006001610902573650000042000002.50000          
0620006001610902575160010042000000.00250          
0620006001610902580720020042000000.02500          
0620006001610902610450060042000000.00900          
0620006001610902610530000042000000.02000          
0620006001610902709520000042000000.20000          
0620006001610902719340240050000008.00000          
0620006001610902726480020042000000.03000          
0620006001612000277040600042000000.01400          
0620006001612000277040800042000000.02200          
0620006001612000277041000042000000.01000          
0620006001612000277060500042000000.17000          
0620006001612000328020000042000000.01100          
0620006001612000510418150042000000.00100          
0620006001612000513380120042000000.00500          
0620006001612000514090000042000000.03000          
0620006001612000514100010042000000.01000          
0620006001612000514100060042000000.06000          
0620006001612000514100090042000000.02500          
0620006001612000514100100042000000.00100          
0620006001612000514100130042000000.08000          
0620006001612000517020060042000000.03000          
0620006001612000518510040042000002.00000          
0620006001612000520010000042000000.05000          
0620006001612000520640010042000000.01000          
0620006001612000521540000042000000.16000          
0620006001612000521620290035000000.00500          
0620006001612000523800000042000000.20000          
0620006001612000524060000042000000.00400          
0620006001612000524100010042000000.00100          
0620006001612000528020000042000000.04520          
0620006001612000528040000042000000.03430          
0620006001612000538050000042000000.12670          
0620006001612000539281020042000000.01500          
0620006001612000539281110042000000.13000          
0620006001612000539281120042000000.10000          
0620006001612000539890110042000000.03300          
0620006001612000547800000042000000.03000          
0620006001612000548070000042000000.02500          
0620006001612000548700010042000000.06000          
0620006001612000556000150023000000.01000          
0620006001612000557050220023000000.40000          
0620006001612000564280010042000000.00400          
0620006001612000564280020042000000.00630          
0620006001612000572050010042000057.75000          
0620006001612000573060000042000000.04000          
0620006001612000573170170042000000.20000          
0620006001612000573540000042000000.30000          
0620006001612000573630000042000001.00000          
0620006001612000575030000042000000.03500          
0620006001612000575110040042000000.01200          
0620006001612000575130000042000000.01000          
0620006001612000575160010042000000.20000          
0620006001612000580600020042000000.00500          
0620006001612000580720020042000000.05000          
0620006001612000580960010042000000.01100          
0620006001612000641440010023000000.80000          
0620006001612000650480100015000003.50000          
0620006001612000657383500042000000.10000          
0620006001612000657450150042000000.20000          
0620006001612000700060010015000005.00000          
0620006001612000700090010015000016.70000          
0620006001612000700510010015000000.09000          
0620006001612000712010010022000001.70000          
0620006001612000718390010015000040.00000          
0620006001612000718400010015000004.75000          
0620006001612000718490000042000000.01500          
0620006001612000718500010015000054.50000          
0620006001612000718500110015000001.50000          
0620006001612000719770020042000000.15600          
0620006001612000721040840042000000.80000          
0620006001612000723010030042000003.34000          
0620006001612000737360080050000006.00000          
0620006001612000760120050042000000.15300          
0620006001612000760150000042000000.40000          
0620006001612000760240000042000000.03200          
0620006001612000763020100042000000.07500          
0620006001710700518540150042000000.04000          
0620006001710700760100010042000000.07700          
0620006001710900277060500042000000.00100          
0620006001710900572050010042000000.50000          
0620006001710900573540000042000002.00000          
0620006001710900575160010042000000.00100          
0620006001710900709520000042000000.01000          
0620006001710900719340240050000002.00000          
0620006001710901277060500042000000.00750          
0620006001710901546001000033000000.06000          
0620006001710901546862000033000000.04100          
0620006001710901570110000042000027.20000          
0620006001710901572050010042000001.50000          
0620006001710901573010000042000004.10000          
0620006001710901573540000042000010.80000          
0620006001710901573650000042000002.50000          
0620006001710901575160010042000000.00250          
0620006001710901580720020042000000.02500          
0620006001710901610450060042000000.01000          
0620006001710901610530000042000000.02100          
0620006001710901709520000042000000.20000          
0620006001710901719340240050000008.00000          
0620006001710901726480020042000000.03300          
0620006001710902277060500042000000.01750          
0620006001710902546001000033000000.06000          
0620006001710902546862000033000000.04900          
0620006001710902570110000042000030.80000          
0620006001710902572050010042000001.50000          
0620006001710902573010000042000004.20000          
0620006001710902573540000042000008.10000          
0620006001710902573650000042000002.50000          
0620006001710902575160010042000000.00250          
0620006001710902580720020042000000.02500          
0620006001710902610450060042000000.00900          
0620006001710902610530000042000000.02000          
0620006001710902709520000042000000.20000          
0620006001710902719340240050000008.00000          
0620006001710902726480020042000000.03000          
0620006001712000277040600042000000.01400          
0620006001712000277040800042000000.02200          
0620006001712000277041000042000000.01000          
0620006001712000277060500042000000.15000          
0620006001712000328020000042000000.01100          
0620006001712000510418150042000000.00100          
0620006001712000513380120042000000.00500          
0620006001712000514090000042000000.03000          
0620006001712000514100010042000000.01000          
0620006001712000514100060042000000.06000          
0620006001712000514100090042000000.02500          
0620006001712000514100100042000000.00100          
0620006001712000514100130042000000.08000          
0620006001712000517020060042000000.03000          
0620006001712000518510040042000002.00000          
0620006001712000520010000042000000.05000          
0620006001712000520640010042000000.01000          
0620006001712000521540000042000000.16000          
0620006001712000521620290035000000.00500          
0620006001712000523800000042000000.20000          
0620006001712000524060000042000000.00400          
0620006001712000524100010042000000.00100          
0620006001712000528020000042000000.04520          
0620006001712000528040000042000000.03430          
0620006001712000538050000042000000.12670          
0620006001712000539281020042000000.01500          
0620006001712000539281110042000000.13000          
0620006001712000539281120042000000.10000          
0620006001712000539890110042000000.03300          
0620006001712000547800000042000000.03000          
0620006001712000548070000042000000.02500          
0620006001712000548700010042000000.06000          
0620006001712000556000150023000000.01000          
0620006001712000557050220023000000.40000          
0620006001712000564280010042000000.00400          
0620006001712000564280020042000000.00630          
0620006001712000572050010042000057.75000          
0620006001712000573060000042000000.04000          
0620006001712000573170170042000000.20000          
0620006001712000573540000042000000.30000          
0620006001712000573630000042000001.00000          
0620006001712000575030000042000000.03500          
0620006001712000575110040042000000.01200          
0620006001712000575130000042000000.01000          
0620006001712000575160010042000000.20000          
0620006001712000580600020042000000.00500          
0620006001712000580720020042000000.05000          
0620006001712000580960010042000000.01100          
0620006001712000641440010023000000.80000          
0620006001712000650480100015000003.50000          
0620006001712000657383500042000000.10000          
0620006001712000657450150042000000.20000          
0620006001712000700060010015000005.00000          
0620006001712000700090010015000016.70000          
0620006001712000700510010015000000.09000          
0620006001712000712010010022000001.70000          
0620006001712000718390010015000040.00000          
0620006001712000718400010015000004.75000          
0620006001712000718490000042000000.01500          
0620006001712000718500010015000054.50000          
0620006001712000718500110015000001.50000          
0620006001712000719770020042000000.15600          
0620006001712000721040840042000000.80000          
0620006001712000723010030042000003.34000          
0620006001712000737360080050000006.00000          
0620006001712000760120050042000000.15300          
0620006001712000760150000042000000.40000          
0620006001712000760240000042000000.03200          
0620006001712000763020100042000000.07500          
0620802000012000539660000042000000.00100          
0620802000012000572050010042000000.28000          
0620802000012000760250000042000000.05500          
0620803000012000517020060042000000.08000          
0620803000012000518510040042000000.02000          
0620803000012000539011000042000000.02500          
0620803000012000539660000042000000.00400          
0620803000012000548040000042000010.30000          
0620803000012000548070000042000000.15000          
0620803000012000572050010042000000.29200          
0620803000012000700090010015000001.09500          
0620803000012000718400010015000000.80000          
0620803000012000760250000042000000.05800          
0620803007712000517020060042000000.08000          
0620803007712000518510040042000000.02000          
0620803007712000539011000042000000.02500          
0620803007712000548040000042000014.40000          
0620803007712000548070000042000000.12000          
0620803007712000700090010015000000.75000          
0620823000012000539011000042000000.00500          
0620823000012000548040000042000010.00000          
0620823000012000548070000042000000.02000          
0620823000012000700090010015000000.19000          
0620823000012000718400060015000000.50000          
0620825000012000513110070042000000.12000          
0620825000012000539011000042000000.00500          
0620825000012000539660000042000000.00160          
0620825000012000548040000042000002.00000          
0620825000012000548070000042000000.03000          
0620825000012000572050010042000000.02500          
0620825000012000700090010015000000.26000          
0620825000012000718400010015000004.00000          
0620825000012000723010030042000000.20000          
0620825000012000760250000042000000.01000          
0626617000012000277060500042000000.01000          
0626617000012000328020000042000000.00500          
0626617000012000514090000042000000.00300          
0626617000012000514100130042000000.01500          
0626617000012000518510040042000001.60000          
0626617000012000523800000042000000.10000          
0626617000012000524060000042000000.00100          
0626617000012000524100010042000000.00100          
0626617000012000528020000042000000.00100          
0626617000012000528040000042000000.00700          
0626617000012000547800000042000000.00600          
0626617000012000548040000042000001.00000          
0626617000012000548070000042000000.03000          
0626617000012000548700010042000000.00900          
0626617000012000572050010042000013.50000          
0626617000012000573170170042000000.10000          
0626617000012000573540000042000004.00000          
0626617000012000575160010042000000.04000          
0626617000012000580600020042000000.00100          
0626617000012000580720020042000000.01000          
0626617000012000700090010015000005.00000          
0626617000012000719770020042000000.02000          
0626617000012000721040840042000000.15000          
0626617000012000723010030042000000.30000          
0626617000012000737360080050000001.00000          
0626617000012000760120050042000000.15000          
0626617007712000277060500042000000.01000          
0626617007712000328020000042000000.00500          
0626617007712000514090000042000000.00300          
0626617007712000514100130042000000.01500          
0626617007712000518510040042000002.00000          
0626617007712000523800000042000000.10000          
0626617007712000524060000042000000.00100          
0626617007712000524100010042000000.00100          
0626617007712000528020000042000000.00100          
0626617007712000528040000042000000.00700          
0626617007712000547800000042000000.00600          
0626617007712000548040000042000001.00000          
0626617007712000548070000042000000.03000          
0626617007712000548700010042000000.00900          
0626617007712000572050010042000023.00000          
0626617007712000573170170042000000.10000          
0626617007712000573540000042000005.00000          
0626617007712000573630000042000000.50000          
0626617007712000575160010042000000.15000          
0626617007712000580600020042000000.00100          
0626617007712000580720020042000000.01000          
0626617007712000700090010015000009.00000          
0626617007712000719770020042000000.02000          
0626617007712000721040840042000000.15000          
0626617007712000723010030042000000.30000          
0626617007712000737360080050000001.00000          
0626617007712000760120050042000000.15000          
0630000300010700514100030042000000.13300          
0630000300010700514100090042000000.03000          
0630000300010700518540150042000001.22800          
0630000300010700523800000042000000.20000          
0630000300010700524060000042000000.00100          
0630000300010700524100010042000000.01000          
0630000300010700528020000042000000.05800          
0630000300010700530000010042000000.03000          
0630000300010700539281110042000000.01000          
0630000300010700546011000042000007.20000          
0630000300010700548040000042000000.20000          
0630000300010700548070000042000000.04500          
0630000300010700548700010042000000.01000          
0630000300010700556000150023000000.41000          
0630000300010700557050220023000000.50000          
0630000300010700558100020042000000.00500          
0630000300010700572050010042000026.10000          
0630000300010700573170170042000000.20000          
0630000300010700573730000042000008.00000          
0630000300010700575060000042000000.07000          
0630000300010700575160010042000000.03000          
0630000300010700580600020042000000.00100          
0630000300010700700510010015000000.05200          
0630000300010700709520000042000000.30000          
0630000300010700712010010022000002.00000          
0630000300010700719340240050000002.00000          
0630000300010700719770010042000000.05000          
0630000300010700721040840042000000.15000          
0630000300010700723010030042000002.00000          
0630000300010700737360080050000002.00000          
0630000300010700737360280050000001.00000          
0630000300010700760100010042000000.01000          
0630000300010700760120050042000000.05000          
0630000300010900277060500042000000.00500          
0630000300010900572050010042000000.20000          
0630000300010900573730000042000002.00000          
0630000300010900575160010042000000.00100          
0630000300010900709520000042000000.50000          
0630000300010900719340240050000002.00000          
0630810000010700513380120042000000.01000          
0630810000010700539660000042000000.01200          
0630810000010700548040000042000008.00000          
0630810000010700548070000042000000.06000          
0630810000010700719340240050000001.00000          
0630810000012000539011000042000000.01000          
0630810000012000539660000042000000.00170          
0630810000012000572050010042000000.11000          
0630810000012000572050010042000000.07000          
0630810000012000700090010015000000.30000          
0630810000012000760250000042000000.02000          
0630810007710700513380120042000000.01000          
0630810007710700539660000042000000.01200          
0630810007710700548040000042000008.00000          
0630810007710700548070000042000000.06000          
0630810007710700719340240050000001.00000          
0630810007712000539011000042000000.01000          
0630810007712000539660000042000000.00170          
0630810007712000572050010042000000.11000          
0630810007712000572050010042000000.07000          
0630810007712000700090010015000000.30000          
0630810007712000760250000042000000.02000          
0640000300010700514100030042000000.13300          
0640000300010700514100090042000000.03000          
0640000300010700518540150042000001.22800          
0640000300010700523800000042000000.20000          
0640000300010700524060000042000000.00100          
0640000300010700524100010042000000.01000          
0640000300010700528020000042000000.05800          
0640000300010700530000010042000000.03000          
0640000300010700539281110042000000.01000          
0640000300010700546011000042000007.20000          
0640000300010700548040000042000000.20000          
0640000300010700548070000042000000.04500          
0640000300010700548700010042000000.01000          
0640000300010700556000150023000000.41000          
0640000300010700557050220023000000.50000          
0640000300010700558100020042000000.00500          
0640000300010700572050010042000026.10000          
0640000300010700573170170042000000.20000          
0640000300010700573730000042000008.00000          
0640000300010700575060000042000000.07000          
0640000300010700575160010042000000.03000          
0640000300010700580600020042000000.00100          
0640000300010700700510010015000000.05200          
0640000300010700709520000042000000.30000          
0640000300010700712010010022000002.00000          
0640000300010700719340240050000002.00000          
0640000300010700719770010042000000.05000          
0640000300010700721040840042000000.15000          
0640000300010700723010030042000002.00000          
0640000300010700737360080050000002.00000          
0640000300010700737360280050000001.00000          
0640000300010700760100010042000000.01000          
0640000300010700760120050042000000.05000          
0640000300010900277060500042000000.00500          
0640000300010900572050010042000000.20000          
0640000300010900573730000042000002.00000          
0640000300010900575160010042000000.00100          
0640000300010900709520000042000000.50000          
0640000300010900719340240050000002.00000          
0658107000210700548040000042000003.50000          
0658107000210901570110000042000050.00000          
0658107000210901572050010042000000.50000          
0658107000210901573010000042000000.75000          
0658107000210901573730000042000000.60000          
0658107000210901700090010015000000.50000          
0658107000210901709520000042000000.40000          
0658107000210902570110000042000050.00000          
0658107000210902572050010042000000.50000          
0658107000210902573010000042000000.75000          
0658107000210902573730000042000000.60000          
0658107000210902700090010015000000.50000          
0658107000210902709520000042000000.40000          
0658107000212000277060500042000000.02000          
0658107000212000324081810042000000.00600          
0658107000212000513220000042000000.00500          
0658107000212000513380120042000000.02000          
0658107000212000514090000042000000.10200          
0658107000212000514100090042000000.01000          
0658107000212000514100130042000000.20000          
0658107000212000517980000042000000.00200          
0658107000212000518510040042000000.15000          
0658107000212000520850010042000000.01000          
0658107000212000520850080042000000.01000          
0658107000212000521540000042000000.17000          
0658107000212000521620290035000000.01000          
0658107000212000528020000042000000.03200          
0658107000212000539281110042000000.42500          
0658107000212000548070000042000000.03000          
0658107000212000556000150023000001.00000          
0658107000212000556000150023000000.10300          
0658107000212000557050220023000001.50000          
0658107000212000572010000042000000.05000          
0658107000212000572050010042000002.00000          
0658107000212000573010000042000001.00000          
0658107000212000573170170042000000.10000          
0658107000212000573630000042000000.05000          
0658107000212000573730000042000000.80000          
0658107000212000575130000042000000.01000          
0658107000212000575160010042000000.01500          
0658107000212000575500000042000000.01000          
0658107000212000578170000042000000.04000          
0658107000212000580720020042000000.04000          
0658107000212000580960010042000000.00200          
0658107000212000700090010015000015.00000          
0658107000212000700510010015000000.50000          
0658107000212000712010010022000001.20000          
0658107000212000718400010015000000.50000          
0658107000212000718500110015000000.50000          
0658107000212000719770020042000000.15000          
0658107000212000721040840042000000.25000          
0658107000212000723010030042000000.67000          
0658107000212000726120040042000000.00250          
0658107000212000730080110052000000.02000          
0658107000212000730080150023000002.00000          
0658107000212000737360080050000007.00000          
0658107000212000760160000042000000.02000          
0658107000212000760190010042000000.05000          
0658107000212000760240000042000000.02000          
0658107000212000760240000042000000.01000          
0658107000212000769760250042000000.03000          
0658107007710700548040000042000002.00000          
0658107007712000277060500042000000.01000          
0658107007712000324081810042000000.00250          
0658107007712000518510040042000000.04000          
0658107007712000520850080042000000.01000          
0658107007712000539281110042000000.01000          
0658107007712000548070000042000000.02000          
0658107007712000556000150023000000.50000          
0658107007712000557050220023000000.50000          
0658107007712000572050010042000001.25000          
0658107007712000573010000042000000.05000          
0658107007712000573730000042000000.50000          
0658107007712000575130000042000000.00500          
0658107007712000575160010042000000.01500          
0658107007712000578170000042000000.02000          
0658107007712000700090010015000005.00000          
0658107007712000719770020042000000.05000          
0658107007712000721040840042000000.10000          
0658107007712000723010030042000000.67000          
0658107007712000726120040042000000.00200          
0658107007712000760190010042000000.02000          
0658117000010700548040000042000003.50000          
0658117000010901570110000042000050.00000          
0658117000010901572050010042000000.50000          
0658117000010901573010000042000000.75000          
0658117000010901573730000042000000.60000          
0658117000010901700090010015000000.50000          
0658117000010901709520000042000000.40000          
0658117000010902570110000042000050.00000          
0658117000010902572050010042000000.50000          
0658117000010902573010000042000000.75000          
0658117000010902573730000042000000.60000          
0658117000010902700090010015000000.50000          
0658117000010902709520000042000000.40000          
0658117000012000277060500042000000.02000          
0658117000012000324081810042000000.00600          
0658117000012000513220000042000000.00500          
0658117000012000513380120042000000.02000          
0658117000012000514090000042000000.10200          
0658117000012000514100090042000000.01000          
0658117000012000514100130042000000.20000          
0658117000012000517980000042000000.00200          
0658117000012000518510040042000000.15000          
0658117000012000520850010042000000.01000          
0658117000012000520850080042000000.01000          
0658117000012000521540000042000000.17000          
0658117000012000521620290035000000.01000          
0658117000012000528020000042000000.03200          
0658117000012000539281110042000000.42500          
0658117000012000548070000042000000.03000          
0658117000012000556000150023000001.00000          
0658117000012000556000150023000000.10300          
0658117000012000557050220023000001.50000          
0658117000012000572010000042000000.05000          
0658117000012000572050010042000001.00000          
0658117000012000573010000042000001.00000          
0658117000012000573170170042000000.10000          
0658117000012000573630000042000000.05000          
0658117000012000573730000042000000.80000          
0658117000012000575130000042000000.01000          
0658117000012000575160010042000000.01500          
0658117000012000575500000042000000.02000          
0658117000012000578170000042000000.04000          
0658117000012000580720020042000000.04000          
0658117000012000580960010042000000.00200          
0658117000012000700090010015000015.00000          
0658117000012000700510010015000000.50000          
0658117000012000712010010022000001.20000          
0658117000012000718400010015000000.50000          
0658117000012000718500110015000000.50000          
0658117000012000719770020042000000.15000          
0658117000012000721040840042000000.25000          
0658117000012000723010030042000000.67000          
0658117000012000726120040042000000.00250          
0658117000012000730080110052000000.02000          
0658117000012000730080150023000002.00000          
0658117000012000737360080050000007.00000          
0658117000012000760160000042000000.02000          
0658117000012000760190010042000000.05000          
0658117000012000760240000042000000.02000          
0658117000012000760240000042000000.01000          
0658117000012000769760250042000000.03000          
0660000000010700510330000042000000.02500          
0660000000010700514090000042000000.02000          
0660000000010700514100030042000000.60000          
0660000000010700514100090042000000.10000          
0660000000010700518540150042000004.41200          
0660000000010700521540000042000001.00000          
0660000000010700523800000042000000.40000          
0660000000010700524060000042000000.00100          
0660000000010700524100010042000000.00500          
0660000000010700528020000042000000.30800          
0660000000010700539281110042000000.15000          
0660000000010700546011000042000013.20000          
0660000000010700548040000042000000.50000          
0660000000010700548070000042000000.10000          
0660000000010700548700010042000000.05600          
0660000000010700557050220023000001.12000          
0660000000010700570110000042000000.13000          
0660000000010700572050010042000142.22000          
0660000000010700573170170042000000.50000          
0660000000010700573730000042000018.00000          
0660000000010700575060000042000000.10500          
0660000000010700575160010042000000.24000          
0660000000010700580600020042000000.00100          
0660000000010700700090010015000007.00000          
0660000000010700700510010015000000.02000          
0660000000010700709520000042000000.80000          
0660000000010700712010010022000007.50000          
0660000000010700719340240050000060.00000          
0660000000010700719770040042000000.81000          
0660000000010700721040840042000000.50000          
0660000000010700723010030042000003.50000          
0660000000010700726480020042000000.11500          
0660000000010700737360080050000004.00000          
0660000000010700737360500050000003.00000          
0660000000010700737360750050000001.00000          
0660000000010700760100010042000000.37500          
0660000000010700760120050042000000.28000          
0660000000010900277060500042000000.01000          
0660000000010900572050010042000000.40000          
0660000000010900573730000042000004.00000          
0660000000010900575160010042000000.00200          
0660000000010900709520000042000001.00000          
0660000000010900719340240050000004.00000          
0660000000010901277040800042000000.25000          
0660000000010901572050010042000005.00000          
0660000000010901573650000042000000.31000          
0660000000010901573730000042000052.50000          
0660000000010901575030000042000000.30000          
0660000000010901575140010042000000.20000          
0660000000010901575200000042000000.10000          
0660000000010901575240030042000000.10000          
0660000000010901575270000042000000.30000          
0660000000010901610450060042000000.10000          
0660000000010901610530000042000000.10000          
0660000000010901700060010015000001.00000          
0660000000010901709520000042000002.00000          
0660000000010901712010010022000000.80000          
0660000000010901719340240050000013.00000          
0660000000010901730080090052000000.05000          
0660000000010901730080110052000000.08000          
0660000000010902277040800042000000.25000          
0660000000010902572050010042000006.00000          
0660000000010902573650000042000000.30000          
0660000000010902573730000042000102.00000          
0660000000010902575030000042000000.30000          
0660000000010902575140010042000000.20000          
0660000000010902575200000042000000.10000          
0660000000010902575240030042000000.10000          
0660000000010902575270000042000000.30000          
0660000000010902610450060042000000.10000          
0660000000010902610530000042000000.10000          
0660000000010902700060010015000001.00000          
0660000000010902709520000042000002.00000          
0660000000010902712010010022000000.80000          
0660000000010902719340240050000013.00000          
0660000000010902730080090052000000.05000          
0660000000010902730080110052000000.08000          
0660810000010700513380120042000000.01500          
0660810000010700539660000042000000.01600          
0660810000010700548040000042000026.10000          
0660810000010700548070000042000000.06000          
0660810000010700719340240050000002.00000          
0660810000012000539011000042000000.01000          
0660810000012000539660000042000000.00250          
0660810000012000572050010042000000.33000          
0660810000012000700090010015000001.30000          
0660810000012000760250000042000000.06000          
0660810000110700513380120042000000.01500          
0660810000110700539660000042000000.01600          
0660810000110700548040000042000042.10000          
0660810000110700548070000042000000.18000          
0660810000112000539011000042000000.01000          
0660810000112000539660000042000000.00250          
0660810000112000572050010042000000.33000          
0660810000112000700090010015000001.30000          
0660810000112000760250000042000000.06000          
0660810007110700513380120042000000.01500          
0660810007110700539660000042000000.01600          
0660810007110700548040000042000042.10000          
0660810007110700548070000042000000.18000          
0660810007110700719340240050000002.00000          
0660810007112000539011000042000000.01000          
0660810007112000539660000042000000.00250          
0660810007112000572050010042000000.33000          
0660810007112000700090010015000001.30000          
0660810007112000760250000042000000.06000          
0660810007710700513380120042000000.01500          
0660810007710700539660000042000000.01600          
0660810007710700548040000042000026.10000          
0660810007710700548070000042000000.06000          
0660810007710700719340240050000002.00000          
0660810007712000539011000042000000.01000          
0660810007712000539660000042000000.00250          
0660810007712000572050010042000000.33000          
0660810007712000700090010015000001.30000          
0660810007712000760250000042000000.06000          
0688104000010700548040000042000003.50000          
0688104000010901570110000042000050.00000          
0688104000010901572050010042000000.50000          
0688104000010901573010000042000000.75000          
0688104000010901573730000042000000.60000          
0688104000010901700090010015000000.50000          
0688104000010901709520000042000000.40000          
0688104000010902570110000042000050.00000          
0688104000010902572050010042000000.50000          
0688104000010902573010000042000000.75000          
0688104000010902573730000042000000.60000          
0688104000010902700090010015000000.50000          
0688104000010902709520000042000000.40000          
0688104000012000277060500042000000.02000          
0688104000012000324081810042000000.00600          
0688104000012000513220000042000000.00500          
0688104000012000513380120042000000.02000          
0688104000012000514090000042000000.10200          
0688104000012000514100090042000000.01000          
0688104000012000514100130042000000.20000          
0688104000012000517980000042000000.00200          
0688104000012000518510040042000000.15000          
0688104000012000520850010042000000.01000          
0688104000012000520850080042000000.01000          
0688104000012000521540000042000000.17000          
0688104000012000521620290035000000.01000          
0688104000012000528020000042000000.03200          
0688104000012000539281110042000000.42500          
0688104000012000548070000042000000.03000          
0688104000012000556000150023000001.00000          
0688104000012000556000150023000000.10300          
0688104000012000557050220023000001.50000          
0688104000012000572010000042000000.05000          
0688104000012000572050010042000002.00000          
0688104000012000573010000042000001.00000          
0688104000012000573170170042000000.10000          
0688104000012000573630000042000000.05000          
0688104000012000573730000042000000.80000          
0688104000012000575130000042000000.01000          
0688104000012000575160010042000000.01500          
0688104000012000575500000042000000.02000          
0688104000012000578170000042000000.04000          
0688104000012000580720020042000000.04000          
0688104000012000580960010042000000.00200          
0688104000012000700090010015000015.30000          
0688104000012000700510010015000000.50000          
0688104000012000712010010022000001.20000          
0688104000012000718400010015000000.50000          
0688104000012000718500110015000000.50000          
0688104000012000719770020042000000.15000          
0688104000012000721040840042000000.25000          
0688104000012000723010030042000000.67000          
0688104000012000726120040042000000.00250          
0688104000012000730080110052000000.02000          
0688104000012000730080150023000002.00000          
0688104000012000737360080050000007.00000          
0688104000012000760160000042000000.02000          
0688104000012000760190010042000000.05000          
0688104000012000760240000042000000.02000          
0688104000012000760240000042000000.01000          
0688104000012000769760250042000000.03000          
0706711000012000277060800042000000.12700          
0706711000012000524060000042000000.00400          
0706711000012000557050220023000000.20000          
0706711000012000570110000042000000.20000          
0706711000012000572050010042000000.02000          
0706711000012000575160010042000000.04000          
0706711000012000580600020042000000.00100          
0706711000012000700090010015000000.07000          
0706711000012000712010010022000000.10000          
0706711000012000723010030042000000.50000          
0706711000012000726480020042000000.00600          
0720018000010700277040800042000000.10500          
0720018000010700277060500042000000.00900          
0720018000010700514090000042000000.01500          
0720018000010700514100030042000000.67000          
0720018000010700514100090042000000.00500          
0720018000010700514100100042000000.05050          
0720018000010700518540150042000002.62500          
0720018000010700521540000042000000.50000          
0720018000010700524060000042000000.00700          
0720018000010700524100010042000000.00600          
0720018000010700528020000042000000.25200          
0720018000010700539281020042000000.08000          
0720018000010700539281110042000000.21000          
0720018000010700548040000042000000.30000          
0720018000010700548070000042000000.05000          
0720018000010700556000150023000000.00510          
0720018000010700557050220023000001.40000          
0720018000010700572050010042000120.60000          
0720018000010700573030000042000000.14000          
0720018000010700573170170042000000.40000          
0720018000010700573730000042000015.00000          
0720018000010700575060000042000000.10000          
0720018000010700575160010042000000.11900          
0720018000010700580600020042000000.00100          
0720018000010700700090010015000015.20000          
0720018000010700700510010015000000.33000          
0720018000010700709520000042000000.39000          
0720018000010700712010010022000027.00000          
0720018000010700719340240050000037.00000          
0720018000010700719770040042000000.71000          
0720018000010700721040840042000000.50000          
0720018000010700723010030042000004.50000          
0720018000010700726480020042000000.20000          
0720018000010700737360080050000002.00000          
0720018000010700737360500050000001.00000          
0720018000010700737360750050000001.00000          
0720018000010700760100010042000000.44200          
0720018000010900277060500042000000.00100          
0720018000010900572050010042000000.50000          
0720018000010900573730000042000002.00000          
0720018000010900575160010042000000.00100          
0720018000010900709520000042000000.01000          
0720018000010900719340240050000003.00000          
0720018000010901277060500042000000.00400          
0720018000010901546001000033000000.03000          
0720018000010901570110000042001350.00000          
0720018000010901572050010042000005.00000          
0720018000010901573270000042000000.04000          
0720018000010901573650000042000000.50000          
0720018000010901573730000042000013.00000          
0720018000010901575060000042000000.00100          
0720018000010901575160010042000000.00300          
0720018000010901580720020042000000.08000          
0720018000010901610450060042000000.00500          
0720018000010901610530000042000000.03000          
0720018000010901700060010015000000.10000          
0720018000010901709520000042000000.20000          
0720018000010901719340240050000010.00000          
0720018000010901726480020042000000.06500          
0720018000010901730080090052000000.01800          
0720018000010901730080110052000000.01500          
0720018000010902277040800042000000.01500          
0720018000010902277060500042000000.01600          
0720018000010902546001000033000000.02000          
0720018000010902570110000042001250.00000          
0720018000010902572050010042000005.00000          
0720018000010902573270000042000000.03000          
0720018000010902573650000042000000.50000          
0720018000010902573730000042000012.00000          
0720018000010902575060000042000000.00100          
0720018000010902575160010042000000.00200          
0720018000010902580720020042000000.07000          
0720018000010902610450060042000000.00500          
0720018000010902610530000042000000.02000          
0720018000010902700060010015000000.10000          
0720018000010902709520000042000000.20000          
0720018000010902719340240050000010.00000          
0720018000010902726480020042000000.05000          
0720018000010902730080090052000000.01800          
0720018000010902730080110052000000.01500          
0720810000010700513380120042000000.02000          
0720810000010700539660000042000000.01000          
0720810000010700548040000042000021.00000          
0720810000010700548070000042000000.06000          
0720810000010700719340240050000002.00000          
0720810000012000539011000042000000.01000          
0720810000012000539660000042000000.00170          
0720810000012000572050010042000000.30000          
0720810000012000700090010015000001.70000          
0720810000012000760250000042000000.06000          
0720810007710700513380120042000000.02000          
0720810007710700539660000042000000.01000          
0720810007710700548040000042000020.00000          
0720810007710700548070000042000000.06000          
0720810007712000539011000042000000.01000          
0720810007712000539660000042000000.00170          
0720810007712000572050010042000000.30000          
0720810007712000700090010015000001.70000          
0720810007712000760250000042000000.06000          
0760810000010700513380120042000000.01500          
0760810000010700539660000042000000.01000          
0760810000010700548040000042000023.00000          
0760810000010700548070000042000000.06000          
0760810000010700719340240050000002.00000          
0760810000012000539011000042000000.01000          
0760810000012000539660000042000000.00160          
0760810000012000572050010042000000.30000          
0760810000012000700090010015000001.30000          
0760810000012000760250000042000000.06000          
0760810007710700513380120042000000.01500          
0760810007710700539660000042000000.01000          
0760810007710700548040000042000023.00000          
0760810007710700548070000042000000.06000          
0760810007710700719340240050000002.00000          
0760810007712000539011000042000000.01000          
0760810007712000539660000042000000.00160          
0760810007712000572050010042000000.30000          
0760810007712000700090010015000001.30000          
0760810007712000760250000042000000.06000          
0765000000010700277040800042000000.00900          
0765000000010700277060500042000000.01150          
0765000000010700514100030042000000.70000          
0765000000010700514100090042000000.04000          
0765000000010700514100100042000000.02000          
0765000000010700517990000042000000.05000          
0765000000010700518540150042000003.36900          
0765000000010700521540000042000000.50000          
0765000000010700523800000042000000.20000          
0765000000010700524060000042000000.00500          
0765000000010700524100010042000000.00300          
0765000000010700528020000042000000.30000          
0765000000010700538050000042000000.01420          
0765000000010700539281110042000000.15000          
0765000000010700544002000042000000.07500          
0765000000010700546011000042000013.20000          
0765000000010700548040000042000000.50000          
0765000000010700548070000042000000.03000          
0765000000010700548700010042000000.07000          
0765000000010700557050220023000001.12000          
0765000000010700564280020042000000.00071          
0765000000010700570110000042000000.30000          
0765000000010700572050010042000129.50000          
0765000000010700573170170042000000.50000          
0765000000010700573730000042000018.00000          
0765000000010700575060000042000000.03000          
0765000000010700575160010042000000.16000          
0765000000010700580600020042000000.00100          
0765000000010700700090010015000011.00000          
0765000000010700700510010015000000.02000          
0765000000010700709520000042000001.59000          
0765000000010700712010010022000004.50000          
0765000000010700719340240050000027.00000          
0765000000010700719710100015000000.40000          
0765000000010700719770040042000000.41000          
0765000000010700721040840042000000.30000          
0765000000010700723010030042000009.00000          
0765000000010700726480020042000000.10800          
0765000000010700737360080050000004.00000          
0765000000010700737360500050000001.00000          
0765000000010700737360750050000001.00000          
0765000000010700760100010042000000.30000          
0765000000010700760120050042000000.35000          
0765000000010801572050010042000003.00000          
0765000000010801573730000042000072.00000          
0765000000010801700090010015000003.25000          
0765000000010802572050010042000003.00000          
0765000000010802573730000042000090.00000          
0765000000010802700090010015000003.25000          
0765000000010900277060500042000000.00100          
0765000000010900572050010042000000.50000          
0765000000010900573730000042000002.00000          
0765000000010900575160010042000000.00100          
0765000000010900709520000042000000.01000          
0765000000010900719340240050000003.00000          
0765000000110700277040800042000000.00900          
0765000000110700277060500042000000.01150          
0765000000110700514100030042000000.70000          
0765000000110700514100090042000000.04000          
0765000000110700514100100042000000.02000          
0765000000110700517990000042000000.05000          
0765000000110700518540150042000003.36900          
0765000000110700521540000042000000.50000          
0765000000110700523800000042000000.20000          
0765000000110700524060000042000000.00500          
0765000000110700524100010042000000.00300          
0765000000110700528020000042000000.30000          
0765000000110700538050000042000000.01420          
0765000000110700539281110042000000.15000          
0765000000110700544002000042000000.07500          
0765000000110700546011000042000013.20000          
0765000000110700548040000042000000.50000          
0765000000110700548070000042000000.03000          
0765000000110700548700010042000000.07000          
0765000000110700557050220023000001.12000          
0765000000110700564280020042000000.00071          
0765000000110700570110000042000000.30000          
0765000000110700572050010042000129.50000          
0765000000110700573170170042000000.50000          
0765000000110700573730000042000018.00000          
0765000000110700575060000042000000.03000          
0765000000110700575160010042000000.16000          
0765000000110700580600020042000000.00100          
0765000000110700700090010015000011.00000          
0765000000110700700510010015000000.02000          
0765000000110700709520000042000001.59000          
0765000000110700712010010022000004.50000          
0765000000110700719340240050000027.00000          
0765000000110700719710100015000000.40000          
0765000000110700719770040042000000.41000          
0765000000110700721040840042000000.30000          
0765000000110700723010030042000009.00000          
0765000000110700726480020042000000.10800          
0765000000110700737360080050000004.00000          
0765000000110700737360500050000001.00000          
0765000000110700737360750050000001.00000          
0765000000110700760100010042000000.30000          
0765000000110700760120050042000000.35000          
0765000000110801572050010042000003.00000          
0765000000110801573730000042000072.00000          
0765000000110801700090010015000003.25000          
0765000000110802572050010042000003.00000          
0765000000110802573730000042000090.00000          
0765000000110802700090010015000003.25000          
0765000000110900277060500042000000.00100          
0765000000110900572050010042000000.50000          
0765000000110900573730000042000002.00000          
0765000000110900575160010042000000.00100          
0765000000110900709520000042000000.01000          
0765000000110900719340240050000003.00000          
0786704000010700572050010042000000.30000          
0786704000010901277060500042000000.02000          
0786704000010901572050010042000001.20000          
0786704000010901573660240042000000.50000          
0786704000010901575160010042000000.00500          
0786704000010901610530000042000000.04400          
0786704000010901709520000042000000.15000          
0786704000010901719340240050000004.00000          
0786704000012000277060500042000000.00700          
0786704000012000328020000042000000.00700          
0786704000012000514100130042000000.05000          
0786704000012000518510040042000000.04200          
0786704000012000524060000042000000.00400          
0786704000012000528040000042000000.04300          
0786704000012000548700010042000000.02800          
0786704000012000570110000042000000.20000          
0786704000012000572050010042000005.00000          
0786704000012000573540000042000000.25000          
0786704000012000573660240042000000.45000          
0786704000012000575160010042000000.04000          
0786704000012000610480000042000000.01000          
0786704000012000700090010015000002.00000          
0786704000012000712010010022000000.10000          
0786704000012000721040840042000000.20000          
0786704000012000730080110052000000.04000          
0786704000012000737360080050000002.00000          
0786704000012000760120050042000000.03000          
0786787000310700572050010042000000.30000          
0786787000312000328020000042000000.01500          
0786787000312000514100130042000000.10000          
0786787000312000518510040042000000.04200          
0786787000312000524060000042000000.00400          
0786787000312000528040000042000000.04300          
0786787000312000548700010042000000.02800          
0786787000312000557050220023000000.20000          
0786787000312000570110000042000000.20000          
0786787000312000572050010042000005.00000          
0786787000312000573060000042000000.04000          
0786787000312000573170170042000000.05000          
0786787000312000573540000042000000.25000          
0786787000312000573660240042000000.15000          
0786787000312000575160010042000000.04000          
0786787000312000610480000042000000.01000          
0786787000312000700090010015000002.00000          
0786787000312000712010010022000000.10000          
0786787000312000760120050042000000.07000          
0787002000010700277040800042000000.11000          
0787002000010700277060500042000000.00900          
0787002000010700514090000042000000.01500          
0787002000010700514100030042000000.62000          
0787002000010700514100090042000000.00500          
0787002000010700514100100042000000.05050          
0787002000010700518540150042000002.97500          
0787002000010700521540000042000000.50000          
0787002000010700524060000042000000.00100          
0787002000010700524100010042000000.00600          
0787002000010700528020000042000000.23600          
0787002000010700539281020042000000.08000          
0787002000010700539281110042000000.18000          
0787002000010700548040000042000000.30000          
0787002000010700548070000042000000.03000          
0787002000010700548700010042000000.06000          
0787002000010700556000150023000000.00510          
0787002000010700557050220023000001.00000          
0787002000010700572050010042000120.00000          
0787002000010700573030000042000000.14000          
0787002000010700573170170042000000.40000          
0787002000010700573730000042000015.00000          
0787002000010700575060000042000000.10000          
0787002000010700575160010042000000.11900          
0787002000010700580600020042000000.00100          
0787002000010700700090010015000015.20000          
0787002000010700700510010015000000.33000          
0787002000010700709520000042000000.39000          
0787002000010700712010010022000020.00000          
0787002000010700719340240050000037.00000          
0787002000010700719770040042000000.61000          
0787002000010700721040840042000000.50000          
0787002000010700723010030042000004.50000          
0787002000010700726480020042000000.20000          
0787002000010700737360080050000002.00000          
0787002000010700737360500050000001.00000          
0787002000010700737360750050000001.00000          
0787002000010700760100010042000000.39300          
0787002000010700760120050042000000.30000          
0787002000010900277060500042000000.00100          
0787002000010900572050010042000000.50000          
0787002000010900573730000042000002.00000          
0787002000010900575160010042000000.00100          
0787002000010900575262100042000000.00500          
0787002000010900709520000042000000.01000          
0787002000010900719340240050000003.00000          
0787002000010901277060500042000000.00600          
0787002000010901546001000033000000.03000          
0787002000010901570110000042001300.00000          
0787002000010901572050010042000005.00000          
0787002000010901573270000042000000.04500          
0787002000010901573650000042000000.50000          
0787002000010901573730000042000013.00000          
0787002000010901575060000042000000.00100          
0787002000010901575160010042000000.00300          
0787002000010901580720020042000000.08000          
0787002000010901610450060042000000.00500          
0787002000010901610530000042000000.03000          
0787002000010901700060010015000000.10000          
0787002000010901709520000042000000.20000          
0787002000010901719340240050000010.00000          
0787002000010901726480020042000000.06500          
0787002000010901730080090052000000.01800          
0787002000010901730080110052000000.01500          
0787002000010902277040800042000000.01500          
0787002000010902277060500042000000.02400          
0787002000010902546001000033000000.03000          
0787002000010902570110000042001200.00000          
0787002000010902572050010042000005.00000          
0787002000010902573270000042000000.04000          
0787002000010902573650000042000000.50000          
0787002000010902573730000042000012.00000          
0787002000010902575060000042000000.00100          
0787002000010902575160010042000000.00200          
0787002000010902580720020042000000.07000          
0787002000010902610450060042000000.00500          
0787002000010902610530000042000000.02000          
0787002000010902700060010015000000.10000          
0787002000010902709520000042000000.20000          
0787002000010902719340240050000010.00000          
0787002000010902726480020042000000.05000          
0787002000010902730080090052000000.01800          
0787002000010902730080110052000000.01500          
0880808000012000277130500042000000.00100          
0880808000012000539011000042000000.00500          
0880808000012000539660000042000000.00170          
0880808000012000548040000042000000.50000          
0880808000012000548070000042000000.03000          
0880808000012000572050010042000000.01200          
0880808000012000700090010015000000.22000          
0880808000012000719770020042000000.02000          
0880808000012000721040840042000000.07000          
0880808000012000723010030042000000.17000          
0880808000012000760250000042000000.00300          
1170010000010700518540150042000000.17000          
1170010000010901277060500042000000.01000          
1170010000010901539281020042000000.00750          
1170010000010901546540000042000000.02500          
1170010000010901570110000042000070.62500          
1170010000010901572050010042000004.00000          
1170010000010901573010000042000002.76000          
1170010000010901573060000042000001.50000          
1170010000010901573540000042000002.50000          
1170010000010901575160010042000000.01500          
1170010000010901610450060042000000.00250          
1170010000010901610530000042000000.01000          
1170010000010901709520000042000000.25000          
1170010000010901719340240050000012.00000          
1170010000010901726480020042000000.00600          
1170010000010901730080090052000000.02000          
1170010000010902277060500042000000.01000          
1170010000010902539281020042000000.00750          
1170010000010902546540000042000000.02500          
1170010000010902570110000042000070.62500          
1170010000010902572050010042000004.00000          
1170010000010902573010000042000002.00000          
1170010000010902573060000042000001.50000          
1170010000010902573540000042000002.20000          
1170010000010902575160010042000000.01500          
1170010000010902610450060042000000.00250          
1170010000010902610530000042000000.01000          
1170010000010902709520000042000000.25000          
1170010000010902719340240050000012.00000          
1170010000010902726480020042000000.00400          
1170010000010902730080090052000000.02000          
1170010000012000277060500042000000.03000          
1170010000012000328020000042000000.00700          
1170010000012000510418150042000000.02500          
1170010000012000513380120042000000.10000          
1170010000012000513480000042000000.00500          
1170010000012000514090000042000000.01000          
1170010000012000514100090042000000.01000          
1170010000012000517990000042000000.00050          
1170010000012000518540150042000001.07000          
1170010000012000520010000042000000.00500          
1170010000012000521540000042000000.06000          
1170010000012000521620290035000000.00500          
1170010000012000524060000042000000.00600          
1170010000012000524100010042000000.00300          
1170010000012000528020000042000000.01100          
1170010000012000538050000042000000.05070          
1170010000012000539281110042000000.02000          
1170010000012000539281120042000000.00500          
1170010000012000547800000042000000.01000          
1170010000012000564280020042000000.00253          
1170010000012000572010000042000000.01100          
1170010000012000572050010042000008.08000          
1170010000012000573170170042000000.02000          
1170010000012000573540000042000004.00000          
1170010000012000575130000042000000.01000          
1170010000012000575160010042000000.03000          
1170010000012000575240070042000000.01000          
1170010000012000580600020042000000.00500          
1170010000012000580720020042000000.01500          
1170010000012000580960010042000000.00050          
1170010000012000657382500042000000.00500          
1170010000012000657400180042000000.00100          
1170010000012000700060010015000001.50000          
1170010000012000700090010015000005.00000          
1170010000012000700510010015000001.50500          
1170010000012000712010010022000002.00000          
1170010000012000718400010015000001.00000          
1170010000012000718500110015000050.00000          
1170010000012000719770010042000000.09400          
1170010000012000721040840042000000.42400          
1170010000012000723010030042000000.85000          
1170010000012000730080110052000000.20000          
1170010000012000737360080050000006.00000          
1170010000012000737360250050000001.00000          
1170010000012000760240000042000000.00700          
1170010000012000763020100042000000.01000          
1170020000010700518540150042000000.17000          
1170020000010901277060500042000000.01000          
1170020000010901539281020042000000.00750          
1170020000010901546540000042000000.02500          
1170020000010901570110000042000243.75000          
1170020000010901572050010042000004.00000          
1170020000010901573010000042000002.76000          
1170020000010901573060000042000001.50000          
1170020000010901573540000042000002.50000          
1170020000010901575160010042000000.01500          
1170020000010901610450060042000000.00250          
1170020000010901610530000042000000.01000          
1170020000010901709520000042000000.25000          
1170020000010901719340240050000012.00000          
1170020000010901726480020042000000.00600          
1170020000010901730080090052000000.02000          
1170020000010902277060500042000000.01000          
1170020000010902539281020042000000.00750          
1170020000010902546540000042000000.02500          
1170020000010902570110000042000112.50000          
1170020000010902572050010042000004.00000          
1170020000010902573010000042000002.00000          
1170020000010902573060000042000001.50000          
1170020000010902573540000042000002.20000          
1170020000010902575160010042000000.01500          
1170020000010902610450060042000000.00250          
1170020000010902610530000042000000.01000          
1170020000010902709520000042000000.25000          
1170020000010902719340240050000012.00000          
1170020000010902726480020042000000.00400          
1170020000010902730080090052000000.02000          
1170020000012000277060500042000000.03000          
1170020000012000328020000042000000.00700          
1170020000012000510418150042000000.02500          
1170020000012000513380120042000000.10000          
1170020000012000513480000042000000.00500          
1170020000012000514090000042000000.01000          
1170020000012000514100090042000000.01000          
1170020000012000517990000042000000.00050          
1170020000012000518540150042000001.07000          
1170020000012000521540000042000000.06000          
1170020000012000521620290035000000.00500          
1170020000012000524060000042000000.00600          
1170020000012000524100010042000000.00300          
1170020000012000528020000042000000.01100          
1170020000012000538050000042000000.05070          
1170020000012000539281110042000000.02000          
1170020000012000539281120042000000.00500          
1170020000012000547800000042000000.01000          
1170020000012000548040000042000002.00000          
1170020000012000564280020042000000.00253          
1170020000012000572050010042000008.08000          
1170020000012000573170170042000000.02000          
1170020000012000573540000042000004.00000          
1170020000012000575130000042000000.01000          
1170020000012000575160010042000000.03000          
1170020000012000575240070042000000.01000          
1170020000012000580600020042000000.00500          
1170020000012000580720020042000000.01500          
1170020000012000580960010042000000.00050          
1170020000012000657382500042000000.00500          
1170020000012000657400180042000000.00100          
1170020000012000700060010015000001.50000          
1170020000012000700090010015000005.00000          
1170020000012000700510010015000001.50500          
1170020000012000712010010022000002.00000          
1170020000012000718400010015000001.00000          
1170020000012000718500110015000050.00000          
1170020000012000719770010042000000.09400          
1170020000012000721040840042000000.42400          
1170020000012000723010030042000000.85000          
1170020000012000726480020042000000.00600          
1170020000012000730080110052000000.20000          
1170020000012000737360080050000006.00000          
1170020000012000737360250050000001.00000          
1170020000012000760240000042000000.00700          
1170020000012000763020100042000000.01000          
1172100000010901277060500042000000.00500          
1172100000010901570110000042000247.50000          
1172100000010901572050010042000002.00000          
1172100000010901573540000042000002.00000          
1172100000010901575160010042000000.00600          
1172100000010901610450060042000000.00250          
1172100000010901610530000042000000.01000          
1172100000010901709520000042000000.15000          
1172100000010901719340240050000015.00000          
1172100000010901726480020042000000.00300          
1172100000010901730080110052000000.04000          
1172100000010902277060500042000000.00500          
1172100000010902570110000042000247.50000          
1172100000010902572050010042000001.20000          
1172100000010902573010000042000000.50000          
1172100000010902573540000042000002.00000          
1172100000010902575160010042000000.00700          
1172100000010902610450060042000000.00250          
1172100000010902610530000042000000.01000          
1172100000010902709520000042000000.15000          
1172100000010902719340240050000015.00000          
1172100000010902726480020042000000.00400          
1172100000010902730080110052000000.04000          
1172100000012000277060500042000000.02000          
1172100000012000328020000042000000.00700          
1172100000012000510418150042000000.02500          
1172100000012000513380120042000000.06000          
1172100000012000514100090042000000.01000          
1172100000012000518510040042000001.00000          
1172100000012000520010000042000000.00500          
1172100000012000524060000042000000.00300          
1172100000012000524100010042000000.00300          
1172100000012000528020000042000000.00430          
1172100000012000538050000042000000.09520          
1172100000012000548040000042000000.10000          
1172100000012000557040300023000000.50000          
1172100000012000564280020042000000.00473          
1172100000012000572050010042000004.80000          
1172100000012000573540000042000003.00000          
1172100000012000575130000042000000.01000          
1172100000012000575160010042000000.03800          
1172100000012000580600020042000000.00500          
1172100000012000580720020042000000.01500          
1172100000012000657382500042000000.03500          
1172100000012000700060010015000002.00000          
1172100000012000700090010015000005.00000          
1172100000012000700510010015000001.50000          
1172100000012000718400010015000001.00000          
1172100000012000719770010042000000.05000          
1172100000012000721040840042000000.50000          
1172100000012000723010030042000000.60000          
1172100000012000737360080050000007.00000          
1172100000012000737360250050000001.00000          
1172100300010901277060500042000000.00500          
1172100300010901570110000042000247.50000          
1172100300010901572050010042000002.00000          
1172100300010901573540000042000002.00000          
1172100300010901575160010042000000.00600          
1172100300010901610450060042000000.00250          
1172100300010901610530000042000000.01000          
1172100300010901709520000042000000.15000          
1172100300010901719340240050000015.00000          
1172100300010901726480020042000000.00300          
1172100300010901730080110052000000.04000          
1172100300010902277060500042000000.00500          
1172100300010902570110000042000230.00000          
1172100300010902572050010042000002.00000          
1172100300010902573010000042000000.50000          
1172100300010902573540000042000002.00000          
1172100300010902575160010042000000.00600          
1172100300010902610450060042000000.00250          
1172100300010902610530000042000000.01000          
1172100300010902709520000042000000.15000          
1172100300010902719340240050000015.00000          
1172100300010902726480020042000000.00400          
1172100300010902730080110052000000.04000          
1172100300012000277060500042000000.02000          
1172100300012000328020000042000000.00700          
1172100300012000510418150042000000.02500          
1172100300012000513380120042000000.06000          
1172100300012000514100090042000000.01000          
1172100300012000518510040042000001.00000          
1172100300012000518540150042000001.00000          
1172100300012000524060000042000000.00300          
1172100300012000524100010042000000.00300          
1172100300012000528020000042000000.00430          
1172100300012000538050000042000000.09520          
1172100300012000548040000042000000.10000          
1172100300012000557040300023000000.50000          
1172100300012000564280020042000000.00473          
1172100300012000572050010042000004.80000          
1172100300012000573540000042000003.00000          
1172100300012000575130000042000000.01000          
1172100300012000575160010042000000.03800          
1172100300012000580600020042000000.00500          
1172100300012000580720020042000000.01500          
1172100300012000657382500042000000.03500          
1172100300012000700060010015000002.00000          
1172100300012000700090010015000005.00000          
1172100300012000700510010015000001.50000          
1172100300012000718400010015000001.00000          
1172100300012000719770010042000000.05000          
1172100300012000721040840042000000.50000          
1172100300012000723010030042000000.60000          
1172100300012000737360080050000007.00000          
1172100300012000737360250050000001.00000          
1172110000010901277060500042000000.00500          
1172110000010901570110000042000247.50000          
1172110000010901572050010042000002.00000          
1172110000010901573540000042000002.00000          
1172110000010901575160010042000000.00600          
1172110000010901610450060042000000.00250          
1172110000010901610530000042000000.01000          
1172110000010901709520000042000000.15000          
1172110000010901719340240050000015.00000          
1172110000010901726480020042000000.00300          
1172110000010901730080110052000000.04000          
1172110000010902277060500042000000.00500          
1172110000010902570110000042000230.00000          
1172110000010902572050010042000002.00000          
1172110000010902573010000042000000.50000          
1172110000010902573540000042000002.00000          
1172110000010902575160010042000000.00600          
1172110000010902610450060042000000.00250          
1172110000010902610530000042000000.01000          
1172110000010902709520000042000000.15000          
1172110000010902719340240050000015.00000          
1172110000010902726480020042000000.00400          
1172110000010902730080110052000000.04000          
1172110000012000277060500042000000.02000          
1172110000012000328020000042000000.00700          
1172110000012000510418150042000000.02500          
1172110000012000513380120042000000.06000          
1172110000012000514100090042000000.01000          
1172110000012000518510040042000001.00000          
1172110000012000518540150042000001.00000          
1172110000012000520010000042000000.00500          
1172110000012000524060000042000000.00300          
1172110000012000524100010042000000.00300          
1172110000012000528020000042000000.00430          
1172110000012000538050000042000000.09520          
1172110000012000548040000042000000.10000          
1172110000012000557040300023000000.50000          
1172110000012000564280020042000000.00473          
1172110000012000572050010042000004.80000          
1172110000012000573540000042000003.00000          
1172110000012000575130000042000000.01000          
1172110000012000575160010042000000.03800          
1172110000012000580600020042000000.00500          
1172110000012000580720020042000000.01500          
1172110000012000657382500042000000.03500          
1172110000012000700060010015000002.00000          
1172110000012000700090010015000005.00000          
1172110000012000700510010015000001.50000          
1172110000012000718400010015000001.00000          
1172110000012000719770010042000000.05000          
1172110000012000721040840042000000.50000          
1172110000012000723010030042000000.60000          
1172110000012000737360080050000007.00000          
1172110000012000737360250050000001.00000          
1172167000012000517020060042000000.06000          
1172167000012000518510040042000000.01500          
1172167000012000539011000042000000.00500          
1172167000012000539660000042000000.00160          
1172167000012000548040000042000000.90000          
1172167000012000548070000042000000.03000          
1172167000012000572050010042000000.02000          
1172167000012000700090010015000000.26000          
1172167000012000760250000042000000.00500          
1172170000010901277060500042000000.00500          
1172170000010901570110000042000247.50000          
1172170000010901572050010042000002.00000          
1172170000010901573540000042000002.00000          
1172170000010901575160010042000000.00600          
1172170000010901610450060042000000.00250          
1172170000010901610530000042000000.01000          
1172170000010901709520000042000000.15000          
1172170000010901719340240050000015.00000          
1172170000010901726480020042000000.00300          
1172170000010901730080110052000000.04000          
1172170000010902277060500042000000.00500          
1172170000010902570110000042000247.50000          
1172170000010902572050010042000001.20000          
1172170000010902573540000042000002.00000          
1172170000010902575160010042000000.00700          
1172170000010902610450060042000000.00250          
1172170000010902610530000042000000.01000          
1172170000010902709520000042000000.15000          
1172170000010902719340240050000015.00000          
1172170000010902726480020042000000.00400          
1172170000010902730080110052000000.04000          
1172170000012000277060500042000000.02000          
1172170000012000328020000042000000.00700          
1172170000012000510418150042000000.02500          
1172170000012000513380120042000000.06000          
1172170000012000514100090042000000.01000          
1172170000012000518510040042000001.00000          
1172170000012000520010000042000000.00500          
1172170000012000524060000042000000.00300          
1172170000012000524100010042000000.00300          
1172170000012000528020000042000000.00430          
1172170000012000538050000042000000.09520          
1172170000012000548040000042000000.10000          
1172170000012000557040300023000000.50000          
1172170000012000564280020042000000.00473          
1172170000012000572050010042000004.80000          
1172170000012000573540000042000003.00000          
1172170000012000575130000042000000.01000          
1172170000012000575160010042000000.03800          
1172170000012000580600020042000000.00500          
1172170000012000580720020042000000.01500          
1172170000012000657382500042000000.03500          
1172170000012000700060010015000002.00000          
1172170000012000700090010015000005.00000          
1172170000012000700510010015000001.50000          
1172170000012000718400010015000001.00000          
1172170000012000719770010042000000.05000          
1172170000012000721040840042000000.50000          
1172170000012000723010030042000000.60000          
1172170000012000737360080050000007.00000          
1172170000012000737360250050000001.00000          
1176705009112000278020800042000000.01240          
1176705009112000517020060042000000.08000          
1176705009112000556000150023000008.00000          
1176705009112000723010030042000000.65000          
1176710000012000517020060042000000.05000          
1176710000012000539011000042000000.00500          
1176710000012000539660000042000000.00160          
1176710000012000548040000042000004.20000          
1176710000012000548070000042000000.03000          
1176710000012000572050010042000000.04200          
1176710000012000700090010015000000.29000          
1176710000012000760250000042000000.02000          
1176720000012000517020060042000000.05000          
1176720000012000539011000042000000.00500          
1176720000012000539660000042000000.00160          
1176720000012000548040000042000004.20000          
1176720000012000548070000042000000.03000          
1176720000012000572050010042000000.04200          
1176720000012000700090010015000000.29000          
1176720000012000760250000042000000.02000          
2117173504312000517020060042000000.03000          
2117173504312000539011000042000000.00500          
2117173504312000539660000042000000.00160          
2117173504312000548040000042000001.80000          
2117173504312000548070000042000000.03000          
2117173504312000572050010042000000.08000          
2117173504312000721040840042000000.30000          
2117173504312000723010030042000000.50000          
2117173504312000760240000042000000.09000          
2260000000010700277060500042000000.00800          
2260000000010700510330000042000000.00500          
2260000000010700514090000042000000.60000          
2260000000010700514100030042000000.50000          
2260000000010700514100090042000000.02500          
2260000000010700517990000042000000.03000          
2260000000010700518540150042000003.47100          
2260000000010700523800000042000000.10000          
2260000000010700524060000042000000.00100          
2260000000010700524100010042000000.00100          
2260000000010700528020000042000000.37800          
2260000000010700539281110042000000.04000          
2260000000010700548040000042000000.90000          
2260000000010700548070000042000000.24000          
2260000000010700548700010042000000.06000          
2260000000010700556000150023000010.00000          
2260000000010700572050010042000059.51000          
2260000000010700573170170042000000.40000          
2260000000010700573340000042000000.50000          
2260000000010700573730000042000013.00000          
2260000000010700575030000042000000.01000          
2260000000010700575160010042000000.19500          
2260000000010700580600020042000000.00100          
2260000000010700700090010015000002.40000          
2260000000010700700510010015000000.02000          
2260000000010700709520000042000000.99000          
2260000000010700712010010022000000.10000          
2260000000010700719340240050000006.00000          
2260000000010700719770040042000000.50000          
2260000000010700721040840042000000.50000          
2260000000010700723010030042000001.00000          
2260000000010700737360250050000001.00000          
2260000000010700737360280050000001.00000          
2260000000010700760100010042000000.48200          
2260000000010700760120050042000000.30000          
2260000000010900277060500042000000.00800          
2260000000010900572050010042000000.50000          
2260000000010900573730000042000002.00000          
2260000000010900575160010042000000.00200          
2260000000010900709520000042000000.01000          
2260000000010900719340240050000003.00000          
2260000000010901277060800042000000.15000          
2260000000010901572050010042000003.35000          
2260000000010901573510060035000000.75000          
2260000000010901573650000042000000.21000          
2260000000010901573660240042000021.20000          
2260000000010901575030000042000000.40000          
2260000000010901575140010042000000.30000          
2260000000010901575160010042000000.05000          
2260000000010901575200000042000000.15000          
2260000000010901575240030042000000.15000          
2260000000010901575270000042000000.40000          
2260000000010901610450060042000000.01000          
2260000000010901610530000042000000.05000          
2260000000010901700060010015000000.50000          
2260000000010901709520000042000000.50000          
2260000000010901712010010022000000.50000          
2260000000010901719340240050000002.00000          
2260000000010901730080090052000000.05000          
2260000000010901730080110052000000.04000          
2260000000010902277060800042000000.15000          
2260000000010902572050010042000003.35000          
2260000000010902573510060035000000.75000          
2260000000010902573650000042000000.21000          
2260000000010902573660240042000043.80000          
2260000000010902575030000042000000.40000          
2260000000010902575140010042000000.30000          
2260000000010902575160010042000000.05000          
2260000000010902575200000042000000.15000          
2260000000010902575240030042000000.15000          
2260000000010902575270000042000000.40000          
2260000000010902610450060042000000.01000          
2260000000010902610530000042000000.05000          
2260000000010902700060010015000000.50000          
2260000000010902709520000042000000.50000          
2260000000010902712010010022000000.50000          
2260000000010902719340240050000003.00000          
2260000000010902730080090052000000.05000          
2260000000010902730080110052000000.04000          
2260000000012000324091810042000000.04000          
2260000000012000514090000042000000.01000          
2260000000012000517990000042000000.00500          
2260000000012000518510040042000000.02000          
2260000000012000520640010042000000.00100          
2260000000012000539011000042000000.02000          
2260000000012000539281110042000000.00100          
2260000000012000539890110042000000.02000          
2260000000012000564280010042000000.00200          
2260000000012000572050010042000000.05000          
2260000000012000580960010042000000.00600          
2260000000012000641440010023000000.10000          
2260000000012000657382500042000000.07000          
2260000000012000657450150042000000.10000          
2260000000012000700090010015000000.90000          
2260000000012000718390010015000000.01800          
2260000000012000721040840042000000.00800          
2260000000012000760150000042000000.06000          
2260030000010700277060500042000000.00800          
2260030000010700510330000042000000.00500          
2260030000010700514090000042000000.60000          
2260030000010700514100030042000000.50000          
2260030000010700514100090042000000.02500          
2260030000010700517990000042000000.03000          
2260030000010700518540150042000003.47100          
2260030000010700523800000042000000.10000          
2260030000010700524060000042000000.00100          
2260030000010700524100010042000000.00100          
2260030000010700528020000042000000.37800          
2260030000010700539281110042000000.04000          
2260030000010700548040000042000000.90000          
2260030000010700548070000042000000.24000          
2260030000010700556000150023000010.00000          
2260030000010700572050010042000059.51400          
2260030000010700573170170042000000.40000          
2260030000010700573340000042000000.50000          
2260030000010700573730000042000013.00000          
2260030000010700575030000042000000.01000          
2260030000010700575160010042000000.19500          
2260030000010700700090010015000002.40000          
2260030000010700709520000042000000.99000          
2260030000010700712010010022000000.10000          
2260030000010700719340240050000006.00000          
2260030000010700719770040042000000.50000          
2260030000010700721040840042000000.50000          
2260030000010700723010030042000001.00000          
2260030000010700737360250050000001.00000          
2260030000010700737360280050000001.00000          
2260030000010700760100010042000000.48200          
2260030000010900277060500042000000.00800          
2260030000010900572050010042000000.50000          
2260030000010900573730000042000002.00000          
2260030000010900575160010042000000.00200          
2260030000010900709520000042000000.01000          
2260030000010900719340240050000003.00000          
2260030000010901277060800042000000.15000          
2260030000010901572050010042000003.35000          
2260030000010901573510060035000000.75000          
2260030000010901573650000042000000.21000          
2260030000010901573660240042000021.20000          
2260030000010901575030000042000000.40000          
2260030000010901575140010042000000.30000          
2260030000010901575160010042000000.05000          
2260030000010901575200000042000000.15000          
2260030000010901575240030042000000.15000          
2260030000010901575270000042000000.40000          
2260030000010901610450060042000000.01000          
2260030000010901610530000042000000.05000          
2260030000010901700060010015000000.50000          
2260030000010901709520000042000000.50000          
2260030000010901712010010022000000.50000          
2260030000010901719340240050000002.00000          
2260030000010901730080090052000000.05000          
2260030000010901730080110052000000.04000          
2260030000010902277060800042000000.15000          
2260030000010902572050010042000003.35000          
2260030000010902573510060035000000.75000          
2260030000010902573650000042000000.21000          
2260030000010902573660240042000043.80000          
2260030000010902575030000042000000.40000          
2260030000010902575140010042000000.30000          
2260030000010902575160010042000000.05000          
2260030000010902575200000042000000.15000          
2260030000010902575240030042000000.15000          
2260030000010902575270000042000000.40000          
2260030000010902610450060042000000.01000          
2260030000010902610530000042000000.05000          
2260030000010902700060010015000000.50000          
2260030000010902709520000042000000.50000          
2260030000010902712010010022000000.50000          
2260030000010902719340240050000003.00000          
2260030000010902730080090052000000.05000          
2260030000010902730080110052000000.04000          
2260500000010700514090000042000000.00800          
2260500000010700514100030042000000.05000          
2260500000010700518540150042000000.11000          
2260500000010700528020000042000000.01900          
2260500000010700572050010042000003.50000          
2260500000010700573170170042000000.01000          
2260500000010700573730000042000000.14700          
2260500000010700575160010042000000.01000          
2260500000010700719340240050000002.00000          
2260500000010700719770040042000000.10000          
2260500000010700721040840042000000.10000          
2260500000010700723010030042000000.25000          
2260500000010700737360080050000001.00000          
2260500000010700760120050042000000.01720          
2260801000010700513380120042000000.01000          
2260801000010700518540150042000000.00200          
2260801000010700539660000042000000.01000          
2260801000010700548040000042000000.60000          
2260801000010700548070000042000000.03000          
2260801000010700719340240050000001.00000          
2260801000012000539011000042000000.00500          
2260801000012000539660000042000000.00100          
2260801000012000572050010042000000.30000          
2260801000012000700090010015000001.30000          
2260801000012000760250000042000000.06000          
2260801007710700513380120042000000.01000          
2260801007710700518540150042000000.00200          
2260801007710700539660000042000000.01000          
2260801007710700548040000042000000.60000          
2260801007710700548070000042000000.03000          
2260801007710700719340240050000001.00000          
2260801007712000539011000042000000.00500          
2260801007712000539660000042000000.00100          
2260801007712000572050010042000000.30000          
2260801007712000700090010015000001.30000          
2260801007712000760250000042000000.06000          
2260810000010700513380120042000000.01000          
2260810000010700539660000042000000.01000          
2260810000010700548040000042000006.90000          
2260810000010700548070000042000000.06000          
2260810000010700719340240050000003.00000          
2260810000012000539011000042000000.01000          
2260810000012000539660000042000000.00160          
2260810000012000572050010042000000.30000          
2260810000012000700090010015000001.30000          
2260810000012000760250000042000000.06000          
2260810007710700513380120042000000.01000          
2260810007710700539660000042000000.01000          
2260810007710700548040000042000006.90000          
2260810007710700548070000042000000.06000          
2260810007710700573170170042000000.25000          
2260810007710700719340240050000005.00000          
2260810007710700719770040042000000.30000          
2260810007710700723010030042000000.60000          
2260810007712000539011000042000000.01000          
2260810007712000539660000042000000.00160          
2260810007712000572050010042000000.30000          
2260810007712000700090010015000001.30000          
2260830000010700513380120042000000.00100          
2260830000010700539660000042000000.01000          
2260830000010700548040000042000006.90000          
2260830000010700548070000042000000.06000          
2260830000010700719340240050000003.00000          
2260830000012000539011000042000000.01000          
2260830000012000539660000042000000.00160          
2260830000012000572050010042000000.30000          
2260830000012000700090010015000001.30000          
2260830000012000760250000042000000.06000          
2260840000010700520850080042000000.02000          
2260840000010700539660000042000000.01000          
2260840000010700548040000042000001.20000          
2260840000010700548070000042000000.03000          
2260840000010700719340240050000001.00000          
2260840000012000539011000042000000.00500          
2260840000012000539660000042000000.00160          
2260840000012000572050010042000000.30000          
2260840000012000700090010015000001.30000          
2260840000012000760250000042000000.06000          
3117910003412000277060500042000000.04000          
3117910003412000518510040042000001.00000          
3117910003412000572050010042000003.40000          
3117910003412000575160010042000000.03800          
3117910003412000700090010015000018.00000          
3117910003412000700510010015000001.50000          
9001700350010900546001000033000000.17000          
9001700350010900546540000042000002.50000          
9001700350010900546862000033000017.50000          
9001700350010900570110000042000976.40000          
9001700350010900572050010042000003.00000          
9001700350010900573540000042000101.75000          
9001700350010900709520000042000002.00000          
9001700350010900719340240050000025.00000          
9001700350010900730080110052000004.00000          
9001700350110900277060500042000000.02000          
9001700350110900546540000042000002.50000          
9001700350110900570110000042000976.40000          
9001700350110900572050010042000003.00000          
9001700350110900573540000042000101.75000          
9001700350110900575160010042000000.03000          
9001700350110900610450060042000000.00500          
9001700350110900610530000042000000.02000          
9001700350110900709520000042000002.00000          
9001700350110900719340240050000025.00000          
9001700350110900726480020042000000.02000          
9001700350110900730080110052000004.00000          
9001700350210900277060500042000000.02000          
9001700350210900546001000033000000.17000          
9001700350210900546540000042000002.50000          
9001700350210900546862000033000017.50000          
9001700350210900570110000042000976.40000          
9001700350210900572050010042000003.00000          
9001700350210900573540000042000101.75000          
9001700350210900575160010042000000.03000          
9001700350210900610450060042000000.00500          
9001700350210900610530000042000000.02000          
9001700350210900709520000042000002.00000          
9001700350210900719340240050000025.00000          
9001700350210900726480020042000000.02000          
9001700350210900730080110052000004.00000          
9001702150010700518540150042000000.01000          
9001702150010901277060500042000000.01000          
9001702150010901546540000042000000.03000          
9001702150010901546862000033000000.21000          
9001702150010901570110000042000051.00000          
9001702150010901572050010042000001.50000          
9001702150010901573540000042000001.87500          
9001702150010901575160010042000000.00050          
9001702150010901580720020042000000.00400          
9001702150010901610450060042000000.00500          
9001702150010901610530000042000000.00500          
9001702150010901709520000042000000.20000          
9001702150010901719340240050000005.00000          
9001702150010901726480020042000000.00300          
9001702150010901730080110052000000.07000          
9001702150010902277060500042000000.01000          
9001702150010902546001000033000000.12500          
9001702150010902546540000042000000.02000          
9001702150010902546862000033000000.14000          
9001702150010902570110000042000034.00000          
9001702150010902572050010042000001.50000          
9001702150010902573010000042000003.30000          
9001702150010902573540000042000001.87500          
9001702150010902575160010042000000.00050          
9001702150010902580720020042000000.00400          
9001702150010902610530000042000000.00500          
9001702150010902709520000042000000.20000          
9001702150010902719340240050000005.00000          
9001702150010902726480020042000000.00400          
9001702150010902730080110052000000.06000          
9001702150012000277060500042000000.00210          
9001702150012000510418150042000000.01750          
9001702150012000513380120042000000.04200          
9001702150012000514090000042000000.00350          
9001702150012000514100090042000000.00700          
9001702150012000517020060042000000.01400          
9001702150012000518510040042000000.70000          
9001702150012000520010000042000000.00350          
9001702150012000520640010042000000.00350          
9001702150012000523800000042000000.07000          
9001702150012000524060000042000000.00420          
9001702150012000524100010042000000.00210          
9001702150012000528020000042000000.00500          
9001702150012000538050000042000000.03550          
9001702150012000539281020042000000.01050          
9001702150012000539281110042000000.01750          
9001702150012000539890110042000000.00350          
9001702150012000546001000033000000.04000          
9001702150012000547800000042000000.00700          
9001702150012000564280010042000000.00070          
9001702150012000564280020042000000.00177          
9001702150012000572050010042000015.45600          
9001702150012000573170170042000000.01190          
9001702150012000573540000042000000.17500          
9001702150012000575160010042000000.02030          
9001702150012000575240070042000000.00700          
9001702150012000580600020042000000.00350          
9001702150012000580720020042000000.00490          
9001702150012000580960010042000000.00035          
9001702150012000657382500042000000.00140          
9001702150012000700060010015000001.05000          
9001702150012000700090010015000007.49000          
9001702150012000700510010015000001.05000          
9001702150012000712010010022000001.75000          
9001702150012000718400010015000000.70000          
9001702150012000718500010015000014.00000          
9001702150012000719770010042000000.06580          
9001702150012000721040840042000000.35000          
9001702150012000723010030042000000.59500          
9001702150012000737360080050000001.40000          
9001702150012000760150000042000000.00490          
9001702150012000763020100042000000.00350          
9001702150012003277060500042000000.00090          
9001702150012003510418150042000000.00750          
9001702150012003513380120042000000.01800          
9001702150012003514090000042000000.00150          
9001702150012003514100090042000000.00300          
9001702150012003517020060042000000.00600          
9001702150012003518510040042000000.30000          
9001702150012003520010000042000000.00150          
9001702150012003520640010042000000.00150          
9001702150012003523800000042000000.03000          
9001702150012003524060000042000000.00180          
9001702150012003524100010042000000.00090          
9001702150012003528020000042000000.00220          
9001702150012003538050000042000000.01520          
9001702150012003539281020042000000.00450          
9001702150012003539281110042000000.00750          
9001702150012003539890110042000000.00150          
9001702150012003547800000042000000.00300          
9001702150012003564280010042000000.00030          
9001702150012003564280020042000000.00076          
9001702150012003572050010042000006.62400          
9001702150012003573170170042000000.00510          
9001702150012003573540000042000000.07500          
9001702150012003575160010042000000.00870          
9001702150012003575240070042000000.00300          
9001702150012003580600020042000000.00150          
9001702150012003580720020042000000.00210          
9001702150012003580960010042000000.00015          
9001702150012003657382500042000000.00060          
9001702150012003700060010015000000.45000          
9001702150012003700090010015000003.21000          
9001702150012003700510010015000000.45000          
9001702150012003712010010022000000.75000          
9001702150012003718400010015000000.30000          
9001702150012003718500010015000006.00000          
9001702150012003719770010042000000.02820          
9001702150012003721040840042000000.15000          
9001702150012003723010030042000000.25500          
9001702150012003737360080050000000.60000          
9001702150012003760150000042000000.00210          
9001702150012003763020100042000000.00150          
9011700200010900277060500042000000.02000          
9011700200010900539281020042000000.01500          
9011700200010900546540000042000000.05000          
9011700200010900570110000042021640.00000          
9011700200010900572050010042000017.00000          
9011700200010900573010000042000006.60000          
9011700200010900573540000042000096.00000          
9011700200010900575160010042000000.03000          
9011700200010900610450060042000000.00500          
9011700200010900610530000042000000.02000          
9011700200010900709520000042000007.00000          
9011700200010900719340240050000125.00000          
9011700200010900726480020042000000.02000          
9011700200010900730080090052000001.00000          
9014000030010700277040800042000000.12000          
9014000030010700277060500042000000.01900          
9014000030010700514090000042000000.01500          
9014000030010700514100030042000000.62000          
9014000030010700514100090042000000.02500          
9014000030010700514100100042000000.00050          
9014000030010700518540150042000006.72500          
9014000030010700521540000042000000.80000          
9014000030010700521620240035000000.20000          
9014000030010700521620290035000000.04000          
9014000030010700523800000042000000.07000          
9014000030010700524060000042000000.00700          
9014000030010700524100010042000000.00600          
9014000030010700528020000042000000.22300          
9014000030010700539281020042000000.08000          
9014000030010700539281110042000000.18500          
9014000030010700548040000042000000.50000          
9014000030010700548070000042000000.05000          
9014000030010700548700010042000000.06000          
9014000030010700556000150023000000.00510          
9014000030010700557050220023000001.44000          
9014000030010700572050010042000189.00000          
9014000030010700573030000042000000.14000          
9014000030010700573170170042000000.50000          
9014000030010700573730000042000015.00000          
9014000030010700575060000042000000.10000          
9014000030010700575160010042000000.11900          
9014000030010700580600020042000000.00100          
9014000030010700700090010015000015.00000          
9014000030010700700510010015000000.33000          
9014000030010700709520000042000000.39000          
9014000030010700712010010022000032.00000          
9014000030010700719340240050000040.00000          
9014000030010700719770040042000000.61000          
9014000030010700721040840042000000.50000          
9014000030010700723010030042000004.50000          
9014000030010700726480020042000000.20000          
9014000030010700737360080050000002.00000          
9014000030010700737360500050000001.00000          
9014000030010700737360750050000001.00000          
9014000030010700760100010042000000.39300          
9014000030010700760120050042000000.30000          
9014000030010900277060500042000000.00100          
9014000030010900572050010042000000.50000          
9014000030010900573730000042000002.00000          
9014000030010900575160010042000000.00100          
9014000030010900709520000042000000.01000          
9014000030010900719340240050000003.00000          
9014000030010901277060500042000000.00600          
9014000030010901546001000033000000.03000          
9014000030010901570110000042001200.15000          
9014000030010901572050010042000005.00000          
9014000030010901573270000042000000.04500          
9014000030010901573650000042000000.50000          
9014000030010901573730000042000013.00000          
9014000030010901575060000042000000.00100          
9014000030010901575160010042000000.00300          
9014000030010901580720020042000000.08000          
9014000030010901610450060042000000.00500          
9014000030010901610530000042000000.03000          
9014000030010901700060010015000000.10000          
9014000030010901709520000042000000.20000          
9014000030010901719340240050000010.00000          
9014000030010901726480020042000000.06500          
9014000030010901730080090052000000.01800          
9014000030010901730080110052000000.01500          
9014000030010902277040800042000000.01500          
9014000030010902277060500042000000.02400          
9014000030010902546001000033000000.02000          
9014000030010902570110000042001100.00000          
9014000030010902572050010042000005.00000          
9014000030010902573270000042000000.04000          
9014000030010902573650000042000000.50000          
9014000030010902573730000042000012.00000          
9014000030010902575060000042000000.00100          
9014000030010902575160010042000000.00200          
9014000030010902580720020042000000.07000          
9014000030010902610450060042000000.00500          
9014000030010902610530000042000000.02000          
9014000030010902700060010015000000.10000          
9014000030010902709520000042000000.20000          
9014000030010902719340240050000010.00000          
9014000030010902726480020042000000.05000          
9014000030010902730080090052000000.01800          
9014000030010902730080110052000000.01500          
9017000240010900546001000033000000.20000          
9017000240010900546862000033000024.00000          
9017000240010900570110000042003430.00000          
9017000240010900572050010042000012.00000          
9017000240010900573010000042000003.00000          
9017000240010900573540000042000293.00000          
9017000240010900709520000042000005.00000          
9017000240010900719340240050000011.00000          
9017000240010900730080110052000004.00000          
9017000350010900277060500042000000.03000          
9017000350010900546001000033000004.25000          
9017000350010900546862000033000005.95000          
9017000350010900570110000042003102.00000          
9017000350010900572050010042000036.00000          
9017000350010900573010000042000003.30000          
9017000350010900573540000042000036.00000          
9017000350010900575160010042000000.15000          
9017000350010900610450060042000000.08500          
9017000350010900610530000042000000.17000          
9017000350010900709520000042000008.50000          
9017000350010900719340240050000099.00000          
9017000350010900730080110052000001.10000          
9017000350110900546001000033000000.20000          
9017000350110900546540000042000003.20000          
9017000350110900546862000033000026.00000          
9017000350110900570110000042003842.40000          
9017000350110900572050010042000012.00000          
9017000350110900573010000042000003.30000          
9017000350110900573540000042000293.00000          
9017000350110900709520000042000002.20000          
9017000350110900709520000042000005.20000          
9017000350110900730080110052000003.00000          
9017001850010700518540150042000000.01000          
9017001850010901277060500042000000.01000          
9017001850010901546540000042000000.03000          
9017001850010901546862000033000000.21000          
9017001850010901570110000042000051.00000          
9017001850010901572050010042000001.50000          
9017001850010901573540000042000001.87500          
9017001850010901575160010042000000.00050          
9017001850010901580720020042000000.00400          
9017001850010901610450060042000000.00500          
9017001850010901610530000042000000.00500          
9017001850010901709520000042000000.20000          
9017001850010901719340240050000005.00000          
9017001850010901726480020042000000.00300          
9017001850010901730080110052000000.07000          
9017001850010902277060500042000000.01000          
9017001850010902546001000033000000.12500          
9017001850010902546540000042000000.02000          
9017001850010902546862000033000000.14000          
9017001850010902570110000042000034.00000          
9017001850010902572050010042000001.50000          
9017001850010902573010000042000003.30000          
9017001850010902573540000042000001.87500          
9017001850010902575160010042000000.00050          
9017001850010902580720020042000000.00400          
9017001850010902610530000042000000.00500          
9017001850010902709520000042000000.20000          
9017001850010902719340240050000005.00000          
9017001850010902726480020042000000.00400          
9017001850010902730080110052000000.06000          
9017001850012000277060500042000000.00210          
9017001850012000328020000042000000.00210          
9017001850012000510418150042000000.01750          
9017001850012000513380120042000000.04200          
9017001850012000514090000042000000.00350          
9017001850012000514100090042000000.00700          
9017001850012000517020060042000000.01400          
9017001850012000518510040042000000.70000          
9017001850012000520010000042000000.00350          
9017001850012000520640010042000000.00350          
9017001850012000523800000042000000.07000          
9017001850012000524060000042000000.00420          
9017001850012000524100010042000000.00210          
9017001850012000528020000042000000.00500          
9017001850012000538050000042000000.03560          
9017001850012000539281020042000000.01050          
9017001850012000539281110042000000.01750          
9017001850012000539890110042000000.00350          
9017001850012000546001000033000000.04000          
9017001850012000547800000042000000.00700          
9017001850012000564280010042000000.00070          
9017001850012000564280020042000000.00177          
9017001850012000572050010042000015.45600          
9017001850012000573170170042000000.01190          
9017001850012000573540000042000000.17500          
9017001850012000575160010042000000.02030          
9017001850012000575240070042000000.00700          
9017001850012000580600020042000000.00350          
9017001850012000580720020042000000.00490          
9017001850012000580960010042000000.00035          
9017001850012000657382500042000000.00140          
9017001850012000700060010015000001.05000          
9017001850012000700090010015000007.49000          
9017001850012000700510010015000001.05000          
9017001850012000712010010022000001.75000          
9017001850012000718400010015000000.70000          
9017001850012000718500010015000014.00000          
9017001850012000719770010042000000.06580          
9017001850012000721040840042000000.35000          
9017001850012000723010030042000000.59500          
9017001850012000737360080050000001.40000          
9017001850012000760150000042000000.00490          
9017001850012000763020100042000000.00350          
9017001850012003277060500042000000.00090          
9017001850012003328020000042000000.00090          
9017001850012003510418150042000000.00750          
9017001850012003513380120042000000.01800          
9017001850012003514090000042000000.00150          
9017001850012003514100090042000000.00300          
9017001850012003517020060042000000.00600          
9017001850012003518510040042000000.30000          
9017001850012003520010000042000000.00150          
9017001850012003520640010042000000.00150          
9017001850012003523800000042000000.03000          
9017001850012003524060000042000000.00180          
9017001850012003524100010042000000.00090          
9017001850012003528020000042000000.00220          
9017001850012003538050000042000000.01520          
9017001850012003539281020042000000.00450          
9017001850012003539281110042000000.00750          
9017001850012003539890110042000000.00150          
9017001850012003547800000042000000.00300          
9017001850012003564280010042000000.00030          
9017001850012003564280020042000000.00076          
9017001850012003572050010042000006.62400          
9017001850012003573170170042000000.00510          
9017001850012003573540000042000000.07500          
9017001850012003575160010042000000.00870          
9017001850012003575240070042000000.00300          
9017001850012003580600020042000000.00150          
9017001850012003580720020042000000.00210          
9017001850012003580960010042000000.00015          
9017001850012003657382500042000000.00060          
9017001850012003700060010015000000.45000          
9017001850012003700090010015000003.21000          
9017001850012003700510010015000000.45000          
9017001850012003712010010022000000.75000          
9017001850012003718400010015000000.30000          
9017001850012003718500010015000006.00000          
9017001850012003719770010042000000.02820          
9017001850012003721040840042000000.15000          
9017001850012003723010030042000000.25500          
9017001850012003737360080050000000.60000          
9017001850012003760150000042000000.00210          
9017001850012003763020100042000000.00150          
9017001940010700518540150042000000.01000          
9017001940010901277060500042000000.01000          
9017001940010901546540000042000000.03000          
9017001940010901546862000033000000.21000          
9017001940010901570110000042000051.00000          
9017001940010901572050010042000001.50000          
9017001940010901573540000042000001.87500          
9017001940010901575160010042000000.00050          
9017001940010901580720020042000000.00400          
9017001940010901610450060042000000.00500          
9017001940010901610530000042000000.00500          
9017001940010901709520000042000000.20000          
9017001940010901719340240050000005.00000          
9017001940010901726480020042000000.00300          
9017001940010901730080110052000000.07000          
9017001940010902277060500042000000.01000          
9017001940010902546001000033000000.12500          
9017001940010902546540000042000000.02000          
9017001940010902546862000033000000.14000          
9017001940010902570110000042000034.00000          
9017001940010902572050010042000001.50000          
9017001940010902573010000042000003.30000          
9017001940010902573540000042000001.87500          
9017001940010902575160010042000000.00050          
9017001940010902580720020042000000.00400          
9017001940010902610530000042000000.00500          
9017001940010902709520000042000000.20000          
9017001940010902719340240050000005.00000          
9017001940010902726480020042000000.00400          
9017001940010902730080110052000000.06000          
9017001940012000305060080042000000.00250          
9017001940012000277060500042000000.00210          
9017001940012000328020000042000000.00210          
9017001940012000510418150042000000.01750          
9017001940012000513380120042000000.04200          
9017001940012000514090000042000000.00350          
9017001940012000514100090042000000.00700          
9017001940012000517020060042000000.01400          
9017001940012000518510040042000000.70000          
9017001940012000520010000042000000.00350          
9017001940012000520640010042000000.00350          
9017001940012000523800000042000000.07000          
9017001940012000524060000042000000.00420          
9017001940012000524100010042000000.00210          
9017001940012000528020000042000000.00510          
9017001940012000538050000042000000.03550          
9017001940012000539281020042000000.01050          
9017001940012000539281110042000000.01750          
9017001940012000539890110042000000.00350          
9017001940012000546001000033000000.04000          
9017001940012000547800000042000000.00700          
9017001940012000564280010042000000.00070          
9017001940012000564280020042000000.00177          
9017001940012000572050010042000015.45600          
9017001940012000573170170042000000.01190          
9017001940012000573540000042000000.17500          
9017001940012000575160010042000000.02030          
9017001940012000575240070042000000.00700          
9017001940012000580600020042000000.00350          
9017001940012000580720020042000000.00490          
9017001940012000580960010042000000.00035          
9017001940012000657382500042000000.00140          
9017001940012000700060010015000001.05000          
9017001940012000700090010015000007.49000          
9017001940012000700510010015000001.05000          
9017001940012000712010010022000001.75000          
9017001940012000718400010015000000.70000          
9017001940012000718500010015000014.00000          
9017001940012000719770010042000000.06580          
9017001940012000721040840042000000.35000          
9017001940012000723010030042000000.59500          
9017001940012000737360080050000001.40000          
9017001940012000760150000042000000.00490          
9017001940012000763020100042000000.00350          
9017001940012003277060500042000000.00090          
9017001940012003328020000042000000.00090          
9017001940012003510418150042000000.00750          
9017001940012003513380120042000000.01800          
9017001940012003514090000042000000.00150          
9017001940012003514100090042000000.00300          
9017001940012003517020060042000000.00600          
9017001940012003518510040042000000.30000          
9017001940012003520010000042000000.00150          
9017001940012003520640010042000000.00150          
9017001940012003523800000042000000.03000          
9017001940012003524060000042000000.00180          
9017001940012003524100010042000000.00090          
9017001940012003528020000042000000.00220          
9017001940012003538050000042000000.01520          
9017001940012003539281020042000000.00450          
9017001940012003539281110042000000.00750          
9017001940012003539890110042000000.00150          
9017001940012003547800000042000000.00300          
9017001940012003564280010042000000.00030          
9017001940012003564280020042000000.00076          
9017001940012003572050010042000006.62400          
9017001940012003573170170042000000.00510          
9017001940012003573540000042000000.07500          
9017001940012003575160010042000000.00870          
9017001940012003575240070042000000.00300          
9017001940012003580600020042000000.00150          
9017001940012003580720020042000000.00210          
9017001940012003580960010042000000.00015          
9017001940012003657382500042000000.00060          
9017001940012003700060010015000000.45000          
9017001940012003700090010015000003.21000          
9017001940012003700510010015000000.45000          
9017001940012003712010010022000000.75000          
9017001940012003718400010015000000.30000          
9017001940012003718500010015000006.00000          
9017001940012003719770010042000000.02820          
9017001940012003721040840042000000.15000          
9017001940012003723010030042000000.25500          
9017001940012003737360080050000000.60000          
9017001940012003760150000042000000.00210          
9017001940012003763020100042000000.00150          
9017001941010700518540150042000000.01000          
9017001941010901277060500042000000.01000          
9017001941010901546540000042000000.03000          
9017001941010901546862000033000000.21000          
9017001941010901570110000042000051.00000          
9017001941010901572050010042000001.50000          
9017001941010901573540000042000001.87500          
9017001941010901575160010042000000.00050          
9017001941010901580720020042000000.00400          
9017001941010901610450060042000000.00500          
9017001941010901610530000042000000.00500          
9017001941010901709520000042000000.20000          
9017001941010901719340240050000005.00000          
9017001941010901726480020042000000.00300          
9017001941010901730080110052000000.07000          
9017001941010902277060500042000000.01000          
9017001941010902546001000033000000.12500          
9017001941010902546540000042000000.02000          
9017001941010902546862000033000000.14000          
9017001941010902570110000042000034.00000          
9017001941010902572050010042000001.50000          
9017001941010902573010000042000003.30000          
9017001941010902573540000042000001.87500          
9017001941010902575160010042000000.00050          
9017001941010902580720020042000000.00400          
9017001941010902610530000042000000.00500          
9017001941010902709520000042000000.20000          
9017001941010902719340240050000005.00000          
9017001941010902726480020042000000.00400          
9017001941010902730080110052000000.06000          
9017001941012000305060080042000000.00250          
9017001941012000277060500042000000.00210          
9017001941012000328020000042000000.00490          
9017001941012000510418150042000000.01750          
9017001941012000513380120042000000.04200          
9017001941012000514090000042000000.00350          
9017001941012000514100070042000000.00350          
9017001941012000514100090042000000.00700          
9017001941012000514100130042000000.02800          
9017001941012000517020060042000000.01400          
9017001941012000518510040042000000.70000          
9017001941012000520010000042000000.00350          
9017001941012000520640010042000000.00350          
9017001941012000523800000042000000.07000          
9017001941012000524060000042000000.00420          
9017001941012000524100010042000000.00210          
9017001941012000528020000042000000.00504          
9017001941012000528040000042000000.01190          
9017001941012000538050000042000000.03550          
9017001941012000539281020042000000.01050          
9017001941012000539281110042000000.01750          
9017001941012000539890110042000000.00350          
9017001941012000546001000033000000.04000          
9017001941012000547800000042000000.00700          
9017001941012000548700010042000000.00910          
9017001941012000564280010042000000.00070          
9017001941012000564280020042000000.00177          
9017001941012000572050010042000015.45600          
9017001941012000573170170042000000.01190          
9017001941012000573540000042000000.17500          
9017001941012000575160010042000000.02030          
9017001941012000575240070042000000.00700          
9017001941012000580600020042000000.00350          
9017001941012000580720020042000000.00490          
9017001941012000580960010042000000.00035          
9017001941012000657382500042000000.00140          
9017001941012000700060010015000001.05000          
9017001941012000700090010015000007.49000          
9017001941012000700510010015000001.05000          
9017001941012000712010010022000001.75000          
9017001941012000718400010015000000.70000          
9017001941012000718500010015000014.00000          
9017001941012000719770010042000000.06580          
9017001941012000721040840042000000.35000          
9017001941012000723010030042000000.59500          
9017001941012000737360080050000001.40000          
9017001941012000760120050042000000.02340          
9017001941012000760150000042000000.00490          
9017001941012000763020100042000000.00350          
9017001941012003277060500042000000.00090          
9017001941012003328020000042000000.00210          
9017001941012003510418150042000000.00750          
9017001941012003513380120042000000.01800          
9017001941012003514090000042000000.00150          
9017001941012003514100070042000000.00150          
9017001941012003514100090042000000.00300          
9017001941012003514100130042000000.01200          
9017001941012003517020060042000000.00600          
9017001941012003518510040042000000.30000          
9017001941012003520010000042000000.00150          
9017001941012003520640010042000000.00150          
9017001941012003523800000042000000.03000          
9017001941012003524060000042000000.00180          
9017001941012003524100010042000000.00090          
9017001941012003528020000042000000.00216          
9017001941012003528040000042000000.00510          
9017001941012003538050000042000000.01520          
9017001941012003539281020042000000.00450          
9017001941012003539281110042000000.00750          
9017001941012003539890110042000000.00150          
9017001941012003547800000042000000.00300          
9017001941012003548700010042000000.00390          
9017001941012003564280010042000000.00030          
9017001941012003564280020042000000.00076          
9017001941012003572050010042000006.62400          
9017001941012003573170170042000000.00510          
9017001941012003573540000042000000.07500          
9017001941012003575160010042000000.00870          
9017001941012003575240070042000000.00300          
9017001941012003580600020042000000.00150          
9017001941012003580720020042000000.00210          
9017001941012003580960010042000000.00015          
9017001941012003657382500042000000.00060          
9017001941012003700060010015000000.45000          
9017001941012003700090010015000003.21000          
9017001941012003700510010015000000.45000          
9017001941012003712010010022000000.75000          
9017001941012003718400010015000000.30000          
9017001941012003718500010015000006.00000          
9017001941012003719770010042000000.02820          
9017001941012003721040840042000000.15000          
9017001941012003723010030042000000.25500          
9017001941012003737360080050000000.60000          
9017001941012003760120050042000000.01000          
9017001941012003760150000042000000.00210          
9017001941012003763020100042000000.00150          
9017002160010700518540150042000000.01000          
9017002160010901277060500042000000.01000          
9017002160010901546540000042000000.03000          
9017002160010901546862000033000000.21000          
9017002160010901570110000042000051.00000          
9017002160010901572050010042000001.50000          
9017002160010901573540000042000001.87500          
9017002160010901575160010042000000.00050          
9017002160010901580720020042000000.00400          
9017002160010901610450060042000000.00500          
9017002160010901610530000042000000.00500          
9017002160010901709520000042000000.20000          
9017002160010901719340240050000005.00000          
9017002160010901726480020042000000.00300          
9017002160010901730080110052000000.07000          
9017002160010902277060500042000000.01000          
9017002160010902546001000033000000.12500          
9017002160010902546540000042000000.02000          
9017002160010902546862000033000000.14000          
9017002160010902570110000042000034.00000          
9017002160010902572050010042000001.50000          
9017002160010902573010000042000003.30000          
9017002160010902573540000042000001.87500          
9017002160010902575160010042000000.00050          
9017002160010902580720020042000000.00400          
9017002160010902610530000042000000.00500          
9017002160010902709520000042000000.20000          
9017002160010902719340240050000005.00000          
9017002160010902726480020042000000.00400          
9017002160010902730080110052000000.06000          
9017002160012000277060500042000000.00210          
9017002160012000328020000042000000.00210          
9017002160012000510418150042000000.01750          
9017002160012000513380120042000000.04200          
9017002160012000514090000042000000.00350          
9017002160012000514100090042000000.00700          
9017002160012000517020060042000000.01400          
9017002160012000518510040042000000.70000          
9017002160012000520010000042000000.00350          
9017002160012000520640010042000000.00350          
9017002160012000523800000042000000.07000          
9017002160012000524060000042000000.00420          
9017002160012000524100010042000000.00210          
9017002160012000528020000042000000.00504          
9017002160012000538050000042000000.03550          
9017002160012000539281020042000000.01050          
9017002160012000539281110042000000.01750          
9017002160012000539890110042000000.00350          
9017002160012000546001000033000000.04000          
9017002160012000547800000042000000.00700          
9017002160012000564280010042000000.00070          
9017002160012000564280020042000000.00177          
9017002160012000572050010042000015.45600          
9017002160012000573170170042000000.01190          
9017002160012000573540000042000000.17500          
9017002160012000575160010042000000.02030          
9017002160012000575240070042000000.00700          
9017002160012000580600020042000000.00350          
9017002160012000580720020042000000.00490          
9017002160012000580960010042000000.00035          
9017002160012000657382500042000000.00140          
9017002160012000700060010015000001.05000          
9017002160012000700090010015000007.49000          
9017002160012000700510010015000001.05000          
9017002160012000712010010022000001.75000          
9017002160012000718400010015000000.70000          
9017002160012000718500010015000014.00000          
9017002160012000719770010042000000.06580          
9017002160012000721040840042000000.35000          
9017002160012000723010030042000000.59500          
9017002160012000737360080050000001.40000          
9017002160012000760150000042000000.00490          
9017002160012000763020100042000000.00350          
9017002160012003277060500042000000.00090          
9017002160012003328020000042000000.00090          
9017002160012003510418150042000000.00750          
9017002160012003513380120042000000.01800          
9017002160012003514090000042000000.00150          
9017002160012003514100090042000000.00300          
9017002160012003517020060042000000.00600          
9017002160012003518510040042000000.30000          
9017002160012003520010000042000000.00150          
9017002160012003520640010042000000.00150          
9017002160012003523800000042000000.03000          
9017002160012003524060000042000000.00180          
9017002160012003524100010042000000.00090          
9017002160012003528020000042000000.00216          
9017002160012003538050000042000000.01520          
9017002160012003539281020042000000.00450          
9017002160012003539281110042000000.00750          
9017002160012003539890110042000000.00150          
9017002160012003547800000042000000.00300          
9017002160012003564280010042000000.00030          
9017002160012003564280020042000000.00076          
9017002160012003572050010042000006.62400          
9017002160012003573170170042000000.00510          
9017002160012003573540000042000000.07500          
9017002160012003575160010042000000.00870          
9017002160012003575240070042000000.00300          
9017002160012003580600020042000000.00150          
9017002160012003580720020042000000.00210          
9017002160012003580960010042000000.00015          
9017002160012003657382500042000000.00060          
9017002160012003700060010015000000.45000          
9017002160012003700090010015000003.21000          
9017002160012003700510010015000000.45000          
9017002160012003712010010022000000.75000          
9017002160012003718400010015000000.30000          
9017002160012003718500010015000006.00000          
9017002160012003719770010042000000.02820          
9017002160012003721040840042000000.15000          
9017002160012003723010030042000000.25500          
9017002160012003737360080050000000.60000          
9017002160012003760150000042000000.00210          
9017002160012003763020100042000000.00150          
9017002161110700518540150042000000.01000          
9017002161110901277060500042000000.01000          
9017002161110901546540000042000000.03000          
9017002161110901546862000033000000.21000          
9017002161110901570110000042000051.00000          
9017002161110901572050010042000001.50000          
9017002161110901573540000042000001.87500          
9017002161110901575160010042000000.00050          
9017002161110901580720020042000000.00400          
9017002161110901610450060042000000.00500          
9017002161110901610530000042000000.00500          
9017002161110901709520000042000000.20000          
9017002161110901719340240050000005.00000          
9017002161110901726480020042000000.00300          
9017002161110901730080110052000000.07000          
9017002161110902277060500042000000.01000          
9017002161110902546001000033000000.12500          
9017002161110902546540000042000000.02000          
9017002161110902546862000033000000.14000          
9017002161110902570110000042000034.00000          
9017002161110902572050010042000001.50000          
9017002161110902573010000042000003.30000          
9017002161110902573540000042000001.87500          
9017002161110902575160010042000000.00050          
9017002161110902580720020042000000.00400          
9017002161110902610530000042000000.00500          
9017002161110902709520000042000000.20000          
9017002161110902719340240050000005.00000          
9017002161110902726480020042000000.00400          
9017002161110902730080110052000000.06000          
9017002161112000277060500042000000.00210          
9017002161112000328020000042000000.00490          
9017002161112000510418150042000000.01750          
9017002161112000513380120042000000.04200          
9017002161112000514090000042000000.00350          
9017002161112000514100070042000000.00350          
9017002161112000514100090042000000.00700          
9017002161112000514100130042000000.02800          
9017002161112000517020060042000000.01400          
9017002161112000518510040042000000.70000          
9017002161112000520010000042000000.00350          
9017002161112000520640010042000000.00350          
9017002161112000523800000042000000.07000          
9017002161112000524060000042000000.00420          
9017002161112000524100010042000000.00210          
9017002161112000528020000042000000.00504          
9017002161112000528040000042000000.01190          
9017002161112000538050000042000000.03550          
9017002161112000539281020042000000.01050          
9017002161112000539281110042000000.01750          
9017002161112000539890110042000000.00350          
9017002161112000546001000033000000.04000          
9017002161112000547800000042000000.00700          
9017002161112000548700010042000000.00910          
9017002161112000564280010042000000.00070          
9017002161112000564280020042000000.00177          
9017002161112000572050010042000015.45600          
9017002161112000573170170042000000.01190          
9017002161112000573540000042000000.17500          
9017002161112000575160010042000000.02030          
9017002161112000575240070042000000.00700          
9017002161112000580600020042000000.00350          
9017002161112000580720020042000000.00490          
9017002161112000580960010042000000.00035          
9017002161112000657382500042000000.00140          
9017002161112000700060010015000001.05000          
9017002161112000700090010015000007.49000          
9017002161112000700510010015000001.05000          
9017002161112000712010010022000001.75000          
9017002161112000718400010015000000.70000          
9017002161112000718500010015000014.00000          
9017002161112000719770010042000000.06580          
9017002161112000721040840042000000.35000          
9017002161112000723010030042000000.59500          
9017002161112000737360080050000001.40000          
9017002161112000760120050042000000.02340          
9017002161112000760150000042000000.00490          
9017002161112000763020100042000000.00350          
9017002161112003277060500042000000.00090          
9017002161112003328020000042000000.00210          
9017002161112003510418150042000000.00750          
9017002161112003513380120042000000.01800          
9017002161112003514090000042000000.00150          
9017002161112003514100070042000000.00150          
9017002161112003514100090042000000.00300          
9017002161112003514100130042000000.01200          
9017002161112003517020060042000000.00600          
9017002161112003518510040042000000.30000          
9017002161112003520010000042000000.00150          
9017002161112003520640010042000000.00150          
9017002161112003523800000042000000.03000          
9017002161112003524060000042000000.00180          
9017002161112003524100010042000000.00090          
9017002161112003528020000042000000.00216          
9017002161112003528040000042000000.00510          
9017002161112003538050000042000000.01520          
9017002161112003539281020042000000.00450          
9017002161112003539281110042000000.00750          
9017002161112003539890110042000000.00150          
9017002161112003547800000042000000.00300          
9017002161112003548700010042000000.00390          
9017002161112003564280010042000000.00030          
9017002161112003564280020042000000.00076          
9017002161112003572050010042000006.62400          
9017002161112003573170170042000000.00510          
9017002161112003573540000042000000.07500          
9017002161112003575160010042000000.00870          
9017002161112003575240070042000000.00300          
9017002161112003580600020042000000.00150          
9017002161112003580720020042000000.00210          
9017002161112003580960010042000000.00015          
9017002161112003657382500042000000.00060          
9017002161112003700060010015000000.45000          
9017002161112003700090010015000003.21000          
9017002161112003700510010015000000.45000          
9017002161112003712010010022000000.75000          
9017002161112003718400010015000000.30000          
9017002161112003718500010015000006.00000          
9017002161112003719770010042000000.02820          
9017002161112003721040840042000000.15000          
9017002161112003723010030042000000.25500          
9017002161112003737360080050000000.60000          
9017002161112003760120050042000000.01000          
9017002161112003760150000042000000.00210          
9017002161112003763020100042000000.00150          
9017003150010700518540150042000000.01000          
9017003150010901277060500042000000.01000          
9017003150010901546540000042000000.03000          
9017003150010901546862000033000000.21000          
9017003150010901570110000042000051.00000          
9017003150010901572050010042000001.50000          
9017003150010901573540000042000001.87500          
9017003150010901575160010042000000.00050          
9017003150010901580720020042000000.00400          
9017003150010901610450060042000000.00500          
9017003150010901610530000042000000.00500          
9017003150010901709520000042000000.20000          
9017003150010901719340240050000005.00000          
9017003150010901726480020042000000.00300          
9017003150010901730080110052000000.07000          
9017003150010902277060500042000000.01000          
9017003150010902546001000033000000.12500          
9017003150010902546540000042000000.02000          
9017003150010902546862000033000000.14000          
9017003150010902570110000042000034.00000          
9017003150010902572050010042000001.50000          
9017003150010902573010000042000003.30000          
9017003150010902573540000042000001.87500          
9017003150010902575160010042000000.00050          
9017003150010902580720020042000000.00400          
9017003150010902610530000042000000.00500          
9017003150010902709520000042000000.20000          
9017003150010902719340240050000005.00000          
9017003150010902726480020042000000.00400          
9017003150010902730080110052000000.06000          
9017003150012000277060500042000000.00300          
9017003150012000328020000042000000.00300          
9017003150012000510418150042000000.02500          
9017003150012000513380120042000000.06000          
9017003150012000514090000042000000.00500          
9017003150012000514100090042000000.01000          
9017003150012000517020060042000000.02000          
9017003150012000518510040042000001.00000          
9017003150012000520010000042000000.00500          
9017003150012000520640010042000000.00500          
9017003150012000523800000042000000.10000          
9017003150012000524060000042000000.00600          
9017003150012000524100010042000000.00300          
9017003150012000528020000042000000.00720          
9017003150012000538050000042000000.05070          
9017003150012000539281020042000000.01500          
9017003150012000539281110042000000.02500          
9017003150012000539890110042000000.00500          
9017003150012000546001000033000000.04000          
9017003150012000547800000042000000.01000          
9017003150012000564280010042000000.00100          
9017003150012000564280020042000000.00253          
9017003150012000572050010042000022.08000          
9017003150012000573170170042000000.01700          
9017003150012000573540000042000000.25000          
9017003150012000575160010042000000.02900          
9017003150012000575240070042000000.01000          
9017003150012000580600020042000000.00500          
9017003150012000580720020042000000.00700          
9017003150012000580960010042000000.00050          
9017003150012000657382500042000000.00200          
9017003150012000700060010015000001.50000          
9017003150012000700090010015000010.70000          
9017003150012000700510010015000001.50000          
9017003150012000712010010022000002.50000          
9017003150012000718400010015000001.00000          
9017003150012000718500010015000020.00000          
9017003150012000719770010042000000.09400          
9017003150012000721040840042000000.50000          
9017003150012000723010030042000000.85000          
9017003150012000737360080050000002.00000          
9017003150012000760150000042000000.00700          
9017003150012000763020100042000000.00500          
9017004120010700518540150042000000.01000          
9017004120010901277060500042000000.01000          
9017004120010901546540000042000000.03000          
9017004120010901546862000033000000.21000          
9017004120010901570110000042000045.00000          
9017004120010901572050010042000001.50000          
9017004120010901573540000042000001.87500          
9017004120010901575160010042000000.00050          
9017004120010901580720020042000000.00400          
9017004120010901610450060042000000.00500          
9017004120010901610530000042000000.00500          
9017004120010901709520000042000000.20000          
9017004120010901719340240050000005.00000          
9017004120010901726480020042000000.00300          
9017004120010901730080110052000000.07000          
9017004120010902277060500042000000.01000          
9017004120010902546001000033000000.12500          
9017004120010902546540000042000000.02000          
9017004120010902546862000033000000.14000          
9017004120010902570110000042000030.00000          
9017004120010902572050010042000001.50000          
9017004120010902573010000042000003.30000          
9017004120010902573540000042000001.87500          
9017004120010902575160010042000000.00050          
9017004120010902580720020042000000.00400          
9017004120010902610530000042000000.00500          
9017004120010902709520000042000000.20000          
9017004120010902719340240050000005.00000          
9017004120010902726480020042000000.00400          
9017004120010902730080110052000000.06000          
9017004120012000277060500042000000.00210          
9017004120012000328020000042000000.00490          
9017004120012000510418150042000000.01750          
9017004120012000513380120042000000.04200          
9017004120012000514090000042000000.00350          
9017004120012000514100070042000000.00350          
9017004120012000514100090042000000.00700          
9017004120012000514100130042000000.02800          
9017004120012000517020060042000000.01400          
9017004120012000518510040042000000.70000          
9017004120012000520010000042000000.00350          
9017004120012000520640010042000000.00350          
9017004120012000523800000042000000.07000          
9017004120012000524060000042000000.00420          
9017004120012000524100010042000000.00210          
9017004120012000528020000042000000.00500          
9017004120012000528040000042000000.01190          
9017004120012000538050000042000000.03560          
9017004120012000539281020042000000.01050          
9017004120012000539281110042000000.01750          
9017004120012000539890110042000000.00350          
9017004120012000546001000033000000.04000          
9017004120012000547800000042000000.00700          
9017004120012000548700010042000000.00910          
9017004120012000564280010042000000.00070          
9017004120012000564280020042000000.00177          
9017004120012000572050010042000015.45600          
9017004120012000573170170042000000.01190          
9017004120012000573540000042000000.17500          
9017004120012000575160010042000000.02030          
9017004120012000575240070042000000.00700          
9017004120012000580600020042000000.00350          
9017004120012000580720020042000000.00490          
9017004120012000580960010042000000.00035          
9017004120012000657382500042000000.00140          
9017004120012000700060010015000001.05000          
9017004120012000700090010015000007.49000          
9017004120012000700510010015000001.05000          
9017004120012000712010010022000001.75000          
9017004120012000718400010015000000.70000          
9017004120012000718500010015000014.00000          
9017004120012000719770010042000000.06580          
9017004120012000721040840042000000.35000          
9017004120012000723010030042000000.59500          
9017004120012000737360080050000001.40000          
9017004120012000760120050042000000.02340          
9017004120012000760150000042000000.00490          
9017004120012000763020100042000000.00350          
9017004120012003277060500042000000.00090          
9017004120012003328020000042000000.00210          
9017004120012003510418150042000000.00750          
9017004120012003513380120042000000.01800          
9017004120012003514090000042000000.00150          
9017004120012003514100070042000000.00150          
9017004120012003514100090042000000.00300          
9017004120012003514100130042000000.01200          
9017004120012003517020060042000000.00600          
9017004120012003518510040042000000.30000          
9017004120012003520010000042000000.00150          
9017004120012003520640010042000000.00150          
9017004120012003523800000042000000.03000          
9017004120012003524060000042000000.00180          
9017004120012003524100010042000000.00090          
9017004120012003528020000042000000.00220          
9017004120012003528040000042000000.00510          
9017004120012003538050000042000000.01520          
9017004120012003539281020042000000.00450          
9017004120012003539281110042000000.00750          
9017004120012003539890110042000000.00150          
9017004120012003547800000042000000.00300          
9017004120012003548700010042000000.00390          
9017004120012003564280010042000000.00030          
9017004120012003564280020042000000.00076          
9017004120012003572050010042000006.62400          
9017004120012003573170170042000000.00510          
9017004120012003573540000042000000.07500          
9017004120012003575160010042000000.00870          
9017004120012003575240070042000000.00300          
9017004120012003580600020042000000.00150          
9017004120012003580720020042000000.00210          
9017004120012003580960010042000000.00015          
9017004120012003657382500042000000.00060          
9017004120012003700060010015000000.45000          
9017004120012003700090010015000003.21000          
9017004120012003700510010015000000.45000          
9017004120012003712010010022000000.75000          
9017004120012003718400010015000000.30000          
9017004120012003718500010015000006.00000          
9017004120012003719770010042000000.02820          
9017004120012003721040840042000000.15000          
9017004120012003723010030042000000.25500          
9017004120012003737360080050000000.60000          
9017004120012003760120050042000000.01000          
9017004120012003760150000042000000.00210          
9017004120012003763020100042000000.00150          
9017004190010700518540150042000000.01000          
9017004190010901277060500042000000.01000          
9017004190010901546540000042000000.03000          
9017004190010901546862000033000000.21000          
9017004190010901570110000042000042.00000          
9017004190010901572050010042000001.50000          
9017004190010901573540000042000001.87500          
9017004190010901575160010042000000.00050          
9017004190010901580720020042000000.00400          
9017004190010901610450060042000000.00500          
9017004190010901610530000042000000.00500          
9017004190010901709520000042000000.20000          
9017004190010901719340240050000005.00000          
9017004190010901726480020042000000.00300          
9017004190010901730080110052000000.07000          
9017004190010902277060500042000000.01000          
9017004190010902546001000033000000.12500          
9017004190010902546540000042000000.02000          
9017004190010902546862000033000000.14000          
9017004190010902570110000042000028.00000          
9017004190010902572050010042000001.50000          
9017004190010902573010000042000003.30000          
9017004190010902573540000042000001.87500          
9017004190010902575160010042000000.00050          
9017004190010902580720020042000000.00400          
9017004190010902610530000042000000.00500          
9017004190010902709520000042000000.20000          
9017004190010902719340240050000005.00000          
9017004190010902726480020042000000.00400          
9017004190010902730080110052000000.06000          
9017004190012000277060500042000000.00300          
9017004190012000328020000042000000.00300          
9017004190012000510418150042000000.02500          
9017004190012000513380120042000000.06000          
9017004190012000514090000042000000.00500          
9017004190012000514100090042000000.01000          
9017004190012000517020060042000000.02000          
9017004190012000518510040042000001.00000          
9017004190012000520010000042000000.00500          
9017004190012000520640010042000000.00500          
9017004190012000523800000042000000.10000          
9017004190012000524060000042000000.00600          
9017004190012000524100010042000000.00300          
9017004190012000528020000042000000.00720          
9017004190012000538050000042000000.05070          
9017004190012000539281020042000000.01500          
9017004190012000539281110042000000.02500          
9017004190012000539890110042000000.00500          
9017004190012000546001000033000000.04000          
9017004190012000547800000042000000.01000          
9017004190012000548700010042000000.01300          
9017004190012000564280010042000000.00100          
9017004190012000564280020042000000.00253          
9017004190012000572050010042000022.08000          
9017004190012000573170170042000000.01700          
9017004190012000573540000042000000.25000          
9017004190012000575160010042000000.02900          
9017004190012000575240070042000000.01000          
9017004190012000580600020042000000.00500          
9017004190012000580720020042000000.00700          
9017004190012000580960010042000000.00050          
9017004190012000657382500042000000.00200          
9017004190012000700060010015000001.50000          
9017004190012000700090010015000010.70000          
9017004190012000700510010015000001.50000          
9017004190012000712010010022000002.50000          
9017004190012000718400010015000001.00000          
9017004190012000718500010015000020.00000          
9017004190012000719770010042000000.09400          
9017004190012000721040840042000000.50000          
9017004190012000723010030042000000.85000          
9017004190012000737360080050000002.00000          
9017004190012000760150000042000000.00700          
9017004190012000763020100042000000.00500          
9017004220010700518540150042000000.01000          
9017004220010901277060500042000000.01000          
9017004220010901546540000042000000.03000          
9017004220010901546862000033000000.21000          
9017004220010901570110000042000051.00000          
9017004220010901572050010042000001.50000          
9017004220010901573540000042000001.87500          
9017004220010901575160010042000000.00050          
9017004220010901580720020042000000.00400          
9017004220010901610450060042000000.00500          
9017004220010901610530000042000000.00500          
9017004220010901709520000042000000.20000          
9017004220010901719340240050000005.00000          
9017004220010901726480020042000000.00300          
9017004220010901730080110052000000.07000          
9017004220010902277060500042000000.01000          
9017004220010902546001000033000000.12500          
9017004220010902546540000042000000.02000          
9017004220010902546862000033000000.14000          
9017004220010902570110000042000034.00000          
9017004220010902572050010042000001.50000          
9017004220010902573010000042000003.30000          
9017004220010902573540000042000001.87500          
9017004220010902575160010042000000.00050          
9017004220010902580720020042000000.00400          
9017004220010902610530000042000000.00500          
9017004220010902709520000042000000.20000          
9017004220010902719340240050000005.00000          
9017004220010902726480020042000000.00400          
9017004220010902730080110052000000.06000          
9017004220012000277060500042000000.00300          
9017004220012000305060080042000000.00250          
9017004220012000328020000042000000.00300          
9017004220012000510418150042000000.02500          
9017004220012000513380120042000000.06000          
9017004220012000514090000042000000.00500          
9017004220012000514100090042000000.01000          
9017004220012000517020060042000000.02000          
9017004220012000518510040042000001.00000          
9017004220012000520010000042000000.00500          
9017004220012000520640010042000000.00500          
9017004220012000523800000042000000.10000          
9017004220012000524060000042000000.00600          
9017004220012000524100010042000000.00300          
9017004220012000528020000042000000.00720          
9017004220012000538050000042000000.05070          
9017004220012000539281020042000000.01500          
9017004220012000539281110042000000.02500          
9017004220012000539890110042000000.00500          
9017004220012000546001000033000000.04000          
9017004220012000547800000042000000.01000          
9017004220012000548700010042000000.01300          
9017004220012000564280010042000000.00100          
9017004220012000564280020042000000.00253          
9017004220012000572050010042000022.08000          
9017004220012000573170170042000000.01700          
9017004220012000573540000042000000.25000          
9017004220012000575160010042000000.02900          
9017004220012000575240070042000000.01000          
9017004220012000580600020042000000.00500          
9017004220012000580720020042000000.00700          
9017004220012000580960010042000000.00050          
9017004220012000657382500042000000.00200          
9017004220012000700060010015000001.50000          
9017004220012000700090010015000010.70000          
9017004220012000700510010015000001.50000          
9017004220012000712010010022000002.50000          
9017004220012000718400010015000001.00000          
9017004220012000718500010015000020.00000          
9017004220012000718560020015000001.00000          
9017004220012000719770010042000000.09400          
9017004220012000721040840042000000.50000          
9017004220012000723010030042000000.85000          
9017004220012000737360080050000002.00000          
9017004220012000760150000042000000.00700          
9017004220012000763020100042000000.00500          
9017004320010700518540150042000000.01000          
9017004320010901277060500042000000.01000          
9017004320010901546540000042000000.03000          
9017004320010901546862000033000000.21000          
9017004320010901570110000042000051.00000          
9017004320010901572050010042000001.50000          
9017004320010901573540000042000001.87500          
9017004320010901575160010042000000.00050          
9017004320010901580720020042000000.00400          
9017004320010901610450060042000000.00500          
9017004320010901610530000042000000.00500          
9017004320010901709520000042000000.20000          
9017004320010901719340240050000005.00000          
9017004320010901726480020042000000.00300          
9017004320010901730080110052000000.07000          
9017004320010902277060500042000000.01000          
9017004320010902546001000033000000.12500          
9017004320010902546540000042000000.02000          
9017004320010902546862000033000000.14000          
9017004320010902570110000042000034.00000          
9017004320010902572050010042000001.50000          
9017004320010902573010000042000003.30000          
9017004320010902573540000042000001.87500          
9017004320010902575160010042000000.00050          
9017004320010902580720020042000000.00400          
9017004320010902610530000042000000.00500          
9017004320010902709520000042000000.20000          
9017004320010902719340240050000005.00000          
9017004320010902726480020042000000.00400          
9017004320010902730080110052000000.06000          
9017004320012000277060500042000000.00210          
9017004320012000328020000042000000.00210          
9017004320012000510418150042000000.01750          
9017004320012000513380120042000000.04200          
9017004320012000514090000042000000.00350          
9017004320012000514100090042000000.00700          
9017004320012000517020060042000000.01400          
9017004320012000518510040042000000.70000          
9017004320012000520010000042000000.00350          
9017004320012000520640010042000000.00350          
9017004320012000523800000042000000.07000          
9017004320012000524060000042000000.00420          
9017004320012000524100010042000000.00210          
9017004320012000528020000042000000.00500          
9017004320012000538050000042000000.03550          
9017004320012000539281020042000000.01050          
9017004320012000539281110042000000.01750          
9017004320012000539890110042000000.00350          
9017004320012000546001000033000000.04000          
9017004320012000547800000042000000.00700          
9017004320012000564280010042000000.00070          
9017004320012000564280020042000000.00177          
9017004320012000572050010042000015.45600          
9017004320012000573170170042000000.01190          
9017004320012000573540000042000000.17500          
9017004320012000575160010042000000.02030          
9017004320012000575240070042000000.00700          
9017004320012000580600020042000000.00350          
9017004320012000580720020042000000.00490          
9017004320012000580960010042000000.00035          
9017004320012000657382500042000000.00140          
9017004320012000700060010015000001.05000          
9017004320012000700090010015000007.49000          
9017004320012000700510010015000001.05000          
9017004320012000712010010022000001.75000          
9017004320012000718400010015000000.70000          
9017004320012000718500010015000014.00000          
9017004320012000719770010042000000.06580          
9017004320012000721040840042000000.35000          
9017004320012000723010030042000000.59500          
9017004320012000737360080050000001.40000          
9017004320012000760150000042000000.00490          
9017004320012000763020100042000000.00350          
9017004320012003277060500042000000.00090          
9017004320012003328020000042000000.00090          
9017004320012003510418150042000000.00750          
9017004320012003513380120042000000.01800          
9017004320012003514090000042000000.00150          
9017004320012003514100090042000000.00300          
9017004320012003517020060042000000.00600          
9017004320012003518510040042000000.30000          
9017004320012003520010000042000000.00150          
9017004320012003520640010042000000.00150          
9017004320012003523800000042000000.03000          
9017004320012003524060000042000000.00180          
9017004320012003524100010042000000.00090          
9017004320012003528020000042000000.00220          
9017004320012003538050000042000000.01520          
9017004320012003539281020042000000.00450          
9017004320012003539281110042000000.00750          
9017004320012003539890110042000000.00150          
9017004320012003547800000042000000.00300          
9017004320012003564280010042000000.00030          
9017004320012003564280020042000000.00076          
9017004320012003572050010042000006.62400          
9017004320012003573170170042000000.00510          
9017004320012003573540000042000000.07500          
9017004320012003575160010042000000.00870          
9017004320012003575240070042000000.00300          
9017004320012003580600020042000000.00150          
9017004320012003580720020042000000.00210          
9017004320012003580960010042000000.00015          
9017004320012003657382500042000000.00060          
9017004320012003700060010015000000.45000          
9017004320012003700090010015000003.21000          
9017004320012003700510010015000000.45000          
9017004320012003712010010022000000.75000          
9017004320012003718400010015000000.30000          
9017004320012003718500010015000006.00000          
9017004320012003719770010042000000.02820          
9017004320012003721040840042000000.15000          
9017004320012003723010030042000000.25500          
9017004320012003737360080050000000.60000          
9017004320012003760150000042000000.00210          
9017004320012003763020100042000000.00150          
9022600000010900277060800042000000.15000          
9022600000010900572050010042000030.00000          
9022600000010900573510060035000078.00000          
9022600000010900573650000042000026.00000          
9022600000010900573660240042000084.00000          
9022600000010900575030000042000000.40000          
9022600000010900575140010042000000.30000          
9022600000010900575160010042000000.05000          
9022600000010900575200000042000000.15000          
9022600000010900575240030042000000.15000          
9022600000010900575270000042000000.40000          
9022600000010900610450060042000000.60000          
9022600000010900610530000042000001.20000          
9022600000010900700060010015000030.00000          
9022600000010900709520000042000030.00000          
9022600000010900712010010022000000.50000          
9022600000010900719340240050000150.00000          
9022600000010900730080090052000000.64000          
9022600000010900730080110052000000.07000          
9024000030010700277040800042000000.11500          
9024000030010700277060500042000000.00900          
9024000030010700514090000042000000.01500          
9024000030010700514100030042000000.67000          
9024000030010700514100090042000000.02500          
9024000030010700514100100042000000.00050          
9024000030010700518540150042000007.77500          
9024000030010700521540000042000000.80000          
9024000030010700521620240035000000.20000          
9024000030010700521620290035000000.04000          
9024000030010700523800000042000000.10000          
9024000030010700524060000042000000.00700          
9024000030010700524100010042000000.00600          
9024000030010700528020000042000000.23900          
9024000030010700539281010042000000.19500          
9024000030010700548040000042000000.50000          
9024000030010700548070000042000000.05000          
9024000030010700556000150023000000.00510          
9024000030010700557050220023000000.90000          
9024000030010700572050010042000190.00000          
9024000030010700573030000042000000.14000          
9024000030010700573170170042000000.50000          
9024000030010700573730000042000015.00000          
9024000030010700575060000042000000.10000          
9024000030010700575160010042000000.11900          
9024000030010700580600020042000000.00100          
9024000030010700700090010015000015.00000          
9024000030010700700510010015000000.33000          
9024000030010700709520000042000000.39000          
9024000030010700712010010022000032.00000          
9024000030010700719340240050000040.00000          
9024000030010700719770040042000000.61000          
9024000030010700721040840042000000.50000          
9024000030010700723010030042000004.50000          
9024000030010700726480020042000000.20000          
9024000030010700737360080050000002.00000          
9024000030010700737360500050000001.00000          
9024000030010700737360750050000001.00000          
9024000030010700760100010042000000.44200          
9024000030010900277060500042000000.00100          
9024000030010900572050010042000000.50000          
9024000030010900573730000042000002.00000          
9024000030010900575160010042000000.00100          
9024000030010900709520000042000000.01000          
9024000030010900719340240050000003.00000          
9024000030010901277060500042000000.00400          
9024000030010901546001000033000000.03000          
9024000030010901570110000042001200.15000          
9024000030010901572050010042000005.00000          
9024000030010901573270000042000000.04000          
9024000030010901573650000042000000.50000          
9024000030010901573730000042000013.00000          
9024000030010901575060000042000000.00100          
9024000030010901575160010042000000.00300          
9024000030010901580720020042000000.08000          
9024000030010901610450060042000000.00500          
9024000030010901610530000042000000.03000          
9024000030010901700060010015000000.10000          
9024000030010901709520000042000000.20000          
9024000030010901719340240050000010.00000          
9024000030010901726480020042000000.06500          
9024000030010901730080090052000000.01800          
9024000030010901730080110052000000.01500          
9024000030010902277040800042000000.01500          
9024000030010902277060500042000000.01600          
9024000030010902546001000033000000.02000          
9024000030010902570110000042001100.00000          
9024000030010902572050010042000005.00000          
9024000030010902573270000042000000.03000          
9024000030010902573650000042000000.50000          
9024000030010902573730000042000012.00000          
9024000030010902575060000042000000.00100          
9024000030010902575160010042000000.00200          
9024000030010902580720020042000000.07000          
9024000030010902610450060042000000.00500          
9024000030010902610530000042000000.02000          
9024000030010902700060010015000000.10000          
9024000030010902709520000042000000.20000          
9024000030010902719340240050000010.00000          
9024000030010902726480020042000000.05000          
9024000030010902730080090052000000.01800          
9024000030010902730080110052000000.01500          
9038200090010900550010510035000042.00000          
9038200090010900572050010042000040.00000          
9038200090010900573730000042000135.00000          
9038200090010900610530000042000000.60000          
9038200090010900709520000042000010.00000          
9038200090010900719340240050000350.00000          
9038200090010900726480020042000000.30000          
9038200090010900730080090052000000.50000          
9038200090010900730080110052000000.50000          
9038200610010900550010510035000042.00000          
9038200610010900572050010042000036.00000          
9038200610010900573730000042000127.00000          
9038200610010900610530000042000000.08000          
9038200610010900709520000042000000.80000          
9038200610010900719340240050000250.00000          
9038200610010900726480020042000000.01500          
9038200610010900730080090052000001.00000          
9038200610010900730080110052000001.00000          
9038200610110900277040800042000000.02000          
9038200610110900277060800042000000.02000          
9038200610110900550010510035000070.00000          
9038200610110900572050010042000060.00000          
9038200610110900573730000042000220.00000          
9038200610110900575060000042000000.10000          
9038200610110900575130000042000000.01000          
9038200610110900575160010042000000.05000          
9038200610110900575200000042000000.01000          
9038200610110900575240020042000000.01000          
9038200610110900610450060042000001.20000          
9038200610110900610530000042000002.40000          
9038200610110900709520000042000025.00000          
9038200610110900719340240050000420.00000          
9038200610110900726480020042000000.60000          
9038200610110900730080110052000002.00000          
9038200610210900277040800042000000.02000          
9038200610210900550010510042000140.00000          
9038200610210900572050010042000120.00000          
9038200610210900573730000042000325.00000          
9038200610210900575060000042000000.10000          
9038200610210900575130000042000000.01000          
9038200610210900575160010042000000.05000          
9038200610210900575200000042000000.01000          
9038200610210900575240020042000000.01000          
9038200610210900610450060042000000.06000          
9038200610210900610530000042000004.80000          
9038200610210900709520000042000050.00000          
9038200610210900719340240050000840.00000          
9038200610210900726480020042000001.20000          
9038200610210900730080110052000001.00000          
9051000290010800546001000033000038.00000          
9051000290010800570110000042005000.00000          
9051000290010800572050010042000400.00000          
9051000290010800573010000042000030.60000          
9051000290010800573540000042000342.30000          
9051000290010800573670030042000082.00000          
9051000290010800700040490015000300.00000          
9051000290010800700090010015000200.00000          
9051000290010800730080090052000010.00000          
9051000290010800730080110052000003.00000          
9051000290010800737360080050000016.00000          
9051005001010801570110000042000050.00000          
9051005001010801572050010042000025.00000          
9051005001010801573010000042000007.65000          
9051005001010801573540000042000016.30000          
9051005001010801573670030042000002.96000          
9051005001010801700040490015000010.00000          
9051005001010801700090010015000010.00000          
9051005001010801730080150023000003.00000          
9051005001010802570110000042000050.00000          
9051005001010802572050010042000025.00000          
9051005001010802573010000042000007.65000          
9051005001010802573540000042000016.30000          
9051005001010802573670030042000004.32000          
9051005001010802700040490015000010.00000          
9051005001010802700090010015000010.00000          
9051005001010802730080150023000003.00000          
9051005001010900277060800042000000.00100          
9051005001010900572050010042000001.00000          
9051005001010900573540000042000004.00000          
9051005001010900575160010042000000.00200          
9051005001010900580720020042000000.03000          
9051005001010900709520000042000000.02000          
9051005001010900719340240050000005.00000          
9051005001012000277060500042000000.12000          
9051005001012000277060800042000000.12700          
9051005001012000305060080042000000.00500          
9051005001012000328020000042000000.01100          
9051005001012000513380120042000000.00500          
9051005001012000514090000042000000.03000          
9051005001012000514100090042000000.02500          
9051005001012000514100130042000000.08000          
9051005001012000518510040042000002.00000          
9051005001012000521620290035000000.01000          
9051005001012000523800000042000000.80000          
9051005001012000524060000042000000.00400          
9051005001012000528020000042000000.02100          
9051005001012000528040000042000000.03400          
9051005001012000530120140042000000.01000          
9051005001012000538050000042000000.06700          
9051005001012000539281020042000000.01500          
9051005001012000539281110042000000.13000          
9051005001012000539890110042000000.06300          
9051005001012000547800000042000000.50000          
9051005001012000556000150023000000.01000          
9051005001012000557050220023000000.40000          
9051005001012000558100020042000000.00120          
9051005001012000564280010042000000.00400          
9051005001012000564280020042000000.00670          
9051005001012000572050010042000060.25000          
9051005001012000573010000042000001.80000          
9051005001012000573170170042000000.32000          
9051005001012000573540000042000005.10000          
9051005001012000573630000042000003.00000          
9051005001012000573650000042000000.50000          
9051005001012000575030000042000000.03500          
9051005001012000575130000042000000.01000          
9051005001012000575160010042000000.20000          
9051005001012000575240070042000000.01000          
9051005001012000575270000042000000.01400          
9051005001012000580600020042000000.03000          
9051005001012000580960010042000000.01100          
9051005001012000611010000042000000.00850          
9051005001012000650480100015000003.50000          
9051005001012000700060010015000005.00000          
9051005001012000700090010015000025.00000          
9051005001012000712010010022000001.70000          
9051005001012000718390010015000040.00000          
9051005001012000718400010015000002.50000          
9051005001012000718490000042000000.01500          
9051005001012000718500010015000054.50000          
9051005001012000718500110015000001.50000          
9051005001012000719770020042000000.15000          
9051005001012000721040840042000000.93000          
9051005001012000723010030042000002.42000          
9051005001012000737360080050000006.00000          
9051005001012000760120050042000000.15300          
9051005001012000760150000042000000.40000          
9051005001012000760240000042000000.03200          
9051005001110801570110000042000050.00000          
9051005001110801572050010042000025.00000          
9051005001110801573010000042000007.65000          
9051005001110801573540000042000016.30000          
9051005001110801573670030042000002.96000          
9051005001110801700040490015000010.00000          
9051005001110801700090010015000010.00000          
9051005001110801730080150023000003.00000          
9051005001110802570110000042000050.00000          
9051005001110802572050010042000025.00000          
9051005001110802573010000042000007.65000          
9051005001110802573540000042000016.30000          
9051005001110802573670030042000004.32000          
9051005001110802700040490015000010.00000          
9051005001110802700090010015000010.00000          
9051005001110802730080150023000003.00000          
9051005001110900277060800042000000.00100          
9051005001110900572050010042000001.00000          
9051005001110900573540000042000004.00000          
9051005001110900575160010042000000.00200          
9051005001110900580720020042000000.03000          
9051005001110900709520000042000000.02000          
9051005001110900719340240050000005.00000          
9051005001112000277060500042000000.12000          
9051005001112000277060800042000000.12700          
9051005001112000328020000042000000.01100          
9051005001112000513380120042000000.00500          
9051005001112000514090000042000000.03000          
9051005001112000514100090042000000.02500          
9051005001112000514100130042000000.08000          
9051005001112000518510040042000002.00000          
9051005001112000521620290035000000.01000          
9051005001112000523800000042000000.80000          
9051005001112000524060000042000000.00400          
9051005001112000528020000042000000.02100          
9051005001112000528040000042000000.03400          
9051005001112000530120140042000000.01000          
9051005001112000538050000042000000.06700          
9051005001112000539281020042000000.01500          
9051005001112000539281110042000000.13000          
9051005001112000539890110042000000.06300          
9051005001112000547800000042000000.50000          
9051005001112000556000150023000000.01000          
9051005001112000557050220023000000.40000          
9051005001112000558100020042000000.00120          
9051005001112000564280010042000000.00400          
9051005001112000564280020042000000.00670          
9051005001112000572050010042000060.25000          
9051005001112000573010000042000001.80000          
9051005001112000573170170042000000.32000          
9051005001112000573540000042000005.10000          
9051005001112000573630000042000003.00000          
9051005001112000573650000042000000.50000          
9051005001112000575030000042000000.03500          
9051005001112000575130000042000000.01000          
9051005001112000575160010042000000.20000          
9051005001112000575240070042000000.01000          
9051005001112000575270000042000000.01400          
9051005001112000580600020042000000.03000          
9051005001112000580960010042000000.01100          
9051005001112000611010000042000000.00850          
9051005001112000650480100015000003.50000          
9051005001112000700060010015000005.00000          
9051005001112000700090010015000025.00000          
9051005001112000712010010022000001.70000          
9051005001112000718390010015000040.00000          
9051005001112000718400010015000002.50000          
9051005001112000718490000042000000.01500          
9051005001112000718500010015000054.50000          
9051005001112000718500110015000001.50000          
9051005001112000719770020042000000.15000          
9051005001112000721040840042000000.93000          
9051005001112000723010030042000002.42000          
9051005001112000737360080050000006.00000          
9051005001112000760120050042000000.15300          
9051005001112000760150000042000000.40000          
9051005001112000760240000042000000.03200          
9052601700010901546862000033000000.02000          
9052601700010901570110000042000023.00000          
9052601700010901572050010042000002.00000          
9052601700010901573540000042000001.50000          
9052601700010901573650000042000002.00000          
9052601700010901575160010042000000.00300          
9052601700010901580720020042000000.00200          
9052601700010901610530000042000000.00500          
9052601700010901709520000042000000.20000          
9052601700010901719340240050000010.00000          
9052601700010901726480020042000000.00200          
9052601700010902546862000033000000.02000          
9052601700010902570110000042000030.00000          
9052601700010902572050010042000002.00000          
9052601700010902573540000042000001.50000          
9052601700010902573650000042000002.00000          
9052601700010902575160010042000000.00300          
9052601700010902580720020042000000.00200          
9052601700010902610530000042000000.00500          
9052601700010902709520000042000000.20000          
9052601700010902719340240050000010.00000          
9052601700010902726480020042000000.00200          
9052601700012000277060500042000000.05000          
9052601700012000328020000042000000.02000          
9052601700012000514100100042000000.05000          
9052601700012000514100130042000000.04000          
9052601700012000518510040042000000.02200          
9052601700012000523800000042000000.05000          
9052601700012000528020000042000000.01500          
9052601700012000528040000042000000.01200          
9052601700012000547800000042000000.03000          
9052601700012000548700010042000000.02800          
9052601700012000557050220023000001.00000          
9052601700012000572050010042000010.00000          
9052601700012000573540000042000001.00000          
9052601700012000573630000042000000.01200          
9052601700012000575160010042000000.05000          
9052601700012000700060010015000000.50000          
9052601700012000700090010015000001.00000          
9052601700012000718490000042000000.01000          
9052601700012000718500200015000100.00000          
9052601700012000737360080050000001.00000          
9052601700012000760120050042000000.07000          
9054000900010900546862000033000016.00000          
9054000900010900570110000042001320.00000          
9054000900010900572050010042000050.00000          
9054000900010900573540000042000219.00000          
9054000900010900573650000042000005.64400          
9054000900010900709520000042000002.00000          
9054000900010900719340240050000125.00000          
9054000900010900730011250054000008.00000          
9054000900010900730080090052000001.00000          
9054001001010700518540150042000000.01500          
9054001001010700760100010042000000.05000          
9054001001010901277040600042000000.00500          
9054001001010901277040800042000000.00500          
9054001001010901539281020042000000.00300          
9054001001010901546001000033000000.03000          
9054001001010901546862000033000000.00900          
9054001001010901570110000042000015.90000          
9054001001010901572050010042000002.10000          
9054001001010901573010000042000003.00000          
9054001001010901573540000042000006.00000          
9054001001010901573650000042000001.20000          
9054001001010901575060000042000000.06510          
9054001001010901575160010042000000.00150          
9054001001010901610530000042000000.00300          
9054001001010901709520000042000000.17400          
9054001001010901719340240050000006.00000          
9054001001010901726480020042000000.00600          
9054001001010902277040600042000000.00500          
9054001001010902277040800042000000.00500          
9054001001010902539281020042000000.00700          
9054001001010902546001000033000000.07000          
9054001001010902546862000033000000.02100          
9054001001010902570110000042000037.10000          
9054001001010902572050010042000004.90000          
9054001001010902573010000042000007.00000          
9054001001010902573540000042000014.00000          
9054001001010902573650000042000002.80000          
9054001001010902575060000042000000.15190          
9054001001010902575160010042000000.00350          
9054001001010902610530000042000000.00700          
9054001001010902709520000042000000.40600          
9054001001010902719340240050000014.00000          
9054001001010902726480020042000000.01400          
9054001001012000277040600042000000.01000          
9054001001012000277040800042000000.01000          
9054001001012000277060500042000000.19000          
9054001001012000324010020042000000.00375          
9054001001012000324101810042000000.01250          
9054001001012000328020000042000000.01000          
9054001001012000510330000042000000.05000          
9054001001012000510418150042000000.00100          
9054001001012000514090000042000000.04000          
9054001001012000514100010042000000.01000          
9054001001012000514100090042000000.06000          
9054001001012000514100100042000000.00100          
9054001001012000514100130042000000.08000          
9054001001012000517020060042000000.05000          
9054001001012000518510040042000002.00000          
9054001001012000518540150042000000.02500          
9054001001012000520010000042000000.03000          
9054001001012000520640010042000000.00600          
9054001001012000521620290035000000.01000          
9054001001012000523800000042000000.10000          
9054001001012000524060000042000000.00100          
9054001001012000524100010042000000.00100          
9054001001012000528020000042000000.01830          
9054001001012000528040000042000000.03500          
9054001001012000538050000042000000.12670          
9054001001012000539011000042000000.00700          
9054001001012000539281020042000000.00500          
9054001001012000539281110042000000.02000          
9054001001012000539890110042000000.02300          
9054001001012000547800000042000000.01200          
9054001001012000548070000042000000.03000          
9054001001012000548700010042000000.05000          
9054001001012000556000150023000000.51000          
9054001001012000557050220023000000.50000          
9054001001012000564280010042000000.00500          
9054001001012000564280020042000000.00630          
9054001001012000572050010042000070.50000          
9054001001012000573010000042000001.80000          
9054001001012000573170170042000000.30000          
9054001001012000573540000042000005.00000          
9054001001012000573630000042000000.04800          
9054001001012000575030000042000000.02000          
9054001001012000575110040042000000.01000          
9054001001012000575130000042000000.01000          
9054001001012000575160010042000000.20000          
9054001001012000580600020042000000.00200          
9054001001012000580720020042000000.10000          
9054001001012000580960010042000000.01300          
9054001001012000641180350015000001.00000          
9054001001012000641440010023000000.70000          
9054001001012000650480100015000003.50000          
9054001001012000657382500042000000.04000          
9054001001012000657400120042000000.09000          
9054001001012000700060010015000003.00000          
9054001001012000700090010015000026.00000          
9054001001012000700510010015000000.05000          
9054001001012000712010010022000010.00000          
9054001001012000718390010015000030.00000          
9054001001012000718400010015000004.00000          
9054001001012000718490000042000000.01500          
9054001001012000718500010015000050.00000          
9054001001012000718500110015000002.00000          
9054001001012000719770020042000000.10000          
9054001001012000721040840042000001.50000          
9054001001012000723010030042000002.67000          
9054001001012000737360080050000003.00000          
9054001001012000760120050042000000.12700          
9054001001012000760150000042000000.50000          
9054001001012000763020100042000000.05000          
9056000020010700548040000042000000.67000          
9056000020010800546001000033000012.00000          
9056000020010800570110000042000010.00000          
9056000020010800572050010042000003.00000          
9056000020010800573010000042000003.00000          
9056000020010800573170170042000000.01500          
9056000020010800573540000042000007.00000          
9056000020010800700090010015000000.95000          
9056000020010800719770040042000000.01000          
9056000020010800723010030042000000.20000          
9056000020010800726480020042000000.02000          
9056000020010800729322500015000005.40000          
9056000020010800730080150023000003.00000          
9056000020012000277040800042000000.01200          
9056000020012000328020000042000000.00140          
9056000020012000517700010042000000.01000          
9056000020012000518510040042000004.16000          
9056000020012000523800000042000000.20000          
9056000020012000539281020042000000.00500          
9056000020012000539281110042000000.00500          
9056000020012000539660000042000000.00100          
9056000020012000544002000042000000.01000          
9056000020012000547800000042000000.03000          
9056000020012000548070000042000000.00500          
9056000020012000557050220023000000.50000          
9056000020012000570110000042000001.30000          
9056000020012000572050010042000017.20000          
9056000020012000573010000042000000.21500          
9056000020012000573170170042000000.01300          
9056000020012000573540000042000000.05000          
9056000020012000575030000042000000.01500          
9056000020012000575130000042000000.02500          
9056000020012000700090010015000002.26000          
9056000020012000700510010015000000.02000          
9056000020012000718490000042000000.01100          
9056000020012000718500200015000004.00000          
9056000020012000718500400015000004.00000          
9056000020012000719770040042000000.03000          
9056000020012000721040840042000000.30000          
9056000020012000723010030042000000.45000          
9056000020012000737360080050000001.00000          
9056000020012000760240000042000000.00600          
9062000180010800546001000033000019.00000          
9062000180010800546862000033000025.00000          
9062000180010800570110000042003700.00000          
9062000180010800572050010042000070.00000          
9062000180010800573540000042000223.00000          
9062000180010800573650000042000140.00000          
9062000180010800700040490015000020.00000          
9062000180010800700090010015000006.00000          
9062000180010800729322500015000105.00000          
9062000180010800730080150023000296.00000          
9062000260010800700040490015000006.00000          
9062000260010800700090010015000008.00000          
9062000260010800730080160023000020.00000          
9062000290010800546001000033000009.00000          
9062000290010800546861000033000021.00000          
9062000290010800570110000042003000.00000          
9062000290010800572050010042000060.00000          
9062000290010800573540000042000182.00000          
9062000290010800573650000042000080.00000          
9062000290010800700040490015000006.00000          
9062000290010800700090010015000001.50000          
9062000290010800719340030015000005.00000          
9062000290010800729322500015000100.00000          
9062000290010800730080150023000216.00000          
9062001291210700518540150042000000.04000          
9062001291210700760100010042000000.07700          
9062001291210900277060500042000000.00100          
9062001291210900572050010042000000.50000          
9062001291210900573540000042000002.00000          
9062001291210900575160010042000000.00100          
9062001291210900709520000042000000.01000          
9062001291210900719340240050000002.00000          
9062001291210901277060500042000000.00800          
9062001291210901546001000033000000.06000          
9062001291210901546862000033000000.04100          
9062001291210901570110000042000027.20000          
9062001291210901572050010042000001.50000          
9062001291210901573010000042000002.40000          
9062001291210901573540000042000011.20000          
9062001291210901573650000042000002.50000          
9062001291210901575160010042000000.00250          
9062001291210901580720020042000000.02500          
9062001291210901610450060042000000.01000          
9062001291210901610530000042000000.02100          
9062001291210901709520000042000000.20000          
9062001291210901719340240050000008.00000          
9062001291210901726480020042000000.03300          
9062001291210902277060500042000000.02200          
9062001291210902546001000033000000.06000          
9062001291210902546862000033000000.04900          
9062001291210902570110000042000030.80000          
9062001291210902572050010042000001.50000          
9062001291210902573010000042000002.40000          
9062001291210902573540000042000008.50000          
9062001291210902573650000042000002.50000          
9062001291210902575160010042000000.00250          
9062001291210902580720020042000000.02500          
9062001291210902610450060042000000.00900          
9062001291210902610530000042000000.02000          
9062001291210902709520000042000000.20000          
9062001291210902719340240050000008.00000          
9062001291210902726480020042000000.03000          
9062001291212000277040800042000000.02200          
9062001291212000277060500042000000.16400          
9062001291212000328020000042000000.02900          
9062001291212000510418150042000000.00100          
9062001291212000513380120042000000.00500          
9062001291212000514090000042000000.03000          
9062001291212000514100010042000000.01000          
9062001291212000514100060042000000.06000          
9062001291212000514100090042000000.02500          
9062001291212000514100130042000000.20000          
9062001291212000517020060042000000.03000          
9062001291212000518510040042000002.00000          
9062001291212000520010000042000000.05500          
9062001291212000521620290035000000.05000          
9062001291212000523800000042000000.20000          
9062001291212000524060000042000000.00150          
9062001291212000524100010042000000.00100          
9062001291212000528020000042000000.04400          
9062001291212000528040000042000000.08570          
9062001291212000538050000042000000.28570          
9062001291212000539281020042000000.01500          
9062001291212000539281120042000000.13000          
9062001291212000539890110042000000.03800          
9062001291212000547800000042000000.03000          
9062001291212000548070000042000000.02500          
9062001291212000548700010042000000.06000          
9062001291212000556000150023000000.01500          
9062001291212000557050220023000000.40000          
9062001291212000564280010042000000.00400          
9062001291212000564280020042000000.01430          
9062001291212000572050010042000090.25000          
9062001291212000573010000042000000.85000          
9062001291212000573170170042000000.17000          
9062001291212000573540000042000000.30000          
9062001291212000573630000042000001.00000          
9062001291212000573650000042000000.50000          
9062001291212000575030000042000000.01000          
9062001291212000575110040042000000.01200          
9062001291212000575130000042000000.01000          
9062001291212000575160010042000000.20000          
9062001291212000580600020042000000.00500          
9062001291212000580960010042000000.01100          
9062001291212000641440010023000000.80000          
9062001291212000650480100015000003.50000          
9062001291212000657383500042000000.13000          
9062001291212000657450150042000000.25000          
9062001291212000700060010015000002.50000          
9062001291212000700090010015000018.13000          
9062001291212000712010010022000000.17000          
9062001291212000718390010015000045.00000          
9062001291212000718400010015000004.75000          
9062001291212000718490000042000000.01500          
9062001291212000719770020042000000.15000          
9062001291212000721040840042000001.00000          
9062001291212000723010030042000003.34000          
9062001291212000737360080050000002.00000          
9062001291212000737360250050000001.00000          
9062001291212000760120050042000000.15300          
9062001291212000760150000042000000.40000          
9062001291212000760240000042000000.03200          
9062001291212000763020100042000000.07500          
9062001401310700518540150042000000.04000          
9062001401310700760100010042000000.07700          
9062001401310900277060500042000000.00100          
9062001401310900572050010042000000.50000          
9062001401310900573540000042000002.00000          
9062001401310900575160010042000000.00100          
9062001401310900709520000042000000.01000          
9062001401310900719340240050000002.00000          
9062001401310901277060500042000000.00750          
9062001401310901546001000033000000.06000          
9062001401310901546862000033000000.04100          
9062001401310901570110000042000027.20000          
9062001401310901572050010042000001.50000          
9062001401310901573010000042000004.10000          
9062001401310901573540000042000010.80000          
9062001401310901573650000042000002.50000          
9062001401310901575160010042000000.00250          
9062001401310901580720020042000000.02500          
9062001401310901610450060042000000.01000          
9062001401310901610530000042000000.02100          
9062001401310901709520000042000000.20000          
9062001401310901719340240050000008.00000          
9062001401310901726480020042000000.03300          
9062001401310902277060500042000000.01750          
9062001401310902546001000033000000.06000          
9062001401310902546862000033000000.04900          
9062001401310902570110000042000030.80000          
9062001401310902572050010042000001.50000          
9062001401310902573010000042000004.20000          
9062001401310902573540000042000008.10000          
9062001401310902573650000042000002.50000          
9062001401310902575160010042000000.00250          
9062001401310902580720020042000000.02500          
9062001401310902610450060042000000.00900          
9062001401310902610530000042000000.02000          
9062001401310902709520000042000000.20000          
9062001401310902719340240050000008.00000          
9062001401310902726480020042000000.03000          
9062001401312000277040800042000000.02200          
9062001401312000277060500042000000.16400          
9062001401312000328020000042000000.02900          
9062001401312000510418150042000000.00100          
9062001401312000513380120042000000.00500          
9062001401312000514090000042000000.03000          
9062001401312000514100010042000000.01000          
9062001401312000514100060042000000.06000          
9062001401312000514100090042000000.02500          
9062001401312000514100130042000000.20000          
9062001401312000517020060042000000.03000          
9062001401312000518510040042000002.00000          
9062001401312000520010000042000000.05500          
9062001401312000521620290035000000.05000          
9062001401312000523800000042000000.20000          
9062001401312000524060000042000000.00150          
9062001401312000524100010042000000.00100          
9062001401312000528020000042000000.04190          
9062001401312000528040000042000000.08570          
9062001401312000538050000042000000.28570          
9062001401312000539281020042000000.01500          
9062001401312000539281120042000000.13000          
9062001401312000539890110042000000.03800          
9062001401312000547800000042000000.03000          
9062001401312000548070000042000000.02500          
9062001401312000548700010042000000.06000          
9062001401312000556000150023000000.01500          
9062001401312000557050220023000000.40000          
9062001401312000564280010042000000.00400          
9062001401312000564280020042000000.01430          
9062001401312000572050010042000090.25000          
9062001401312000573010000042000001.80000          
9062001401312000573170170042000000.17000          
9062001401312000573540000042000000.30000          
9062001401312000573630000042000001.00000          
9062001401312000573650000042000000.50000          
9062001401312000575030000042000000.01000          
9062001401312000575110040042000000.01200          
9062001401312000575130000042000000.01000          
9062001401312000575160010042000000.20000          
9062001401312000580600020042000000.00500          
9062001401312000580960010042000000.01100          
9062001401312000641440010023000000.80000          
9062001401312000650480100015000003.50000          
9062001401312000657383500042000000.13000          
9062001401312000657450150042000000.25000          
9062001401312000700060010015000002.50000          
9062001401312000700090010015000018.13000          
9062001401312000712010010022000000.17000          
9062001401312000718390010015000045.00000          
9062001401312000718400010015000004.75000          
9062001401312000718490000042000000.01500          
9062001401312000719770020042000000.15000          
9062001401312000721040840042000001.00000          
9062001401312000723010030042000003.34000          
9062001401312000737360080050000002.00000          
9062001401312000737360250050000001.00000          
9062001401312000760120050042000000.15300          
9062001401312000760150000042000000.40000          
9062001401312000760240000042000000.03200          
9062001401312000763020100042000000.07500          
9062001500010700760100010042000000.07700          
9062001500010900277060500042000000.00100          
9062001500010900572050010042000000.50000          
9062001500010900573540000042000002.00000          
9062001500010900575160010042000000.00100          
9062001500010900709520000042000000.01000          
9062001500010900719340240050000002.00000          
9062001500010901277060500042000000.00800          
9062001500010901546001000033000000.06000          
9062001500010901546862000033000000.04100          
9062001500010901570110000042000027.20000          
9062001500010901572050010042000001.50000          
9062001500010901573010000042000002.40000          
9062001500010901573540000042000011.20000          
9062001500010901573650000042000002.50000          
9062001500010901575160010042000000.00250          
9062001500010901580720020042000000.02500          
9062001500010901610450060042000000.01000          
9062001500010901610530000042000000.02100          
9062001500010901709520000042000000.20000          
9062001500010901719340240050000008.00000          
9062001500010901726480020042000000.03300          
9062001500010902277060500042000000.02200          
9062001500010902546001000033000000.06000          
9062001500010902546862000033000000.04900          
9062001500010902570110000042000030.80000          
9062001500010902572050010042000001.50000          
9062001500010902573010000042000002.40000          
9062001500010902573540000042000008.50000          
9062001500010902573650000042000002.50000          
9062001500010902575160010042000000.00250          
9062001500010902580720020042000000.02500          
9062001500010902610450060042000000.00900          
9062001500010902610530000042000000.02000          
9062001500010902709520000042000000.20000          
9062001500010902719340240050000008.00000          
9062001500010902726480020042000000.03000          
9062001500012000277040800042000000.02200          
9062001500012000277060500042000000.16400          
9062001500012000328020000042000000.02900          
9062001500012000510418150042000000.00100          
9062001500012000513380120042000000.00500          
9062001500012000514090000042000000.03000          
9062001500012000514100010042000000.01000          
9062001500012000514100060042000000.06000          
9062001500012000514100090042000000.02500          
9062001500012000514100130042000000.20000          
9062001500012000517020060042000000.03000          
9062001500012000518510040042000002.00000          
9062001500012000520010000042000000.05500          
9062001500012000521620290035000000.05000          
9062001500012000523800000042000000.20000          
9062001500012000524060000042000000.00150          
9062001500012000524100010042000000.00100          
9062001500012000528020000042000000.04400          
9062001500012000528040000042000000.08570          
9062001500012000538050000042000000.28570          
9062001500012000539281020042000000.01500          
9062001500012000539281120042000000.13000          
9062001500012000539890110042000000.03800          
9062001500012000547800000042000000.03000          
9062001500012000548070000042000000.02500          
9062001500012000556000150023000000.01500          
9062001500012000557050220023000000.40000          
9062001500012000564280010042000000.00400          
9062001500012000564280020042000000.01430          
9062001500012000572050010042000090.25000          
9062001500012000573010000042000000.85000          
9062001500012000573170170042000000.17000          
9062001500012000573540000042000000.30000          
9062001500012000573630000042000001.00000          
9062001500012000573650000042000000.50000          
9062001500012000575030000042000000.01000          
9062001500012000575110040042000000.01200          
9062001500012000575130000042000000.01000          
9062001500012000575160010042000000.20000          
9062001500012000580600020042000000.00500          
9062001500012000580960010042000000.01100          
9062001500012000641440010023000000.80000          
9062001500012000650480100015000003.50000          
9062001500012000657383500042000000.13000          
9062001500012000657450150042000000.25000          
9062001500012000700060010015000002.50000          
9062001500012000700090010015000018.13000          
9062001500012000712010010022000000.17000          
9062001500012000718390010015000045.00000          
9062001500012000718400010015000004.75000          
9062001500012000718490000042000000.01500          
9062001500012000719770020042000000.15000          
9062001500012000721040840042000001.00000          
9062001500012000723010030042000003.34000          
9062001500012000737360080050000002.00000          
9062001500012000737360250050000001.00000          
9062001500012000760150000042000000.40000          
9062001500012000760240000042000000.03200          
9062001500012000763020100042000000.07500          
9062001500310700760100010042000000.07700          
9062001500310900277060500042000000.00100          
9062001500310900572050010042000000.50000          
9062001500310900573540000042000002.00000          
9062001500310900575160010042000000.00100          
9062001500310900709520000042000000.01000          
9062001500310900719340240050000002.00000          
9062001500310901277060500042000000.00800          
9062001500310901546001000033000000.06000          
9062001500310901546862000033000000.04100          
9062001500310901570110000042000027.20000          
9062001500310901572050010042000001.50000          
9062001500310901573010000042000002.40000          
9062001500310901573540000042000011.20000          
9062001500310901573650000042000002.50000          
9062001500310901575160010042000000.00250          
9062001500310901580720020042000000.02500          
9062001500310901610450060042000000.01000          
9062001500310901610530000042000000.02100          
9062001500310901709520000042000000.20000          
9062001500310901719340240050000008.00000          
9062001500310901726480020042000000.03300          
9062001500310902277060500042000000.02200          
9062001500310902546001000033000000.06000          
9062001500310902546862000033000000.04900          
9062001500310902570110000042000030.80000          
9062001500310902572050010042000001.50000          
9062001500310902573010000042000002.40000          
9062001500310902573540000042000008.50000          
9062001500310902573650000042000002.50000          
9062001500310902575160010042000000.00250          
9062001500310902580720020042000000.02500          
9062001500310902610450060042000000.00900          
9062001500310902610530000042000000.02000          
9062001500310902709520000042000000.20000          
9062001500310902719340240050000008.00000          
9062001500310902726480020042000000.03000          
9062001500312000277040800042000000.02200          
9062001500312000277060500042000000.16400          
9062001500312000328020000042000000.02900          
9062001500312000510418150042000000.00100          
9062001500312000513380120042000000.00500          
9062001500312000514090000042000000.03000          
9062001500312000514100010042000000.01000          
9062001500312000514100060042000000.06000          
9062001500312000514100090042000000.02500          
9062001500312000514100130042000000.20000          
9062001500312000517020060042000000.03000          
9062001500312000518510040042000002.00000          
9062001500312000520010000042000000.05500          
9062001500312000521620290035000000.05000          
9062001500312000523800000042000000.20000          
9062001500312000524060000042000000.00150          
9062001500312000524100010042000000.00100          
9062001500312000528020000042000000.04400          
9062001500312000528040000042000000.08570          
9062001500312000538050000042000000.28570          
9062001500312000539281020042000000.01500          
9062001500312000539281120042000000.13000          
9062001500312000539890110042000000.03800          
9062001500312000547800000042000000.03000          
9062001500312000548070000042000000.02500          
9062001500312000556000150023000000.01500          
9062001500312000557050220023000000.40000          
9062001500312000564280010042000000.00400          
9062001500312000564280020042000000.01430          
9062001500312000572050010042000090.25000          
9062001500312000573010000042000000.85000          
9062001500312000573170170042000000.17000          
9062001500312000573540000042000000.30000          
9062001500312000573630000042000001.00000          
9062001500312000573650000042000000.50000          
9062001500312000575030000042000000.01000          
9062001500312000575110040042000000.01200          
9062001500312000575130000042000000.01000          
9062001500312000575160010042000000.20000          
9062001500312000580600020042000000.00500          
9062001500312000580960010042000000.01100          
9062001500312000641440010023000000.80000          
9062001500312000650480100015000003.50000          
9062001500312000657383500042000000.13000          
9062001500312000657450150042000000.25000          
9062001500312000700060010015000002.50000          
9062001500312000700090010015000018.13000          
9062001500312000712010010022000000.17000          
9062001500312000718390010015000045.00000          
9062001500312000718400010015000004.75000          
9062001500312000718490000042000000.01500          
9062001500312000719770020042000000.15000          
9062001500312000721040840042000001.00000          
9062001500312000723010030042000003.34000          
9062001500312000737360080050000002.00000          
9062001500312000737360250050000001.00000          
9062001500312000760150000042000000.40000          
9062001500312000760240000042000000.03200          
9062001500312000763020100042000000.07500          
9062001500410700760100010042000000.07700          
9062001500410900277060500042000000.00100          
9062001500410900572050010042000000.50000          
9062001500410900573540000042000002.00000          
9062001500410900575160010042000000.00100          
9062001500410900709520000042000000.01000          
9062001500410900719340240050000002.00000          
9062001500410901277060500042000000.00800          
9062001500410901546001000033000000.06000          
9062001500410901546862000033000000.04100          
9062001500410901570110000042000027.20000          
9062001500410901572050010042000001.50000          
9062001500410901573010000042000002.40000          
9062001500410901573540000042000011.20000          
9062001500410901573650000042000002.50000          
9062001500410901575160010042000000.00250          
9062001500410901580720020042000000.02500          
9062001500410901610450060042000000.01000          
9062001500410901610530000042000000.02100          
9062001500410901709520000042000000.20000          
9062001500410901719340240050000008.00000          
9062001500410901726480020042000000.03300          
9062001500410902277060500042000000.02200          
9062001500410902546001000033000000.06000          
9062001500410902546862000033000000.04900          
9062001500410902570110000042000030.80000          
9062001500410902572050010042000001.50000          
9062001500410902573010000042000002.40000          
9062001500410902573540000042000008.50000          
9062001500410902573650000042000002.50000          
9062001500410902575160010042000000.00250          
9062001500410902580720020042000000.02500          
9062001500410902610450060042000000.00900          
9062001500410902610530000042000000.02000          
9062001500410902709520000042000000.20000          
9062001500410902719340240050000008.00000          
9062001500410902726480020042000000.03000          
9062001500412000277040800042000000.02200          
9062001500412000277060500042000000.16400          
9062001500412000328020000042000000.02900          
9062001500412000510418150042000000.00100          
9062001500412000513380120042000000.00500          
9062001500412000514090000042000000.03000          
9062001500412000514100010042000000.01000          
9062001500412000514100060042000000.06000          
9062001500412000514100090042000000.02500          
9062001500412000514100130042000000.20000          
9062001500412000517020060042000000.03000          
9062001500412000518510040042000002.00000          
9062001500412000520010000042000000.05500          
9062001500412000521620290035000000.05000          
9062001500412000523800000042000000.20000          
9062001500412000524060000042000000.00150          
9062001500412000524100010042000000.00100          
9062001500412000528020000042000000.04400          
9062001500412000528040000042000000.08570          
9062001500412000538050000042000000.28570          
9062001500412000539281020042000000.01500          
9062001500412000539281120042000000.13000          
9062001500412000539890110042000000.03800          
9062001500412000547800000042000000.03000          
9062001500412000548070000042000000.02500          
9062001500412000548700010042000000.06000          
9062001500412000556000150023000000.01500          
9062001500412000557050220023000000.40000          
9062001500412000564280010042000000.00400          
9062001500412000564280020042000000.01430          
9062001500412000572050010042000090.25000          
9062001500412000573010000042000000.85000          
9062001500412000573170170042000000.17000          
9062001500412000573540000042000000.30000          
9062001500412000573630000042000001.00000          
9062001500412000573650000042000000.50000          
9062001500412000575030000042000000.01000          
9062001500412000575110040042000000.01200          
9062001500412000575130000042000000.01000          
9062001500412000575160010042000000.20000          
9062001500412000580600020042000000.00500          
9062001500412000580960010042000000.01100          
9062001500412000641440010023000000.80000          
9062001500412000650480100015000003.50000          
9062001500412000657383500042000000.13000          
9062001500412000657450150042000000.25000          
9062001500412000700060010015000002.50000          
9062001500412000700090010015000018.13000          
9062001500412000712010010022000000.17000          
9062001500412000718390010015000045.00000          
9062001500412000718400010015000004.75000          
9062001500412000718490000042000000.01500          
9062001500412000719770020042000000.15000          
9062001500412000721040840042000001.00000          
9062001500412000723010030042000003.34000          
9062001500412000737360080050000002.00000          
9062001500412000737360250050000001.00000          
9062001500412000760120050042000000.15300          
9062001500412000760150000042000000.40000          
9062001500412000760240000042000000.03200          
9062001500412000763020100042000000.07500          
9062001510010700518540150042000000.04000          
9062001510010700760100010042000000.07700          
9062001510010900277060500042000000.00100          
9062001510010900572050010042000000.50000          
9062001510010900573540000042000002.00000          
9062001510010900575160010042000000.00100          
9062001510010900709520000042000000.01000          
9062001510010900719340240050000002.00000          
9062001510010901277060500042000000.00750          
9062001510010901546001000033000000.06000          
9062001510010901546862000033000000.04100          
9062001510010901570110000042000027.20000          
9062001510010901572050010042000001.50000          
9062001510010901573010000042000004.10000          
9062001510010901573540000042000010.80000          
9062001510010901573650000042000002.50000          
9062001510010901575160010042000000.00250          
9062001510010901580720020042000000.02500          
9062001510010901610450060042000000.01000          
9062001510010901610530000042000000.02100          
9062001510010901709520000042000000.20000          
9062001510010901719340240050000008.00000          
9062001510010901726480020042000000.03300          
9062001510010902277060500042000000.01750          
9062001510010902546001000033000000.06000          
9062001510010902546862000033000000.04900          
9062001510010902570110000042000030.80000          
9062001510010902572050010042000001.50000          
9062001510010902573010000042000004.20000          
9062001510010902573540000042000008.10000          
9062001510010902573650000042000002.50000          
9062001510010902575160010042000000.00250          
9062001510010902580720020042000000.02500          
9062001510010902610450060042000000.00900          
9062001510010902610530000042000000.02000          
9062001510010902709520000042000000.20000          
9062001510010902719340240050000008.00000          
9062001510010902726480020042000000.03000          
9062001510012000277040800042000000.02200          
9062001510012000277060500042000000.16400          
9062001510012000328020000042000000.02900          
9062001510012000510418150042000000.00100          
9062001510012000513380120042000000.00500          
9062001510012000514090000042000000.03000          
9062001510012000514100010042000000.01000          
9062001510012000514100060042000000.06000          
9062001510012000514100090042000000.02500          
9062001510012000514100130042000000.20000          
9062001510012000517020060042000000.03000          
9062001510012000518510040042000002.00000          
9062001510012000520010000042000000.05500          
9062001510012000521620290035000000.05000          
9062001510012000523800000042000000.20000          
9062001510012000524060000042000000.00150          
9062001510012000524100010042000000.00100          
9062001510012000528020000042000000.04190          
9062001510012000528040000042000000.08570          
9062001510012000538050000042000000.28570          
9062001510012000539281020042000000.01500          
9062001510012000539281120042000000.13000          
9062001510012000539890110042000000.03800          
9062001510012000547800000042000000.03000          
9062001510012000548070000042000000.02500          
9062001510012000556000150023000000.01500          
9062001510012000557050220023000000.40000          
9062001510012000564280010042000000.00400          
9062001510012000564280020042000000.01430          
9062001510012000572050010042000090.25000          
9062001510012000573010000042000001.80000          
9062001510012000573170170042000000.17000          
9062001510012000573540000042000000.30000          
9062001510012000573630000042000001.00000          
9062001510012000573650000042000000.50000          
9062001510012000575030000042000000.01000          
9062001510012000575110040042000000.01200          
9062001510012000575130000042000000.01000          
9062001510012000575160010042000000.20000          
9062001510012000580600020042000000.00500          
9062001510012000580960010042000000.01100          
9062001510012000641440010023000000.80000          
9062001510012000650480100015000003.50000          
9062001510012000657383500042000000.13000          
9062001510012000657450150042000000.25000          
9062001510012000700060010015000002.50000          
9062001510012000700090010015000018.13000          
9062001510012000712010010022000000.17000          
9062001510012000718390010015000045.00000          
9062001510012000718400010015000004.75000          
9062001510012000718490000042000000.01500          
9062001510012000719770020042000000.15000          
9062001510012000721040840042000001.00000          
9062001510012000723010030042000003.34000          
9062001510012000737360080050000002.00000          
9062001510012000737360250050000001.00000          
9062001510012000760150000042000000.40000          
9062001510012000760240000042000000.03200          
9062001510012000763020100042000000.07500          
9062001510310700518540150042000000.04000          
9062001510310700760100010042000000.07700          
9062001510310900277060500042000000.00100          
9062001510310900572050010042000000.50000          
9062001510310900573540000042000002.00000          
9062001510310900575160010042000000.00100          
9062001510310900709520000042000000.01000          
9062001510310900719340240050000002.00000          
9062001510310901277060500042000000.00750          
9062001510310901546001000033000000.06000          
9062001510310901546862000033000000.04100          
9062001510310901570110000042000027.20000          
9062001510310901572050010042000001.50000          
9062001510310901573010000042000004.10000          
9062001510310901573540000042000010.80000          
9062001510310901573650000042000002.50000          
9062001510310901575160010042000000.00250          
9062001510310901580720020042000000.02500          
9062001510310901610450060042000000.01000          
9062001510310901610530000042000000.02100          
9062001510310901709520000042000000.20000          
9062001510310901719340240050000008.00000          
9062001510310901726480020042000000.03300          
9062001510310902277060500042000000.01750          
9062001510310902546001000033000000.06000          
9062001510310902546862000033000000.04900          
9062001510310902570110000042000030.80000          
9062001510310902572050010042000001.50000          
9062001510310902573010000042000004.20000          
9062001510310902573540000042000008.10000          
9062001510310902573650000042000002.50000          
9062001510310902575160010042000000.00250          
9062001510310902580720020042000000.02500          
9062001510310902610450060042000000.00900          
9062001510310902610530000042000000.02000          
9062001510310902709520000042000000.20000          
9062001510310902719340240050000008.00000          
9062001510310902726480020042000000.03000          
9062001510312000277040800042000000.02200          
9062001510312000277060500042000000.16400          
9062001510312000328020000042000000.02900          
9062001510312000328020000042000000.02900          
9062001510312000510418150042000000.00100          
9062001510312000513380120042000000.00500          
9062001510312000514090000042000000.03000          
9062001510312000514100010042000000.01000          
9062001510312000514100060042000000.06000          
9062001510312000514100090042000000.02500          
9062001510312000514100130042000000.20000          
9062001510312000517020060042000000.03000          
9062001510312000518510040042000002.00000          
9062001510312000520010000042000000.05500          
9062001510312000521620290035000000.05000          
9062001510312000523800000042000000.20000          
9062001510312000524060000042000000.00150          
9062001510312000524100010042000000.00100          
9062001510312000528020000042000000.04190          
9062001510312000528040000042000000.08570          
9062001510312000538050000042000000.28570          
9062001510312000539281020042000000.01500          
9062001510312000539281120042000000.13000          
9062001510312000539890110042000000.03800          
9062001510312000547800000042000000.03000          
9062001510312000548070000042000000.02500          
9062001510312000556000150023000000.01500          
9062001510312000557050220023000000.40000          
9062001510312000564280010042000000.00400          
9062001510312000564280020042000000.01430          
9062001510312000572050010042000090.25000          
9062001510312000573010000042000001.80000          
9062001510312000573170170042000000.17000          
9062001510312000573540000042000000.30000          
9062001510312000573630000042000001.00000          
9062001510312000573650000042000000.50000          
9062001510312000575030000042000000.01000          
9062001510312000575110040042000000.01200          
9062001510312000575130000042000000.01000          
9062001510312000575160010042000000.20000          
9062001510312000580600020042000000.00500          
9062001510312000580960010042000000.01100          
9062001510312000641440010023000000.80000          
9062001510312000650480100015000003.50000          
9062001510312000657383500042000000.13000          
9062001510312000657450150042000000.25000          
9062001510312000700060010015000002.50000          
9062001510312000700090010015000018.13000          
9062001510312000712010010022000000.17000          
9062001510312000718390010015000045.00000          
9062001510312000718400010015000004.75000          
9062001510312000718490000042000000.01500          
9062001510312000719770020042000000.15000          
9062001510312000721040840042000001.00000          
9062001510312000723010030042000003.34000          
9062001510312000737360080050000002.00000          
9062001510312000737360250050000001.00000          
9062001510312000760150000042000000.40000          
9062001510312000760240000042000000.03200          
9062001510312000763020100042000000.07500          
9062001510410700518540150042000000.04000          
9062001510410700760100010042000000.07700          
9062001510410900277060500042000000.00100          
9062001510410900572050010042000000.50000          
9062001510410900573540000042000002.00000          
9062001510410900575160010042000000.00100          
9062001510410900709520000042000000.01000          
9062001510410900719340240050000002.00000          
9062001510410901277060500042000000.00750          
9062001510410901546001000033000000.06000          
9062001510410901546862000033000000.04100          
9062001510410901570110000042000027.20000          
9062001510410901572050010042000001.50000          
9062001510410901573010000042000004.10000          
9062001510410901573540000042000010.80000          
9062001510410901573650000042000002.50000          
9062001510410901575160010042000000.00250          
9062001510410901580720020042000000.02500          
9062001510410901610450060042000000.01000          
9062001510410901610530000042000000.02100          
9062001510410901709520000042000000.20000          
9062001510410901719340240050000008.00000          
9062001510410901726480020042000000.03300          
9062001510410902277060500042000000.01750          
9062001510410902546001000033000000.06000          
9062001510410902546862000033000000.04900          
9062001510410902570110000042000030.80000          
9062001510410902572050010042000001.50000          
9062001510410902573010000042000004.20000          
9062001510410902573540000042000008.10000          
9062001510410902573650000042000002.50000          
9062001510410902575160010042000000.00250          
9062001510410902580720020042000000.02500          
9062001510410902610450060042000000.00900          
9062001510410902610530000042000000.02000          
9062001510410902709520000042000000.20000          
9062001510410902719340240050000008.00000          
9062001510410902726480020042000000.03000          
9062001510412000277040800042000000.02200          
9062001510412000277060500042000000.16400          
9062001510412000328020000042000000.02900          
9062001510412000510418150042000000.00100          
9062001510412000513380120042000000.00500          
9062001510412000514090000042000000.03000          
9062001510412000514100010042000000.01000          
9062001510412000514100060042000000.06000          
9062001510412000514100090042000000.02500          
9062001510412000514100130042000000.20000          
9062001510412000517020060042000000.03000          
9062001510412000518510040042000002.00000          
9062001510412000520010000042000000.05500          
9062001510412000521620290035000000.05000          
9062001510412000523800000042000000.20000          
9062001510412000524060000042000000.00150          
9062001510412000524100010042000000.00100          
9062001510412000528020000042000000.04190          
9062001510412000528040000042000000.08570          
9062001510412000538050000042000000.28570          
9062001510412000539281020042000000.01500          
9062001510412000539281120042000000.13000          
9062001510412000539890110042000000.03800          
9062001510412000547800000042000000.03000          
9062001510412000548070000042000000.02500          
9062001510412000548700010042000000.06000          
9062001510412000556000150023000000.01500          
9062001510412000557050220023000000.40000          
9062001510412000564280010042000000.00400          
9062001510412000564280020042000000.01430          
9062001510412000572050010042000090.25000          
9062001510412000573010000042000001.80000          
9062001510412000573170170042000000.17000          
9062001510412000573540000042000000.30000          
9062001510412000573630000042000001.00000          
9062001510412000573650000042000000.50000          
9062001510412000575030000042000000.01000          
9062001510412000575110040042000000.01200          
9062001510412000575130000042000000.01000          
9062001510412000575160010042000000.20000          
9062001510412000580600020042000000.00500          
9062001510412000580960010042000000.01100          
9062001510412000641440010023000000.80000          
9062001510412000650480100015000003.50000          
9062001510412000657383500042000000.13000          
9062001510412000657450150042000000.25000          
9062001510412000700060010015000002.50000          
9062001510412000700090010015000018.13000          
9062001510412000712010010022000000.17000          
9062001510412000718390010015000045.00000          
9062001510412000718400010015000004.75000          
9062001510412000718490000042000000.01500          
9062001510412000719770020042000000.15000          
9062001510412000721040840042000001.00000          
9062001510412000723010030042000003.34000          
9062001510412000737360080050000002.00000          
9062001510412000737360250050000001.00000          
9062001510412000760120050042000000.15300          
9062001510412000760150000042000000.40000          
9062001510412000760240000042000000.03200          
9062001510412000763020100042000000.07500          
9063000010010700514100030042000000.13300          
9063000010010700514100090042000000.03000          
9063000010010700518540150042000001.44000          
9063000010010700521620240035000000.20000          
9063000010010700523800000042000000.04000          
9063000010010700524060000042000000.00100          
9063000010010700528020000042000000.05800          
9063000010010700530000010042000000.03000          
9063000010010700539281010042000000.01000          
9063000010010700546011000042000007.20000          
9063000010010700548040000042000000.05000          
9063000010010700548070000042000000.01500          
9063000010010700548700010042000000.01000          
9063000010010700556000150023000000.91000          
9063000010010700558100020042000000.00500          
9063000010010700572050010042000027.34000          
9063000010010700573170170042000000.20000          
9063000010010700573730000042000008.00000          
9063000010010700575060000042000000.07000          
9063000010010700575160010042000000.03000          
9063000010010700580600020042000000.00100          
9063000010010700700510010015000000.05200          
9063000010010700709520000042000000.50000          
9063000010010700712010010022000002.00000          
9063000010010700719340240050000002.00000          
9063000010010700719770010042000000.05000          
9063000010010700723010030042000002.15000          
9063000010010700737360080050000001.00000          
9063000010010700737360280050000001.00000          
9063000010010700760100010042000000.05000          
9063000010010700760120050042000000.05000          
9063000010010900277060500042000000.00500          
9063000010010900572050010042000000.20000          
9063000010010900573730000042000002.00000          
9063000010010900575160010042000000.00100          
9063000010010900709520000042000000.50000          
9063000010010900719340240050000002.00000          
9064000020010700514100030042000000.13300          
9064000020010700514100090042000000.03000          
9064000020010700518540150042000001.44000          
9064000020010700521620240035000000.20000          
9064000020010700523800000042000000.04000          
9064000020010700524060000042000000.00100          
9064000020010700528020000042000000.05800          
9064000020010700530000010042000000.03000          
9064000020010700539281010042000000.01000          
9064000020010700546011000042000007.20000          
9064000020010700548040000042000000.05000          
9064000020010700548070000042000000.01500          
9064000020010700548700010042000000.01000          
9064000020010700556000150023000000.91000          
9064000020010700558100020042000000.00500          
9064000020010700572050010042000027.34000          
9064000020010700573170170042000000.20000          
9064000020010700573730000042000008.00000          
9064000020010700575060000042000000.07000          
9064000020010700575160010042000000.03000          
9064000020010700580600020042000000.00100          
9064000020010700700510010015000000.05200          
9064000020010700709520000042000000.50000          
9064000020010700712010010022000002.00000          
9064000020010700719340240050000002.00000          
9064000020010700719770010042000000.05000          
9064000020010700723010030042000002.15000          
9064000020010700737360080050000001.00000          
9064000020010700737360280050000001.00000          
9064000020010700760100010042000000.05000          
9064000020010700760120050042000000.05000          
9064000020010900277060500042000000.00500          
9064000020010900572050010042000000.20000          
9064000020010900573730000042000002.00000          
9064000020010900575160010042000000.00100          
9064000020010900709520000042000000.50000          
9064000020010900719340240050000002.00000          
9065001002010900570110000042000050.00000          
9065001002010900572050010042000000.50000          
9065001002010900573010000042000001.00000          
9065001002010900573730000042000000.50000          
9065001002010900700090010015000000.50000          
9065001002010900709520000042000000.50000          
9066000010010700510330000042000000.21500          
9066000010010700514090000042000000.01500          
9066000010010700514100030042000000.96600          
9066000010010700514100090042000000.10000          
9066000010010700518540150042000007.05000          
9066000010010700521540000042000000.50000          
9066000010010700521620240035000000.20000          
9066000010010700521620290035000000.05000          
9066000010010700523800000042000000.05000          
9066000010010700524060000042000000.00100          
9066000010010700524100010042000000.00500          
9066000010010700528020000042000000.20000          
9066000010010700530000010042000000.00500          
9066000010010700539281110042000000.12000          
9066000010010700546011000042000013.20000          
9066000010010700548040000042000000.50000          
9066000010010700548070000042000000.10000          
9066000010010700548700010042000000.06000          
9066000010010700556000150023000000.41000          
9066000010010700557050220023000001.12000          
9066000010010700558100020042000000.00500          
9066000010010700572050010042000165.50000          
9066000010010700573170170042000000.50000          
9066000010010700573730000042000018.00000          
9066000010010700575060000042000000.10500          
9066000010010700575160010042000000.24000          
9066000010010700580600020042000000.00100          
9066000010010700700090010015000017.60000          
9066000010010700700510010015000000.02000          
9066000010010700709520000042000002.00000          
9066000010010700712010010022000007.50000          
9066000010010700719340240050000044.00000          
9066000010010700719770040042000000.81000          
9066000010010700721040840042000000.50000          
9066000010010700723010030042000003.50000          
9066000010010700726480020042000000.11500          
9066000010010700737360080050000004.00000          
9066000010010700737360500050000003.00000          
9066000010010700737360750050000001.00000          
9066000010010700760100010042000000.25000          
9066000010010700760120050042000000.28000          
9066000010010900277060500042000000.01000          
9066000010010900572050010042000000.40000          
9066000010010900573730000042000004.00000          
9066000010010900575160010042000000.00200          
9066000010010900709520000042000001.00000          
9066000010010900719340240050000004.00000          
9066000010010901277040800042000000.25000          
9066000010010901572050010042000005.00000          
9066000010010901573650000042000000.31000          
9066000010010901573730000042000052.50000          
9066000010010901575030000042000000.30000          
9066000010010901575140010042000000.20000          
9066000010010901575200000042000000.10000          
9066000010010901575240030042000000.10000          
9066000010010901575270000042000000.30000          
9066000010010901610450060042000000.10000          
9066000010010901610530000042000000.10000          
9066000010010901700060010015000001.00000          
9066000010010901709520000042000002.00000          
9066000010010901712010010022000000.80000          
9066000010010901719340240050000013.00000          
9066000010010901730080090052000000.05000          
9066000010010901730080110052000000.08000          
9066000010010902277040800042000000.25000          
9066000010010902572050010042000006.00000          
9066000010010902573650000042000000.30000          
9066000010010902573730000042000102.00000          
9066000010010902575030000042000000.30000          
9066000010010902575140010042000000.20000          
9066000010010902575200000042000000.10000          
9066000010010902575240030042000000.10000          
9066000010010902575270000042000000.30000          
9066000010010902610450060042000000.10000          
9066000010010902610530000042000000.10000          
9066000010010902700060010015000001.00000          
9066000010010902709520000042000002.00000          
9066000010010902712010010022000000.80000          
9066000010010902719340240050000013.00000          
9066000010010902730080090052000000.05000          
9066000010010902730080110052000000.08000          
9066002520010900277060800042000000.50000          
9066002520010900572050010042000052.00000          
9066002520010900573650000042000013.60000          
9066002520010900573730000042000094.00000          
9066002520010900575030000042000000.80000          
9066002520010900575140010042000000.40000          
9066002520010900575160010042000000.20000          
9066002520010900575200000042000000.20000          
9066002520010900575240030042000000.20000          
9066002520010900575270000042000000.80000          
9066002520010900610450060042000001.30000          
9066002520010900610530000042000001.30000          
9066002520010900700060010015000013.00000          
9066002520010900709520000042000026.00000          
9066002520010900712010010022000000.80000          
9066002520010900719340240050000083.00000          
9066002520010900730080090052000002.00000          
9066002520010900730080110052000001.00000          
9072000010010900546001000033000006.00000          
9072000010010900570110000042100000.00000          
9072000010010900572050010042000050.00000          
9072000010010900573650000042000005.70000          
9072000010010900573730000042000105.00000          
9072000010010900709520000042000010.00000          
9072000010010900719340240050000020.00000          
9072000010010900730080090052000000.20000          
9072000010010900730080110052000001.80000          
9117211350010900570110000042064350.00000          
9117211350010900572050010042000030.00000          
9117211350010900573540000042000090.00000          
9117211350010900575160010042000000.05000          
9117211350010900610530000042000000.10000          
9117211350010900709520000042000005.00000          
9117211350010900719340240050000100.00000          
9117211350010900730080110052000006.20000          
9170021000010900546862000033000017.50000          
9170021000010900570110000042001401.20000          
9170021000010900572050010042000012.00000          
9170021000010900573540000042000178.20000          
9170021000010900709520000042000005.00000          
9170021000010900719340240050000011.00000          
9170021000010900730080110052000004.00000          
9202000040012000328020000042000000.01220          
9202000040012000513380120042000000.00200          
9202000040012000514090000042000000.05500          
9202000040012000514100090042000000.00050          
9202000040012000514100130042000000.08500          
9202000040012000517980000042000000.05000          
9202000040012000517990000042000000.01600          
9202000040012000518510040042000000.32000          
9202000040012000521540000042000000.03000          
9202000040012000523800000042000000.08620          
9202000040012000528020000042000000.01862          
9202000040012000528040000042000000.03640          
9202000040012000530120140042000000.00500          
9202000040012000539281020042000000.00300          
9202000040012000548070000042000000.03000          
9202000040012000558100020042000000.00090          
9202000040012000572010000042000000.00700          
9202000040012000572050010042000007.00000          
9202000040012000573010000042000000.20000          
9202000040012000573030000042000000.20000          
9202000040012000573170170042000000.35000          
9202000040012000575030000042000001.30000          
9202000040012000575160010042000000.02400          
9202000040012000580600010042000000.02000          
9202000040012000611010000042000000.00500          
9202000040012000700090010015000002.50000          
9202000040012000700510010015000000.60000          
9202000040012000712010010022000000.80000          
9202000040012000718490000042000000.01000          
9202000040012000719770040042000000.10000          
9202000040012000721040840042000000.32000          
9202000040012000723010030042000002.94000          
9202000040012000737360080050000001.00000          
9202000040012000760190010042000000.03500          
9202000040012000760240000042000000.03000          
9202000040112000328020000042000000.01220          
9202000040112000513380120042000000.00200          
9202000040112000514090000042000000.05500          
9202000040112000514100090042000000.00050          
9202000040112000514100130042000000.08500          
9202000040112000517980000042000000.05000          
9202000040112000517990000042000000.01600          
9202000040112000518510040042000025.26400          
9202000040112000521540000042000000.03000          
9202000040112000521620290035000005.00000          
9202000040112000523800000042000000.01620          
9202000040112000528020000042000000.01840          
9202000040112000528040000042000000.03640          
9202000040112000530120140042000000.00500          
9202000040112000539281020042000000.00300          
9202000040112000558100020042000000.00090          
9202000040112000572010000042000000.00700          
9202000040112000572050010042000030.00000          
9202000040112000573010000042000000.20000          
9202000040112000573030000042000000.20000          
9202000040112000573170170042000000.35000          
9202000040112000575030000042000001.30000          
9202000040112000575160010042000000.02400          
9202000040112000580600010042000000.02000          
9202000040112000611010000042000000.00500          
9202000040112000700090010015000002.50000          
9202000040112000700510010015000000.60000          
9202000040112000712010010022000000.80000          
9202000040112000718490000042000000.01000          
9202000040112000719770040042000000.10000          
9202000040112000721040840042000000.32000          
9202000040112000723010030042000002.94000          
9202000040112000737360080050000001.00000          
9202000040112000760190010042000000.03500          
9202000040112000760240000042000000.03000          
9202000370010900572050010042000060.00000          
9202000370010900573030000042000192.00000          
9202000370010900575030000042000051.30000          
9202000370010900700080800015000600.00000          
9202000370010900719340240050000045.00000          
9202000480010900572050010042000060.00000          
9202000480010900573030000042000129.00000          
9202000480010900575030000042000027.00000          
9202000480010900700080800015000320.00000          
9202000480010900719340240050000035.00000          
9202000590010900572050010042000032.00000          
9202000590010900575030000042000032.40000          
9202000590010900700040490015000170.00000          
9202000590010900719340240050000030.00000          
9202000700010700521620240035000004.00000          
9202000700010800572050010042000020.00000          
9202000700010800700040490015000006.00000          
9202000700010800734060050054000015.00000          
9202000700010900573270000042000040.00000          
9202000700010900700090010015000005.00000          
9202000810010900573030000042000001.10000          
9202000810010900575030000042000003.60000          
9202000810010900700040490015000006.00000          
9202000810010900719340240050000030.00000          
9202000920010900575030000042000005.04000          
9202000920010900700040490015000006.00000          
9202000920010900719340240050000030.00000          
9202002600010800572050010042000020.00000          
9202002600010800573270000042000045.00000          
9202002600010800700090010015000005.00000          
9202002600010800709520000042000002.00000          
9202002600010800734060050054000005.00000          
9212000030010700514100010042000000.02100          
9212000030010700514100030042000000.50000          
9212000030010700517980000042000000.02400          
9212000030010700518540150042000000.50000          
9212000030010700528020000042000000.17400          
9212000030010700572050010042000001.00000          
9212000030010700700090010015000000.75000          
9212000030010901572050010042000000.25000          
9212000030010901573270000042000004.30000          
9212000030010901700060010015000000.15000          
9212000030010901709520000042000000.17000          
9212000030010901719340240050000001.00000          
9212000030010901730080110052000000.01000          
9212000030010902277041000042000000.01800          
9212000030010902277060500042000000.00100          
9212000030010902572050010042000000.25000          
9212000030010902573270000042000008.60000          
9212000030010902700060010015000000.15000          
9212000030010902709520000042000000.17000          
9212000030010902719340240050000001.00000          
9212000030010902730080110052000000.01000          
9212000030012000277060500042000000.00100          
9212000030012000514090000042000000.01000          
9212000030012000518540150042000000.55000          
9212000030012000521540000042000000.10000          
9212000030012000539011000042000000.01000          
9212000030012000546011000042000000.50000          
9212000030012000548040000042000000.10000          
9212000030012000548070000042000000.03000          
9212000030012000572050010042000007.00000          
9212000030012000573030000042000000.20000          
9212000030012000573170170042000000.04000          
9212000030012000573270000042000000.35000          
9212000030012000575160010042000000.00500          
9212000030012000700090010015000001.18000          
9212000030012000700510010015000000.00500          
9212000030012000709520000042000000.20000          
9212000030012000712010010022000003.60000          
9212000030012000719770040042000000.16000          
9212000030012000723010030042000000.70000          
9212000030012000737360080050000001.00000          
9212000030012000760190010042000000.00300          
9212000700010700514100010042000000.02100          
9212000700010700514100030042000000.50000          
9212000700010700517980000042000000.02400          
9212000700010700518540150042000000.50000          
9212000700010700528020000042000000.17400          
9212000700010700572050010042000001.00000          
9212000700010700700090010015000000.75000          
9212000700010901572050010042000000.25000          
9212000700010901573270000042000004.30000          
9212000700010901700060010015000000.15000          
9212000700010901709520000042000000.17000          
9212000700010901719340240050000001.00000          
9212000700010901730080110052000000.01000          
9212000700010902277041000042000000.00800          
9212000700010902277060500042000000.00100          
9212000700010902572050010042000000.25000          
9212000700010902573270000042000008.60000          
9212000700010902700060010015000000.15000          
9212000700010902709520000042000000.17000          
9212000700010902719340240050000001.00000          
9212000700010902730080110052000000.01000          
9212000700012000277060500042000000.00100          
9212000700012000514090000042000000.01000          
9212000700012000518540150042000000.55000          
9212000700012000521540000042000000.20000          
9212000700012000521620240035000000.03500          
9212000700012000539011000042000000.01000          
9212000700012000546011000042000000.50000          
9212000700012000548040000042000000.10000          
9212000700012000548070000042000000.03000          
9212000700012000572050010042000005.50000          
9212000700012000573030000042000000.20000          
9212000700012000573170170042000000.04000          
9212000700012000573270000042000000.35000          
9212000700012000575160010042000000.00500          
9212000700012000700090010015000001.18000          
9212000700012000700510010015000000.00500          
9212000700012000712010010022000003.60000          
9212000700012000719770040042000000.16000          
9212000700012000723010030042000000.70000          
9212000700012000737360080050000001.00000          
9212000700012000760190010042000000.00300          
9212008000012000513380120042000000.08500          
9212008000012000539011000042000000.00500          
9212008000012000539660000042000000.00200          
9212008000012000548040000042000004.50000          
9212008000012000548070000042000000.03000          
9212008000012000572050010042000000.04500          
9212008000012000700090010015000000.19000          
9212008000012000760250000042000000.01000          
9212008007712000513380120042000000.08500          
9212008007712000539011000042000000.00500          
9212008007712000539660000042000000.00200          
9212008007712000548040000042000004.50000          
9212008007712000548070000042000000.03000          
9212008007712000572050010042000000.04500          
9212008007712000700090010015000000.19000          
9212008007712000718400010015000000.20000          
9212008007712000760250000042000000.01000          
9215000060010700514100010042000000.02500          
9215000060010700514100030042000000.40000          
9215000060010700517980000042000000.02400          
9215000060010700518540150042000000.15500          
9215000060010700528020000042000000.14200          
9215000060010700572050010042000001.00000          
9215000060010700700090010015000000.90000          
9215000060010901572050010042000000.10000          
9215000060010901573270000042000001.25000          
9215000060010901700060010015000000.15000          
9215000060010901709520000042000000.15000          
9215000060010901719340240050000001.00000          
9215000060010901730080110052000000.01000          
9215000060010902277041000042000000.01800          
9215000060010902277060500042000000.00100          
9215000060010902572050010042000000.10000          
9215000060010902573270000042000002.50000          
9215000060010902700060010015000000.15000          
9215000060010902709520000042000000.20000          
9215000060010902719340240050000001.00000          
9215000060010902730080110052000000.01000          
9215000060012000277060500042000000.00100          
9215000060012000514090000042000000.05000          
9215000060012000518540150042000000.12000          
9215000060012000521540000042000000.15000          
9215000060012000524060000042000000.00050          
9215000060012000524100010042000000.00050          
9215000060012000528020000042000000.01700          
9215000060012000539011000042000000.01000          
9215000060012000546011000042000002.00000          
9215000060012000548040000042000000.10000          
9215000060012000548070000042000000.03000          
9215000060012000572050010042000006.40000          
9215000060012000573030000042000000.20000          
9215000060012000573170170042000000.04000          
9215000060012000573270000042000000.02000          
9215000060012000580600020042000000.00300          
9215000060012000700090010015000001.33000          
9215000060012000700510010015000000.01000          
9215000060012000712010010022000002.00000          
9215000060012000719770040042000000.10000          
9215000060012000723010030042000000.70000          
9215000060012000737360080050000001.00000          
9215000060012000760190010042000000.00300          
9215000060110700514100010042000000.02500          
9215000060110700514100030042000000.40000          
9215000060110700517980000042000000.02400          
9215000060110700518540150042000000.15500          
9215000060110700528020000042000000.14200          
9215000060110700572050010042000001.00000          
9215000060110700700090010015000000.90000          
9215000060110901572050010042000000.10000          
9215000060110901573270000042000001.25000          
9215000060110901700060010015000000.15000          
9215000060110901709520000042000000.15000          
9215000060110901719340240050000001.00000          
9215000060110901730080110052000000.01000          
9215000060110902277041000042000000.01800          
9215000060110902277060500042000000.00100          
9215000060110902572050010042000000.10000          
9215000060110902573270000042000002.50000          
9215000060110902700060010015000000.15000          
9215000060110902709520000042000000.20000          
9215000060110902719340240050000001.00000          
9215000060110902730080110052000000.01000          
9215000060112000277060500042000000.00100          
9215000060112000514090000042000000.05000          
9215000060112000518540150042000000.42000          
9215000060112000521540000042000000.20000          
9215000060112000521620240035000000.01000          
9215000060112000524060000042000000.00050          
9215000060112000524100010042000000.00050          
9215000060112000528020000042000000.01700          
9215000060112000539011000042000000.01000          
9215000060112000546011000042000002.00000          
9215000060112000548040000042000000.10000          
9215000060112000548070000042000000.03000          
9215000060112000572050010042000006.00000          
9215000060112000573030000042000000.20000          
9215000060112000573170170042000000.04000          
9215000060112000573270000042000000.02000          
9215000060112000580600020042000000.00300          
9215000060112000700090010015000001.33000          
9215000060112000700510010015000000.01000          
9215000060112000712010010022000002.00000          
9215000060112000719770040042000000.10000          
9215000060112000723010030042000000.70000          
9215000060112000737360080050000001.00000          
9215000060112000760190010042000000.00300          
9216000070010700514090000042000000.00700          
9216000070010700514100030042000000.40000          
9216000070010700514100090042000000.13000          
9216000070010700517980000042000000.15000          
9216000070010700517990000042000000.00500          
9216000070010700518540150042000000.45700          
9216000070010700524060000042000000.00100          
9216000070010700528020000042000000.20000          
9216000070010700539281020042000000.00200          
9216000070010700544002000042000000.02500          
9216000070010700546011000042000009.60000          
9216000070010700546791000042000000.00100          
9216000070010700557050220023000000.01000          
9216000070010700570110000042000000.15000          
9216000070010700572050010042000005.50000          
9216000070010700573030000042000000.10000          
9216000070010700573170170042000000.04000          
9216000070010700573270000042000000.35000          
9216000070010700573340000042000000.05000          
9216000070010700575060000042000000.00700          
9216000070010700575130000042000000.05000          
9216000070010700575160010042000000.07000          
9216000070010700580600020042000000.00100          
9216000070010700610450000042000000.01000          
9216000070010700700090010015000002.00000          
9216000070010700700510010015000000.02000          
9216000070010700719340240050000004.00000          
9216000070010700719770040042000000.10000          
9216000070010700723010030042000000.60000          
9216000070010700737360080050000001.00000          
9216000070010901572050010042000000.25000          
9216000070010901573270000042000000.18000          
9216000070010901709520000042000000.10000          
9216000070010901719340240050000001.00000          
9216000070010901730080110052000000.01000          
9216000070010902572050010042000000.25000          
9216000070010902573270000042000000.18000          
9216000070010902709520000042000000.10000          
9216000070010902719340240050000001.00000          
9216000070010902730080110052000000.01000          
9216000070110700328020000042000000.08900          
9216000070110700513150330042000000.12000          
9216000070110700514090000042000000.00700          
9216000070110700514100090042000000.03000          
9216000070110700514100130042000000.56500          
9216000070110700517980000042000000.15000          
9216000070110700517990000042000000.00500          
9216000070110700518540150042000000.59700          
9216000070110700521620240035000001.71000          
9216000070110700524060000042000000.00200          
9216000070110700528020000042000000.01500          
9216000070110700528040000042000000.24200          
9216000070110700539281020042000000.00570          
9216000070110700544002000042000000.02500          
9216000070110700546011000042000009.60000          
9216000070110700546791000042000000.00100          
9216000070110700557050220023000000.02500          
9216000070110700570110000042000000.15000          
9216000070110700572050010042000006.50100          
9216000070110700573030000042000000.10000          
9216000070110700573170170042000000.04000          
9216000070110700573270000042000000.35000          
9216000070110700575060000042000000.00700          
9216000070110700575130000042000000.05000          
9216000070110700575160010042000000.07000          
9216000070110700580600020042000000.00100          
9216000070110700610450000042000000.01000          
9216000070110700700090010015000002.00000          
9216000070110700700510010015000000.02000          
9216000070110700712010010022000000.80000          
9216000070110700719340240050000004.00000          
9216000070110700719770040042000000.10000          
9216000070110700723010030042000000.60000          
9216000070110700737360080050000001.00000          
9216000070110901572050010042000000.25000          
9216000070110901573270000042000000.18000          
9216000070110901709520000042000000.10000          
9216000070110901719340240050000001.00000          
9216000070110901730080110052000000.01000          
9216000070110902572050010042000000.25000          
9216000070110902573270000042000000.18000          
9216000070110902709520000042000000.10000          
9216000070110902719340240050000001.00000          
9216000070110902730080110052000000.01000          
9217000200010700514090000042000000.02000          
9217000200010700514100010042000000.03000          
9217000200010700514100030042000000.40000          
9217000200010700514100090042000000.00300          
9217000200010700517980000042000000.02400          
9217000200010700518540150042000000.40000          
9217000200010700528020000042000000.15000          
9217000200010700548700010042000000.01600          
9217000200010700572050010042000001.00000          
9217000200010700700090010015000000.90000          
9217000200010700760100010042000000.10000          
9217000200010700760120050042000000.08000          
9217000200010901572050010042000000.25000          
9217000200010901573270000042000001.60000          
9217000200010901700060010015000000.15000          
9217000200010901709520000042000000.23300          
9217000200010901719340240050000001.00000          
9217000200010901730080110052000000.01000          
9217000200010902277041000042000000.02000          
9217000200010902277060500042000000.00200          
9217000200010902572050010042000000.25000          
9217000200010902573270000042000003.20000          
9217000200010902700060010015000000.15000          
9217000200010902709520000042000000.23300          
9217000200010902719340240050000002.00000          
9217000200010902730080110052000000.01000          
9217000200012000514090000042000000.03000          
9217000200012000517990000042000000.01000          
9217000200012000518540150042000000.31000          
9217000200012000521540000042000000.15000          
9217000200012000524060000042000000.00050          
9217000200012000524100010042000000.00050          
9217000200012000528020000042000000.01000          
9217000200012000546011000042000002.00000          
9217000200012000548040000042000000.10000          
9217000200012000548070000042000000.03000          
9217000200012000572050010042000006.50000          
9217000200012000573030000042000000.20000          
9217000200012000573170170042000000.04000          
9217000200012000573270000042000000.20500          
9217000200012000573340000042000000.20000          
9217000200012000573650000042000000.05000          
9217000200012000575060000042000000.00700          
9217000200012000575130000042000000.00500          
9217000200012000580600020042000000.00300          
9217000200012000700090010015000001.26000          
9217000200012000700510010015000000.00500          
9217000200012000709520000042000000.20000          
9217000200012000712010010022000002.40000          
9217000200012000719770040042000000.10000          
9217000200012000723010030042000000.70000          
9217000200012000737360080050000001.00000          
9217000200110700514090000042000000.02000          
9217000200110700514100010042000000.03000          
9217000200110700514100030042000000.40000          
9217000200110700514100090042000000.00300          
9217000200110700517980000042000000.02400          
9217000200110700518540150042000000.40000          
9217000200110700528020000042000000.15000          
9217000200110700548700010042000000.01600          
9217000200110700572050010042000001.00000          
9217000200110700700090010015000000.90000          
9217000200110700760100010042000000.10000          
9217000200110700760120050042000000.08000          
9217000200110901572050010042000000.25000          
9217000200110901573270000042000001.60000          
9217000200110901700060010015000000.15000          
9217000200110901709520000042000000.23300          
9217000200110901719340240050000001.00000          
9217000200110901730080110052000000.01000          
9217000200110902277041000042000000.02000          
9217000200110902277060500042000000.00200          
9217000200110902572050010042000000.25000          
9217000200110902573270000042000003.20000          
9217000200110902700060010015000000.15000          
9217000200110902709520000042000000.23300          
9217000200110902719340240050000002.00000          
9217000200110902730080110052000000.01000          
9217000200112000514090000042000000.03000          
9217000200112000517990000042000000.01000          
9217000200112000518540150042000000.41000          
9217000200112000521540000042000000.15000          
9217000200112000521620240035000000.03000          
9217000200112000524060000042000000.00050          
9217000200112000524100010042000000.00050          
9217000200112000528020000042000000.01000          
9217000200112000546011000042000002.00000          
9217000200112000548040000042000000.10000          
9217000200112000548070000042000000.03000          
9217000200112000572050010042000006.10000          
9217000200112000573030000042000000.20000          
9217000200112000573170170042000000.04000          
9217000200112000573270000042000000.20500          
9217000200112000573340000042000000.20000          
9217000200112000573650000042000000.05000          
9217000200112000575060000042000000.00700          
9217000200112000575130000042000000.00500          
9217000200112000700090010015000001.39000          
9217000200112000700510010015000000.00500          
9217000200112000709520000042000000.33000          
9217000200112000712010010022000002.40000          
9217000200112000719770040042000000.10000          
9217000200112000723010030042000000.70000          
9217000200112000737360080050000001.00000          
9217000530010900572050010042000006.40000          
9217000530010900575030000042000029.70000          
9217000530010900700040490015000025.00000          
9217000530010900719340240050000005.00000          
9217000550010900572050010042000006.40000          
9217000550010900575030000042000029.70000          
9217000550010900700040490015000025.00000          
9217000550010900719340240050000005.00000          
9217000640010800572050010042000015.00000          
9217000640010800700090010015000006.00000          
9217000640010800730080110052000000.60000          
9217008000012000513380120042000000.08000          
9217008000012000539011000042000000.00500          
9217008000012000539660000042000000.00200          
9217008000012000548040000042000004.80000          
9217008000012000548070000042000000.03000          
9217008000012000572050010042000000.04500          
9217008000012000700090010015000000.19000          
9217008000012000760250000042000000.01000          
9217008007712000513380120042000000.08000          
9217008007712000539011000042000000.00500          
9217008007712000539660000042000000.00200          
9217008007712000548040000042000004.80000          
9217008007712000548070000042000000.03000          
9217008007712000572050010042000000.04500          
9217008007712000700090010015000000.19000          
9217008007712000718400010015000000.40000          
9217008007712000760250000042000000.01000          
9226000000010700277040800042000000.20000          
9226000000010700277060500042000000.00800          
9226000000010700510330000042000000.00500          
9226000000010700514090000042000000.10500          
9226000000010700514100030042000000.30000          
9226000000010700514100090042000000.02500          
9226000000010700517990000042000000.03000          
9226000000010700518540150042000001.91200          
9226000000010700523800000042000000.20000          
9226000000010700524060000042000000.00100          
9226000000010700524100010042000000.00100          
9226000000010700528020000042000000.12400          
9226000000010700539281110042000000.06000          
9226000000010700548040000042000001.20000          
9226000000010700548070000042000000.12000          
9226000000010700548700010042000000.06000          
9226000000010700556000150023000010.00000          
9226000000010700572050010042000089.00000          
9226000000010700573170170042000000.50000          
9226000000010700573340000042000000.50000          
9226000000010700573730000042000013.00000          
9226000000010700575030000042000000.01000          
9226000000010700575160010042000000.19500          
9226000000010700580600020042000000.00100          
9226000000010700700090010015000002.40000          
9226000000010700709520000042000001.30000          
9226000000010700712010010022000000.10000          
9226000000010700719340240050000006.00000          
9226000000010700723010030042000000.60000          
9226000000010700726480020042000000.00800          
9226000000010700737360250050000001.00000          
9226000000010700737360280050000002.00000          
9226000000010700760100010042000000.48200          
9226000000010700760120050042000000.30000          
9226000000010900277060500042000000.00800          
9226000000010900572050010042000000.50000          
9226000000010900573730000042000002.00000          
9226000000010900575160010042000000.00200          
9226000000010900709520000042000000.01000          
9226000000010900719340240050000003.00000          
9226000000010901277060800042000000.15000          
9226000000010901572050010042000003.35000          
9226000000010901573510060035000000.75000          
9226000000010901573650000042000000.21000          
9226000000010901573660240042000021.20000          
9226000000010901575030000042000000.40000          
9226000000010901575140010042000000.30000          
9226000000010901575160010042000000.05000          
9226000000010901575200000042000000.15000          
9226000000010901575240030042000000.15000          
9226000000010901575270000042000000.40000          
9226000000010901610450060042000000.01000          
9226000000010901610530000042000000.05000          
9226000000010901700060010015000000.50000          
9226000000010901709520000042000000.50000          
9226000000010901712010010022000000.50000          
9226000000010901719340240050000002.00000          
9226000000010901730080090052000000.05000          
9226000000010901730080110052000000.04000          
9226000000010902277060800042000000.15000          
9226000000010902572050010042000003.35000          
9226000000010902573510060035000000.75000          
9226000000010902573650000042000000.21000          
9226000000010902573660240042000043.80000          
9226000000010902575030000042000000.40000          
9226000000010902575140010042000000.30000          
9226000000010902575160010042000000.05000          
9226000000010902575200000042000000.15000          
9226000000010902575240030042000000.15000          
9226000000010902575270000042000000.40000          
9226000000010902610450060042000000.01000          
9226000000010902610530000042000000.05000          
9226000000010902700060010015000000.50000          
9226000000010902709520000042000000.50000          
9226000000010902712010010022000000.50000          
9226000000010902719340240050000003.00000          
9226000000010902730080090052000000.05000          
9226000000010902730080110052000000.04000          
9226000000012000324091810042000000.04000          
9226000000012000328020000042000000.00100          
9226000000012000510418150042000000.00100          
9226000000012000514090000042000000.01000          
9226000000012000517990000042000000.00500          
9226000000012000518510040042000000.02000          
9226000000012000520640010042000000.00100          
9226000000012000539011000042000000.02000          
9226000000012000539281110042000000.01000          
9226000000012000539890110042000000.02000          
9226000000012000564280010042000000.00200          
9226000000012000572050010042000000.05000          
9226000000012000580960010042000000.00600          
9226000000012000641440010023000000.10000          
9226000000012000657382500042000000.07000          
9226000000012000657450150042000000.10000          
9226000000012000700090010015000000.90000          
9226000000012000718390010015000000.01800          
9226000000012000721040840042000000.00800          
9226000000012000760150000042000000.06000          
9226050000010700514100030042000000.05000          
9226050000010700518540150042000000.11000          
9226050000010700523800000042000000.10000          
9226050000010700528020000042000000.02000          
9226050000010700539281010042000000.02000          
9226050000010700572050010042000006.50000          
9226050000010700573170170042000000.01000          
9226050000010700573730000042000000.14700          
9226050000010700575160010042000000.01000          
9226050000010700719340240050000005.00000          
9226050000010700719770040042000000.10000          
9226050000010700721040840042000000.10000          
9226050000010700723010030042000000.25000          
9226050000010700737360080050000001.00000          
9226050000010700760120050042000000.01800          
9252000010010700277040800042000000.00900          
9252000010010700277060500042000000.01700          
9252000010010700514090000042000000.01500          
9252000010010700514100030042000000.70000          
9252000010010700514100090042000000.04000          
9252000010010700514100100042000000.02000          
9252000010010700517990000042000000.05000          
9252000010010700518540150042000006.80000          
9252000010010700521540000042000000.50000          
9252000010010700521620240035000000.30000          
9252000010010700521620290035000000.05000          
9252000010010700523800000042000000.05000          
9252000010010700524060000042000000.00500          
9252000010010700524100010042000000.00300          
9252000010010700528020000042000000.30000          
9252000010010700538050000042000000.01420          
9252000010010700539281110042000000.10000          
9252000010010700544002000042000000.07500          
9252000010010700546011000042000013.20000          
9252000010010700548040000042000000.50000          
9252000010010700548070000042000000.03000          
9252000010010700548700010042000000.06000          
9252000010010700557050220023000001.62000          
9252000010010700564280020042000000.00071          
9252000010010700570110000042000000.30000          
9252000010010700572050010042000238.00000          
9252000010010700573170170042000000.50000          
9252000010010700573730000042000015.00000          
9252000010010700575060000042000000.03000          
9252000010010700575160010042000000.16000          
9252000010010700580600020042000000.00100          
9252000010010700700090010015000012.40000          
9252000010010700700510010015000000.02000          
9252000010010700709520000042000001.99000          
9252000010010700712010010022000009.50000          
9252000010010700719340240050000031.00000          
9252000010010700719710100015000000.40000          
9252000010010700719770040042000000.41000          
9252000010010700721040840042000000.60000          
9252000010010700723010030042000004.00000          
9252000010010700726480020042000000.10800          
9252000010010700737360080050000002.00000          
9252000010010700737360500050000001.00000          
9252000010010700737360750050000001.00000          
9252000010010700760100010042000000.30000          
9252000010010700760120050042000000.30000          
9252000010010801572050010042000003.00000          
9252000010010801573730000042000072.00000          
9252000010010801700090010015000003.25000          
9252000010010802572050010042000003.00000          
9252000010010802573730000042000090.00000          
9252000010010802700090010015000003.25000          
9252000010010900277060500042000000.00100          
9252000010010900572050010042000000.50000          
9252000010010900573730000042000002.00000          
9252000010010900575160010042000000.00100          
9252000010010900709520000042000000.00100          
9252000010010900719340240050000003.00000          
9252000010110700277040800042000000.00900          
9252000010110700277060500042000000.01700          
9252000010110700514090000042000000.01500          
9252000010110700514100030042000000.70000          
9252000010110700514100090042000000.04000          
9252000010110700514100100042000000.02000          
9252000010110700517990000042000000.05000          
9252000010110700518540150042000006.80000          
9252000010110700521540000042000000.50000          
9252000010110700521620240035000000.30000          
9252000010110700521620290035000000.05000          
9252000010110700523800000042000000.05000          
9252000010110700524060000042000000.00500          
9252000010110700524100010042000000.00300          
9252000010110700528020000042000000.30000          
9252000010110700538050000042000000.01420          
9252000010110700539281110042000000.10000          
9252000010110700544002000042000000.07500          
9252000010110700546011000042000013.20000          
9252000010110700548040000042000000.50000          
9252000010110700548070000042000000.03000          
9252000010110700548700010042000000.06000          
9252000010110700557050220023000001.62000          
9252000010110700564280020042000000.00071          
9252000010110700570110000042000000.30000          
9252000010110700572050010042000238.00000          
9252000010110700573170170042000000.50000          
9252000010110700573730000042000015.00000          
9252000010110700575060000042000000.03000          
9252000010110700575160010042000000.16000          
9252000010110700580600020042000000.00100          
9252000010110700700090010015000012.40000          
9252000010110700700510010015000000.02000          
9252000010110700709520000042000002.00000          
9252000010110700712010010022000009.50000          
9252000010110700719340240050000031.00000          
9252000010110700719710100015000000.40000          
9252000010110700719770040042000000.41000          
9252000010110700721040840042000000.60000          
9252000010110700723010030042000004.00000          
9252000010110700726480020042000000.10800          
9252000010110700737360080050000002.00000          
9252000010110700737360500050000001.00000          
9252000010110700737360750050000001.00000          
9252000010110700760100010042000000.30000          
9252000010110700760120050042000000.30000          
9252000010110801572050010042000003.00000          
9252000010110801573730000042000072.00000          
9252000010110801700090010015000003.25000          
9252000010110802572050010042000003.00000          
9252000010110802573730000042000090.00000          
9252000010110802700090010015000003.25000          
9252000010110900277060500042000000.00100          
9252000010110900572050010042000000.50000          
9252000010110900573730000042000002.00000          
9252000010110900575160010042000000.00100          
9252000010110900709520000042000000.00100          
9252000010110900719340240050000003.00000          
9252000680010800700040490015000015.00000          
9252000680010800700090010015000010.00000          
9252000680010800730080110052000000.40000          
9301001250010700277060800042000000.00240          
9301001250010700511410000042000000.08000          
9301001250010700548040000042000003.80000          
9301001250012000700090010015000001.62500          
9301001360010700511410000042000000.08000          
9301001360010700539300020042000001.51100          
9301001360010700548040000042000011.60000          
9301001360010700557050230023000007.08000          
9301001360012000278020800042000000.00360          
9301001470010700511410000042000000.08000          
9301001470010700548040000042000022.00000          
9301001470012000700090010015000009.25000          
9301001690010700511410000042000000.08000          
9301001690010700548070000042000000.15000          
9301001690010700557050230023000010.86000          
9301001690012000278020800042000000.00360          
9301001690012000548040000042000011.60000          
9301002240010700511410000042000000.08000          
9301002240010700548040000042000000.80000          
9301002240012000700090010015000000.37500          
9301002350010700511410000042000000.08000          
9301002350010700539300020042000000.02000          
9301002350010700548040000042000003.80000          
9301002350010700557050230023000002.50000          
9301002350012000700090010015000001.62500          
9301002460010700511410000042000000.08000          
9301002460010700539300020042000000.02000          
9301002460010700548040000042000005.04000          
9301002460010700548070000042000000.18000          
9301002460010700557050230023000000.26000          
9301002460012000700090010015000002.21500          
9301002570010700511410000042000000.08000          
9301002570010700548040000042000003.80000          
9301002570012000700090010015000001.62500          
9301002790010700511410000042000000.08000          
9301002790010700539300020042000000.02000          
9301002790010700548040000042000002.40000          
9301002790010700548070000042000000.18000          
9301002790010700557050230023000001.80000          
9301002790012000700090010015000001.00000          
9301002800010700511410000042000000.08000          
9301002800012000278020800042000000.00100          
9301002900010700277060800042000000.00250          
9301002900010700511410000042000000.08000          
9301002900010700539300020042000000.56000          
9301002900010700548040000042000003.40000          
9301002900010700548070000042000000.18000          
9301002900010700557050230023000003.68000          
9301003120010700511410000042000000.08000          
9301003120010700557050230023000005.78000          
9301003120012000548040000042000011.60000          
9301003120012000700090010015000005.00000          
9301003230010700511410000042000000.08000          
9301003230010700548040000042000022.00000          
9301003230012000700090010015000009.25000          
9301003340010700511410000042000000.08000          
9301003340010700548040000042000000.80000          
9301003340012000700090010015000000.37500          
9301003450010700511410000042000000.08000          
9301003450010700548040000042000002.50000          
9301003450010700557050230023000002.78000          
9301003560010700836501140042000000.02650          
9301003670010700277060800042000000.00390          
9301003670010700511410000042000000.08000          
9301003670010700548040000042000000.80000          
9301003780010700277060800042000000.00390          
9301003780010700511410000042000000.08000          
9301003780010700548040000042000000.80000          
9301004000010700277060800042000000.00240          
9301004000010700511410000042000000.08000          
9301004000010700548040000042000007.20000          
9301004000012000700090010015000003.00000          
9301004110010700539300020042000000.01200          
9301004110010700548040000042000007.20000          
9301004110010700548070000042000000.18000          
9301004110010700557050230023000005.98000          
9301004110012000700090010015000003.00000          
9301005980010700511410000042000000.00800          
9301005980010700539300020042000000.01200          
9301005980010700548040000042000000.54000          
9301005980010700557050230023000000.32800          
9301005980012000700090010015000000.25000          
9301006200010700277060800042000000.00024          
9301006200010700511410000042000000.00800          
9301006200010700539300020042000000.01200          
9301006200010700539310200042000000.01200          
9301006200010700539340200042000000.02000          
9301006200010700548040000042000000.54000          
9301006200010700557050230023000000.32800          
9301006200012000700090010015000000.25000          
9301006665512000700090010015000000.32000          
9301006885512000700090010015000000.32000          
9301007850010700511410000042000000.03000          
9301010380012000278020800042000000.00400          
9301010380012000517020060042000000.02000          
9301010380012000539011000042000000.01500          
9301010380012000539660000042000000.00067          
9301010380012000548040000042000003.00000          
9301010380012000548070000042000000.03000          
9301010380012000572050010042000000.03000          
9301010380012000700090010015000000.40000          
9301010380012000760250000042000000.00500          
9301010830010700548040000042000003.04000          
9301010830010700548070000042000000.03000          
9301010830012000278020800042000000.00400          
9301010830012000539011000042000000.01000          
9301010830012000539660000042000000.00067          
9301010830012000572050010042000000.06000          
9301010830012000760250000042000000.01000          
9301101020010700548040000042000004.42000          
9301101020010700548070000042000000.03000          
9303001270010700548040000042000003.20000          
9303001380010700548040000042000000.60000          
9303001490010700548040000042000000.30000          
9303003930010700719340240050000002.00000          
9303003930012000539011000042000000.02000          
9303003930012000539660000042000000.00200          
9303003930012000572050010042000000.90000          
9303003930012000700090010015000003.90000          
9303003930012000760250000042000000.18000          
9303100160010700548040000042000005.40000          
9303100270010700548040000042000005.40000          
9303100380010700548040000042000005.40000          
9303100490010700548040000042000003.20000          
9303100500010700548040000042000002.25000          
9303100500010700718350010015000001.00000          
9303100600010700548040000042000005.40000          
9303100710010700511410000042000000.08000          
9303100710012000278020800042000000.00250          
9303100820012000539660000042000000.00200          
9303100820012000572050010042000000.04500          
9303100820012000700090010015000000.19000          
9303100820012000760250000042000000.01000          
9303100930010700277060800042000000.00250          
9303100930010700548040000042000005.10000          
9303101150010700548040000042000003.06000          
9303101150010700647000010042000000.02000          
9303101150012000700090010015000001.25000          
9303101810010700548040000042000000.80000          
9303101810012000700090010015000000.37500          
9303101920010700548040000042000000.40000          
9303101920012000700090010015000000.12500          
9303102140012000548040000042000000.67500          
9303102140012000700090010015000000.25000          
9303102250010700548040000042000000.50000          
9303102250012000700090010015000000.25000          
9303102360010700277060800042000000.00240          
9303102700010700277060800042000000.00300          
9303103240010700277060800042000000.00250          
9303103460010700277060800042000000.00250          
9303201910010700277060800042000000.00300          
9304001400010700277060800042000000.00390          
9304100390010700277060800042000000.00250          
9304100390010700511410000042000000.02500          
9304100390010700728120150042000000.45000          
9304100500010700277060800042000000.00250          
9304100500010700511410000042000000.03000          
9304100610010700511410000042000000.08000          
9304100610012000278020800042000000.00250          
9304100830010700277060800042000000.00400          
9304100830010700511410000042000000.06000          
9304100940010700277060800042000000.00400          
9304100940010700511410000042000000.06000          
9304101160010700277060800042000000.00400          
9304101160010700511410000042000000.06000          
9304101270010700277060800042000000.00400          
9304101270010700511410000042000000.06000          
9306100100012000539011000042000000.00500          
9306100100012000539660000042000000.00200          
9306100100012000572050010042000000.02500          
9306100100012000700090010015000000.26000          
9306100100012000760250000042000000.01000          
9306101290010700511410000042000000.01500          
9306101300010700511410000042000000.01500          
9306101400010700511410000042000000.01500          
9306101510010700511410000042000000.01500          
9306101620010700511410000042000000.01500          
9306101730010700511410000042000000.01500          
9306101840010700277060800042000000.00250          
9306101840010700511410000042000000.01500          
9306101950010700277060800042000000.00250          
9306101950010700511410000042000000.01500          
9306102170010700277060800042000000.00250          
9306102170010700511410000042000000.01500          
9306102280010700277060800042000000.00250          
9306102280010700511410000042000000.01500          
9306102390010700277060800042000000.00250          
9306102390010700511410000042000000.01500          
9311101230010700548040000042000000.60000          
9311101230012000700090010015000000.25000          
9311101450010700520030000042000000.00200          
9311101450010700728120070042000000.09000          
9311201290010700548040000042000004.50000          
9318900000012000517020060042000000.08500          
9318900000012000518510040042000000.02200          
9318900000012000539011000042000000.00500          
9318900000012000539660000042000000.00160          
9318900000012000548040000042000008.10000          
9318900000012000548070000042000000.03000          
9318900000012000572050010042000000.08000          
9318900000012000700090010015000000.51000          
9318900000012000760250000042000000.09000          
9319000000012000517020060042000000.08500          
9319000000012000518510040042000000.02200          
9319000000012000539011000042000000.00500          
9319000000012000539660000042000000.00160          
9319000000012000548040000042000008.10000          
9319000000012000548070000042000000.03000          
9319000000012000572050010042000000.08000          
9319000000012000700090010015000000.51000          
9319000000012000760250000042000000.09000          
9319108790010700539340200042000000.08000          
9319108790010700557050230023000005.20000          
9319108800010700539340200042000000.02000          
9319108800010700557050230023000004.40000          
9319109120010700539340200042000000.04000          
9319109120010700556000150023000001.43000          
9338508000010700517020060042000000.08000          
9338508000010700518540150042000000.02000          
9338508000010700556000150023000010.00000          
9415000140010700277040800042000000.00030          
9542170000010700514090000042000000.02000          
9542170000010700514100010042000000.03000          
9542170000010700514100030042000000.40000          
9542170000010700514100090042000000.00300          
9542170000010700517980000042000000.02400          
9542170000010700518540150042000000.40000          
9542170000010700528020000042000000.15000          
9542170000010700548700010042000000.01600          
9542170000010700572050010042000001.00000          
9542170000010700700090010015000000.90000          
9542170000010700760100010042000000.10000          
9542170000010700760120050042000000.08000          
9542170000010901572050010042000000.25000          
9542170000010901573270000042000001.60000          
9542170000010901700060010015000000.15000          
9542170000010901709520000042000000.23300          
9542170000010901719340240050000001.00000          
9542170000010901730080110052000000.01000          
9542170000010902277041000042000000.02000          
9542170000010902277060500042000000.00200          
9542170000010902572050010042000000.25000          
9542170000010902573270000042000003.20000          
9542170000010902700060010015000000.15000          
9542170000010902709520000042000000.23300          
9542170000010902719340240050000002.00000          
9542170000010902730080110052000000.01000          
9542170000012000514090000042000000.03000          
9542170000012000517990000042000000.02000          
9542170000012000518540150042000000.31000          
9542170000012000521540000042000000.15000          
9542170000012000524060000042000000.00050          
9542170000012000524100010042000000.00050          
9542170000012000528020000042000000.01000          
9542170000012000546011000042000002.00000          
9542170000012000548040000042000000.10000          
9542170000012000548070000042000000.03000          
9542170000012000572050010042000006.50000          
9542170000012000573030000042000000.20000          
9542170000012000573170170042000000.04000          
9542170000012000573270000042000000.20500          
9542170000012000573340000042000000.20000          
9542170000012000573650000042000000.05000          
9542170000012000575130000042000000.00500          
9542170000012000700090010015000001.26000          
9542170000012000700510010015000000.00500          
9542170000012000709520000042000000.20000          
9542170000012000712010010022000002.40000          
9542170000012000719770040042000000.10000          
9542170000012000723010030042000000.70000          
9542170000012000737360080050000001.00000          
9542190000012000573170170042000000.20000          
9542190000012000575030000042000000.50000          
9542190000012000719770040042000000.05000          
9542190000012000723010030042000002.00000          
9542710000012000513380120042000000.08000          
9542710000012000539011000042000000.00500          
9542710000012000539660000042000000.00200          
9542710000012000548040000042000005.10000          
9542710000012000548070000042000000.03000          
9542710000012000572050010042000000.04500          
9542710000012000700090010015000000.19000          
9542710000012000760250000042000000.01000          
9560000400010800570110000042003200.00000          
9560000400010800572050010042000020.00000          
9560000400010800573010000042000001.00000          
9560000400010800573540000042000064.00000          
9560000400010800700090010015000006.00000          
9560000400010800729322500015000027.00000          
9560000400010800730080150023000015.00000          
9662580500010700548070000042000000.03000          
9662580500012000539011000042000000.00500          
9662580500012000539660000042000000.00100          
9662580500012000548040000042000000.50000          
9662580500012000572050010042000000.33000          
9662580500012000700090010015000000.50000          
9662580500012000723010030042000000.50000          
9662580500012000760250000042000000.06000          
9662580800010700548070000042000000.03000          
9662580800012000517020060042000000.02000          
9662580800012000539011000042000000.00500          
9662580800012000539660000042000000.00100          
9662580800012000548040000042000000.50000          
9662580800012000572050010042000000.33000          
9662580800012000573170170042000000.01000          
9662580800012000700090010015000000.50000          
9662580800012000719770040042000000.17500          
9662580800012000721040840042000000.05000          
9662580800012000723010030042000000.50000          
9662580800012000760250000042000000.06000          
9780671000012000517020060042000000.02000          
9780671000012000539660000042000000.00100          
9780671000012000548040000042000000.90000          
9780671000012000572050010042000000.10000          
9780671000012000573170170042000000.05000          
9780671000012000700090010015000000.50000          
9780671000012000719770040042000000.04500          
9780671000012000721040840042000000.03000          
9780671000012000723010030042000000.35000          
9780671000012000760250000042000000.02000          
9787000010010900546001000033000006.00000          
9787000010010900570110000042100000.00000          
9787000010010900572050010042000050.00000          
9787000010010900573650000042000005.70000          
9787000010010900573730000042000105.00000          
9787000010010900709520000042000010.00000          
9787000010010900719340240050000020.00000          
9787000010010900730080090052000000.20000          
9787000010010900730080110052000001.80000          
9815008000012000513380120042000000.07000          
9815008000012000539011000042000000.00500          
9815008000012000539660000042000000.00200          
9815008000012000548040000042000001.80000          
9815008000012000548070000042000000.03000          
9815008000012000572050010042000000.02500          
9815008000012000700090010015000000.26000          
9815008000012000760250000042000000.01000          
9815008007712000513380120042000000.07000          
9815008007712000539011000042000000.00500          
9815008007712000539660000042000000.00200          
9815008007712000548040000042000001.80000          
9815008007712000548070000042000000.03000          
9815008007712000572050010042000000.01500          
9815008007712000700090010015000000.26000          
9815008007712000719770040042000000.08000          
9815008007712000760250000042000000.01000          
9816000020010700514090000042000000.00400          
9816000020010700514100030042000000.40000          
9816000020010700514100090042000000.13000          
9816000020010700517980000042000000.15000          
9816000020010700517990000042000000.00500          
9816000020010700518540150042000000.40700          
9816000020010700524060000042000000.00100          
9816000020010700528020000042000000.20000          
9816000020010700539281020042000000.00200          
9816000020010700544002000042000000.02500          
9816000020010700546011000042000009.60000          
9816000020010700546791000042000000.00100          
9816000020010700557050220023000000.01000          
9816000020010700570110000042000000.15000          
9816000020010700572050010042000005.50000          
9816000020010700573030000042000000.10000          
9816000020010700573170170042000000.04000          
9816000020010700573270000042000000.35000          
9816000020010700573340000042000000.05000          
9816000020010700575130000042000000.05000          
9816000020010700575160010042000000.05000          
9816000020010700580600020042000000.00100          
9816000020010700610450000042000000.01000          
9816000020010700700090010015000002.00000          
9816000020010700700510010015000000.02000          
9816000020010700719340240050000004.00000          
9816000020010700719770040042000000.10000          
9816000020010700723010030042000000.60000          
9816000020010700737360080050000001.00000          
9816000020010901572050010042000000.25000          
9816000020010901573270000042000000.16000          
9816000020010901700060010015000000.15000          
9816000020010901709520000042000000.10000          
9816000020010901719340240050000001.00000          
9816000020010901730080110052000000.01000          
9816000020010902572050010042000000.25000          
9816000020010902573270000042000000.16000          
9816000020010902709520000042000000.10000          
9816000020010902719340240050000001.00000          
9816000020010902730080110052000000.01000          
9816000020110700328020000042000000.06200          
9816000020110700513150330042000000.10000          
9816000020110700514090000042000000.00400          
9816000020110700514100090042000000.03000          
9816000020110700514100130042000000.40000          
9816000020110700517980000042000000.15000          
9816000020110700517990000042000000.00500          
9816000020110700518540150042000000.59700          
9816000020110700521620240035000001.53000          
9816000020110700524060000042000000.00100          
9816000020110700528020000042000000.01400          
9816000020110700528040000042000000.17100          
9816000020110700539281020042000000.00570          
9816000020110700544002000042000000.02500          
9816000020110700546011000042000009.60000          
9816000020110700546791000042000000.00100          
9816000020110700557050220023000000.02500          
9816000020110700570110000042000000.15000          
9816000020110700572050010042000006.50100          
9816000020110700573030000042000000.10000          
9816000020110700573170170042000000.04000          
9816000020110700573270000042000000.35000          
9816000020110700575130000042000000.05000          
9816000020110700575160010042000000.05000          
9816000020110700580600020042000000.00100          
9816000020110700610450000042000000.01000          
9816000020110700700090010015000002.00000          
9816000020110700700510010015000000.02000          
9816000020110700712010010022000000.80000          
9816000020110700719340240050000004.00000          
9816000020110700719770040042000000.10000          
9816000020110700723010030042000000.60000          
9816000020110700737360080050000001.00000          
9816000020110901572050010042000000.25000          
9816000020110901573270000042000000.16000          
9816000020110901709520000042000000.10000          
9816000020110901719340240050000001.00000          
9816000020110901730080110052000000.01000          
9816000020110902572050010042000000.25000          
9816000020110902573270000042000000.16000          
9816000020110902709520000042000000.10000          
9816000020110902719340240050000001.00000          
9816000020110902730080110052000000.01000          
9816008000010700513380120042000000.01000          
9816008000010700539660000042000000.00500          
9816008000010700548040000042000011.10000          
9816008000010700548070000042000000.03000          
9816008000010700719340240050000001.00000          
9816008000012000539011000042000000.00500          
9816008000012000539660000042000000.00100          
9816008000012000572050010042000000.08000          
9816008000012000700090010015000000.32000          
9816008000012000760250000042000000.03000          
9816008007710700513380120042000000.01000          
9816008007710700539660000042000000.00500          
9816008007710700548040000042000011.10000          
9816008007710700548070000042000000.03000          
9816008007710700719340240050000001.00000          
9816008007712000539011000042000000.00500          
9816008007712000539660000042000000.00100          
9816008007712000572050010042000000.08000          
9816008007712000700090010015000000.32000          
9816008007712000760250000042000000.03000          
9819000160012000328020000042000000.01220          
9819000160012000513380120042000000.00250          
9819000160012000514090000042000000.16200          
9819000160012000514100090042000000.00050          
9819000160012000514100130042000000.08500          
9819000160012000517980000042000000.05000          
9819000160012000517990000042000000.02000          
9819000160012000518510040042000000.41400          
9819000160012000521540000042000000.03000          
9819000160012000523800000042000000.01500          
9819000160012000528020000042000000.05420          
9819000160012000528040000042000000.03640          
9819000160012000530120140042000000.00500          
9819000160012000539281020042000000.00570          
9819000160012000548070000042000000.03000          
9819000160012000557050220023000000.02500          
9819000160012000558100020042000000.00090          
9819000160012000572010000042000000.00700          
9819000160012000572050010042000006.20000          
9819000160012000573010000042000000.29200          
9819000160012000573030000042000000.20000          
9819000160012000573170170042000000.35000          
9819000160012000575030000042000001.30000          
9819000160012000575160010042000000.02400          
9819000160012000580600010042000000.02000          
9819000160012000611010000042000000.00500          
9819000160012000700090010015000002.50000          
9819000160012000700510010015000000.01500          
9819000160012000712010010022000000.90000          
9819000160012000718490000042000000.01000          
9819000160012000719770040042000000.10000          
9819000160012000721040840042000000.30000          
9819000160012000723010030042000002.94000          
9819000160012000737360080050000001.00000          
9819000160012000760190010042000000.03500          
9819000160012000760240000042000000.03000          
9819000160112000328020000042000000.01220          
9819000160112000513380120042000000.00250          
9819000160112000514090000042000000.16200          
9819000160112000514100090042000000.00050          
9819000160112000514100130042000000.08500          
9819000160112000517980000042000000.05000          
9819000160112000517990000042000000.02000          
9819000160112000518510040042000025.26400          
9819000160112000521540000042000000.03000          
9819000160112000521620290035000005.00000          
9819000160112000523800000042000000.01500          
9819000160112000528020000042000000.05420          
9819000160112000528040000042000000.03640          
9819000160112000530120140042000000.00500          
9819000160112000539281020042000000.00570          
9819000160112000557050220023000000.02500          
9819000160112000558100020042000000.00090          
9819000160112000572010000042000000.00700          
9819000160112000572050010042000030.00000          
9819000160112000573010000042000000.29200          
9819000160112000573030000042000000.20000          
9819000160112000573170170042000000.35000          
9819000160112000575030000042000001.30000          
9819000160112000575160010042000000.02400          
9819000160112000580600010042000000.02000          
9819000160112000611010000042000000.00500          
9819000160112000700090010015000002.50000          
9819000160112000700510010015000000.01500          
9819000160112000712010010022000000.90000          
9819000160112000718490000042000000.01000          
9819000160112000719770010042000000.10000          
9819000160112000721040840042000000.30000          
9819000160112000723010030042000002.94000          
9819000160112000737360080050000001.00000          
9819000160112000760190010042000000.08000          
9819000160112000760240000042000000.03000          
9819008000012000278020800042000000.01400          
9819008000012000517020060042000000.08500          
9819008000012000518510040042000000.02200          
9819008000012000539011000042000000.00500          
9819008000012000539660000042000000.00160          
9819008000012000548040000042000008.10000          
9819008000012000548070000042000000.03000          
9819008000012000572050010042000000.08000          
9819008000012000700090010015000000.51000          
9819008000012000760250000042000000.09000          
9819008007712000278020800042000000.01400          
9819008007712000517020060042000000.08500          
9819008007712000518510040042000000.02200          
9819008007712000539011000042000000.00500          
9819008007712000539660000042000000.00160          
9819008007712000548040000042000008.10000          
9819008007712000548070000042000000.03000          
9819008007712000572050010042000000.05000          
9819008007712000700090010015000000.51000          
9819008007712000760250000042000000.09000          
9826000010010700514090000042000000.00700          
9826000010010700514100030042000000.40000          
9826000010010700514100090042000000.03000          
9826000010010700517980000042000000.15000          
9826000010010700517990000042000000.00500          
9826000010010700518540150042000000.45700          
9826000010010700524060000042000000.00100          
9826000010010700528020000042000000.20000          
9826000010010700539281020042000000.00200          
9826000010010700544002000042000000.02500          
9826000010010700546011000042000009.60000          
9826000010010700546791000042000000.00100          
9826000010010700570110000042000000.15000          
9826000010010700572050010042000005.50000          
9826000010010700573030000042000000.10000          
9826000010010700573170170042000000.04000          
9826000010010700573270000042000000.06000          
9826000010010700573340000042000000.05000          
9826000010010700575060000042000000.00700          
9826000010010700575130000042000000.05000          
9826000010010700575160010042000000.07000          
9826000010010700610450000042000000.01000          
9826000010010700700090010015000002.00000          
9826000010010700700510010015000000.02000          
9826000010010700719340240050000004.00000          
9826000010010700719770040042000000.10000          
9826000010010700723010030042000000.60000          
9826000010010700737360080050000001.00000          
9826000010010901572050010042000000.25000          
9826000010010901573270000042000000.18000          
9826000010010901709520000042000000.10000          
9826000010010901719340240050000001.00000          
9826000010010901730080110052000000.01000          
9826000010010902572050010042000000.25000          
9826000010010902573270000042000000.18000          
9826000010010902709520000042000000.10000          
9826000010010902719340240050000001.00000          
9826000010010902730080110052000000.01000          
9860000090012000513380120042000000.00250          
9860000090012000514090000042000000.16200          
9860000090012000514100030042000000.08500          
9860000090012000514100090042000000.00050          
9860000090012000517990000042000000.02000          
9860000090012000518510040042000000.41400          
9860000090012000521540000042000000.03000          
9860000090012000523800000042000000.01500          
9860000090012000528020000042000000.08000          
9860000090012000530120140042000000.00500          
9860000090012000539281020042000000.00570          
9860000090012000546011000042000000.00400          
9860000090012000557050220023000000.02500          
9860000090012000558100020042000000.00090          
9860000090012000572010000042000000.00700          
9860000090012000572050010042000006.20000          
9860000090012000573010000042000000.29200          
9860000090012000573030000042000000.20000          
9860000090012000573170170042000000.35000          
9860000090012000575030000042000001.30000          
9860000090012000575140010042000000.10000          
9860000090012000575160010042000000.02400          
9860000090012000580600010042000000.02000          
9860000090012000611010000042000000.00500          
9860000090012000700090010015000002.50000          
9860000090012000700510010015000000.01500          
9860000090012000712010010022000000.90000          
9860000090012000718490000042000000.01000          
9860000090012000719770040042000000.10000          
9860000090012000721040840042000000.30000          
9860000090012000723010030042000002.94000          
9860000090012000737360080050000001.00000          
9860000090012000760190010042000000.03500          
9860000090012000760240000042000000.03000          
9860018000012000278020800042000000.01400          
9860018000012000517020060042000000.08500          
9860018000012000518510040042000000.02200          
9860018000012000539011000042000000.00500          
9860018000012000539660000042000000.00160          
9860018000012000548040000042000008.10000          
9860018000012000548070000042000000.03000          
9860018000012000572050010042000000.08000          
9860018000012000700090010015000000.51000          
9860018000012000760250000042000000.09000          
9915000020010700277060500042000000.00050          
9915000020010700514090000042000000.01000          
9915000020010700514100030042000000.70000          
9915000020010700514100090042000000.01000          
9915000020010700518540150042000001.24000          
9915000020010700521540000042000000.10000          
9915000020010700524060000042000000.00400          
9915000020010700524100010042000000.00400          
9915000020010700528020000042000000.24060          
9915000020010700539281010042000000.01000          
9915000020010700544002000042000000.01000          
9915000020010700546011000042000002.40000          
9915000020010700548040000042000000.10000          
9915000020010700548070000042000000.01500          
9915000020010700548700010042000000.01200          
9915000020010700556000150023000000.10000          
9915000020010700570110000042000000.00500          
9915000020010700572050010042000020.30000          
9915000020010700573030000042000000.05000          
9915000020010700573170170042000000.04300          
9915000020010700573730000042000004.30000          
9915000020010700575130000042000000.05000          
9915000020010700575160010042000000.08000          
9915000020010700580600020042000000.00100          
9915000020010700700090010015000000.90000          
9915000020010700700510010015000000.01000          
9915000020010700709520000042000000.40000          
9915000020010700712010010022000000.80000          
9915000020010700719340240050000003.00000          
9915000020010700719770040042000000.21000          
9915000020010700723010030042000001.20000          
9915000020010700737360080050000001.00000          
9915000020010700737360280050000001.00000          
9915000020010700760100010042000000.07000          
9915000020010700760120050042000000.06000          
9915000020010801572050010042000001.00000          
9915000020010801573730000042000002.75000          
9915000020010801700090010015000001.30000          
9915000020010801734060050054000000.25000          
9915000020010802572050010042000001.00000          
9915000020010802573730000042000002.75000          
9915000020010802700090010015000001.30000          
9915000020010802734060050054000000.25000          
9915010000010700513380120042000000.01000          
9915010000010700539660000042000000.00500          
9915010000010700548040000042000009.00000          
9915010000010700548070000042000000.03000          
9915010000010700719340240050000001.00000          
9915010000012000539011000042000000.00500          
9915010000012000539660000042000000.00170          
9915010000012000572050010042000000.08000          
9915010000012000700090010015000000.32000          
9915010000012000760250000042000000.01000          
9915010007710700513380120042000000.01000          
9915010007710700539660000042000000.00500          
9915010007710700548040000042000009.00000          
9915010007710700548070000042000000.03000          
9915010007710700719340240050000001.00000          
9915010007712000539011000042000000.00500          
9915010007712000539660000042000000.00170          
9915010007712000572050010042000000.08000          
9915010007712000700090010015000000.32000          
9915010007712000760250000042000000.01000          
9915710180010700277060500042000000.00050          
9915710180010700514090000042000000.01000          
9915710180010700514100030042000000.50000          
9915710180010700514100090042000000.01000          
9915710180010700517990000042000000.00300          
9915710180010700518540150042000002.49000          
9915710180010700521540000042000000.10000          
9915710180010700521620240035000000.10000          
9915710180010700523800000042000001.50000          
9915710180010700524060000042000000.00400          
9915710180010700524100010042000000.00400          
9915710180010700528020000042000000.17500          
9915710180010700539281010042000000.01000          
9915710180010700544002000042000000.01000          
9915710180010700546011000042000002.40000          
9915710180010700548040000042000000.10000          
9915710180010700548070000042000000.01500          
9915710180010700548700010042000000.01200          
9915710180010700556000150023000000.10000          
9915710180010700570110000042000000.00500          
9915710180010700572050010042000042.65000          
9915710180010700573030000042000000.08000          
9915710180010700573170170042000000.04300          
9915710180010700573730000042000004.30000          
9915710180010700575130000042000000.05000          
9915710180010700575160010042000000.08000          
9915710180010700580600020042000000.00100          
9915710180010700700090010015000001.80000          
9915710180010700700510010015000000.01000          
9915710180010700709520000042000000.50000          
9915710180010700712010010022000002.10000          
9915710180010700719340240050000004.00000          
9915710180010700719770040042000000.21000          
9915710180010700723010030042000003.00000          
9915710180010700737360080050000001.00000          
9915710180010700737360280050000001.00000          
9915710180010700760100010042000000.07000          
9915710180010700760120050042000000.06000          
9915710180010801572050010042000001.00000          
9915710180010801573730000042000002.75000          
9915710180010801700090010015000001.30000          
9915710180010801734060050054000000.25000          
9915710180010802572050010042000001.00000          
9915710180010802573730000042000002.75000          
9915710180010802700090010015000001.30000          
9915710180010802734060050054000000.25000          
9917000040010700277060500042000000.00100          
9917000040010700514090000042000000.31000          
9917000040010700514100030042000001.00000          
9917000040010700514100090042000000.02500          
9917000040010700518540150042000001.43500          
9917000040010700521540000042000000.30000          
9917000040010700524060000042000000.00400          
9917000040010700524100010042000000.00400          
9917000040010700528020000042000000.45000          
9917000040010700539281010042000000.02500          
9917000040010700544002000042000000.02200          
9917000040010700546011000042000007.20000          
9917000040010700548040000042000000.10000          
9917000040010700548070000042000000.03000          
9917000040010700548700010042000000.03000          
9917000040010700556000150023000000.24000          
9917000040010700570110000042000000.01000          
9917000040010700572050010042000026.20000          
9917000040010700573030000042000000.10000          
9917000040010700573170170042000000.10200          
9917000040010700573730000042000010.80000          
9917000040010700575130000042000000.05000          
9917000040010700575160010042000000.10000          
9917000040010700580600020042000000.00100          
9917000040010700700090010015000002.65000          
9917000040010700700510010015000000.02400          
9917000040010700709520000042000000.60000          
9917000040010700712010010022000002.00000          
9917000040010700719340240050000007.00000          
9917000040010700719770040042000000.41000          
9917000040010700723010030042000003.00000          
9917000040010700737360080050000001.00000          
9917000040010700737360280050000001.00000          
9917000040010700760100010042000000.06000          
9917000040010700760120050042000000.15000          
9917000040010801572050010042000002.60000          
9917000040010801573730000042000005.50000          
9917000040010801700090010015000003.18000          
9917000040010801734060050054000000.25000          
9917000040010802572050010042000002.60000          
9917000040010802573730000042000005.50000          
9917000040010802700090010015000003.18000          
9917000040010802734060050054000000.25000          
9917010000010700513380120042000000.01000          
9917010000010700539660000042000000.00500          
9917010000010700548040000042000014.40000          
9917010000010700548070000042000000.03000          
9917010000010700719340240050000001.00000          
9917010000012000539011000042000000.00500          
9917010000012000539660000042000000.00170          
9917010000012000572050010042000000.10000          
9917010000012000700090010015000000.32000          
9917010000012000760250000042000000.01500          
9917010007710700513380120042000000.01000          
9917010007710700539660000042000000.00500          
9917010007710700548040000042000014.40000          
9917010007710700548070000042000000.03000          
9917010007710700719340240050000001.00000          
9917010007712000539011000042000000.00500          
9917010007712000539660000042000000.00170          
9917010007712000572050010042000000.10000          
9917010007712000700090010015000000.32000          
9917010007712000760250000042000000.01500          
9917710100010700277060500042000000.00100          
9917710100010700514090000042000000.02700          
9917710100010700514100030042000000.80000          
9917710100010700514100090042000000.02500          
9917710100010700517990000042000000.00300          
9917710100010700518540150042000003.74500          
9917710100010700521540000042000000.30000          
9917710100010700521620240035000000.13000          
9917710100010700523800000042000002.50000          
9917710100010700524060000042000000.00100          
9917710100010700524100010042000000.00400          
9917710100010700528020000042000000.28700          
9917710100010700539281010042000000.02500          
9917710100010700544002000042000000.02200          
9917710100010700546011000042000007.20000          
9917710100010700548040000042000000.60000          
9917710100010700548070000042000000.03000          
9917710100010700548700010042000000.03000          
9917710100010700556000150023000000.24000          
9917710100010700570110000042000000.01000          
9917710100010700572050010042000053.50000          
9917710100010700573030000042000000.11300          
9917710100010700573170170042000000.10200          
9917710100010700573730000042000010.80000          
9917710100010700575130000042000000.05000          
9917710100010700575160010042000000.10000          
9917710100010700580600020042000000.00100          
9917710100010700700090010015000003.40000          
9917710100010700700510010015000000.02400          
9917710100010700709520000042000000.70000          
9917710100010700712010010022000003.00000          
9917710100010700719340240050000008.00000          
9917710100010700719770040042000000.41000          
9917710100010700723010030042000004.50000          
9917710100010700737360080050000001.00000          
9917710100010700737360280050000001.00000          
9917710100010700760100010042000000.06000          
9917710100010700760120050042000000.15000          
9917710100010801572050010042000002.60000          
9917710100010801573730000042000005.50000          
9917710100010801700090010015000003.18000          
9917710100010801734060050054000000.25000          
9917710100010802572050010042000002.60000          
9917710100010802573730000042000005.50000          
9917710100010802700090010015000003.18000          
9917710100010802734060050054000000.25000          
9976500000010800572050010042000005.00000          
9976500000010800700090010015000005.00000          
9976500000110800572050010042000005.00000          
9976500000110800700090010015000005.00000          
9991509000010800572050010042000120.00000          
9991509000010800573650000042000035.00000          
9991509000010800573730000042000040.00000          
9991509000010800700040490015000340.00000          
9991509000010800700090010015000135.00000          
9991509000010800729322500015000200.00000          
9991509000010800737360080050000004.00000          
9991509020010800734060050054000004.00000          
9991509060010800734060050054000012.00000          
9991704000010800572050010042000005.00000          
9991704000010800573030000042000010.00000          
9991704000010800575030000042000001.00000          
9991704000010800700040490015000010.00000          
9991704000010800700090010015000005.00000          
9991704000010800737360080050000004.00000          
